record_id,campaign_date,campaign_id,campaign_name,channel,campaign_type,region,audience_segment,device,impressions,clicks,conversions,spend_usd,revenue_usd
REC-002107,2025-07-07,CAMP-013,Lifecycle Nurture,Email,Customer Nurture,Europe,Students & Young Professionals,Mobile,11967,857,56,129.03,3959.58
REC-003026,2025-09-25,CAMP-016,Video Reach Accelerator,YouTube Ads,Brand Awareness,Asia-Pacific,Small Business Owners,Mobile,42387,386,4,289.71,522.69
REC-001925,2025-06-20,CAMP-003,High Intent Retargeting,Google Ads,Retargeting,MENA,Students & Young Professionals,Mobile,11937,731,33,863.02,2637.3
REC-002125,2025-07-09,CAMP-021,Micro Creator Conversion,Influencer,Influencer Partnership,Asia-Pacific,Small Business Owners,Mobile,11567,296,8,313.25,1238.38
REC-002978,2025-09-21,CAMP-018,Programmatic Market Reach,Display Ads,Brand Awareness,North America,Returning Customers,Mobile,38051,173,2,150.05,162.43
REC-001499,2025-05-10,CAMP-016,Video Reach Accelerator,YouTube Ads,Brand Awareness,Europe,Small Business Owners,Desktop,18478,151,2,177.35,259.52
REC-000751,2025-03-07,CAMP-010,Short Video Discovery,TikTok Ads,Prospecting,Asia-Pacific,Returning Customers,Mobile,15364,269,6,227.92,738.83
REC-002790,2025-09-06,CAMP-020,Creator Partnership Series,Influencer,Influencer Partnership,North America,Small Business Owners,Mobile,31542,725,27,868.95,4046.08
REC-001308,2025-04-24,CAMP-004,Social Scale Prospecting,Meta Ads,Prospecting,Europe,Returning Customers,Mobile,24664,463,19,522.44,2295.6
REC-001026,2025-03-31,CAMP-017,Product Demo Views,YouTube Ads,Product Education,North America,Small Business Owners,Desktop,42081,316,8,245.55,1189.6
REC-005211,2026-04-02,CAMP-018,Programmatic Market Reach,Display Ads,Brand Awareness,Europe,Small Business Owners,Mobile,39699,185,1,103.21,63.74
REC-005257,2026-04-06,CAMP-010,Short Video Discovery,TikTok Ads,Prospecting,Latin America,New Customers,Mobile,38910,878,13,585.13,1235.25
REC-004040,2025-12-19,CAMP-019,Display Retargeting Loop,Display Ads,Retargeting,Europe,Small Business Owners,Desktop,14345,106,5,90.51,911.24
REC-004765,2026-02-19,CAMP-008,Executive Thought Leadership,LinkedIn Ads,Brand Awareness,MENA,Enterprise Decision Makers,Desktop,4930,46,2,289.36,275.03
REC-004798,2026-02-22,CAMP-023,Enterprise Pipeline Builder,LinkedIn Ads,Lead Generation,Europe,Returning Customers,Desktop,2357,26,3,150.81,646.38
REC-005309,2026-04-10,CAMP-010,Short Video Discovery,TikTok Ads,Prospecting,MENA,New Customers,Desktop,14233,132,3,108.35,248.27
REC-004795,2026-02-22,CAMP-024,Mobile App Acquisition,Google Ads,App Acquisition,North America,Small Business Owners,Mobile,9329,364,16,812.93,1456.81
REC-004814,2026-02-24,CAMP-007,B2B Decision Makers,LinkedIn Ads,Lead Generation,North America,Students & Young Professionals,Mobile,2874,42,2,261.52,173.49
REC-004737,2026-02-17,CAMP-023,Enterprise Pipeline Builder,LinkedIn Ads,Lead Generation,Asia-Pacific,New Customers,Desktop,6194,73,8,346.29,1002.06
REC-003966,2025-12-13,CAMP-022,Holiday Revenue Boost,Meta Ads,Seasonal Promotion,North America,Enterprise Decision Makers,Mobile,25025,801,52,811.84,13689.11
REC-000955,2025-03-24,CAMP-020,Creator Partnership Series,Influencer,Influencer Partnership,MENA,New Customers,Desktop,16665,567,14,545.56,1238.39
REC-006089,2026-06-17,CAMP-019,Display Retargeting Loop,Display Ads,Retargeting,North America,Small Business Owners,Desktop,43667,298,9,199.34,1439.99
REC-002014,2025-06-28,CAMP-017,Product Demo Views,YouTube Ads,Product Education,North America,Students & Young Professionals,Mobile,23485,298,4,300.65,288.88
REC-005362,2026-04-15,CAMP-004,Social Scale Prospecting,Meta Ads,Prospecting,Europe,Returning Customers,Mobile,18179,491,22,472.06,2347.36
REC-004934,2026-03-07,CAMP-015,Monthly Product Digest,Email,Customer Nurture,MENA,New Customers,Mobile,10329,575,40,107.86,3890.63
REC-005744,2026-05-18,CAMP-016,Video Reach Accelerator,YouTube Ads,Brand Awareness,MENA,New Customers,Mobile,21126,190,2,170.5,147.44
REC-000068,2025-01-06,CAMP-020,Creator Partnership Series,Influencer,Influencer Partnership,Asia-Pacific,Returning Customers,Mobile,45047,1831,76,1576.85,10536.15
REC-006056,2026-06-14,CAMP-012,Youth Engagement Sprint,TikTok Ads,Engagement,Latin America,Students & Young Professionals,Mobile,10179,136,2,102.31,106.08
REC-004236,2026-01-05,CAMP-009,Startup Founder Leads,LinkedIn Ads,Lead Generation,North America,New Customers,Desktop,6160,75,8,511.05,932.1
REC-003127,2025-10-04,CAMP-014,Win Back Customers,Email,Reactivation,MENA,New Customers,Desktop,5673,431,79,78.19,10124.63
REC-001509,2025-05-11,CAMP-004,Social Scale Prospecting,Meta Ads,Prospecting,MENA,Students & Young Professionals,Mobile,22978,580,12,493.97,761.68
REC-003818,2025-11-30,CAMP-023,Enterprise Pipeline Builder,LinkedIn Ads ,Lead Generation,Latin America,Small Business Owners,Mobile,7720,152,11,611.27,2618.34
REC-003129,2025-10-05,CAMP-012,Youth Engagement Sprint,TikTok Ads,Engagement,North America,Returning Customers,Desktop,27900,456,15,462.33,1076.68
REC-004109,2025-12-25,CAMP-017,Product Demo Views,YouTube Ads,Product Education,North America,Returning Customers,Desktop,40849,266,10,278.49,1574.44
REC-005528,2026-04-30,CAMP-005,Cart Recovery Social,Meta Ads,Retargeting,Europe,Small Business Owners,Tablet,15599,508,23,445.81,2793.84
REC-004938,2026-03-07,CAMP-014,Win Back Customers,Email,Reactivation,MENA,New Customers,Desktop,9416,557,87,118.98,9021.31
REC-004669,2026-02-11,CAMP-007,B2B Decision Makers,LinkedIn Ads,Lead Generation,MENA,New Customers,Mobile,4203,84,5,342.89,498.82
REC-005447,2026-04-22,CAMP-014,Win Back Customers,Email,Reactivation,MENA,Returning Customers,Mobile,4061,277,54,66.44,8077.04
REC-002273,2025-07-22,CAMP-005,Cart Recovery Social,Meta Ads,Retargeting,Latin America,New Customers,Mobile,9692,333,13,264.43,1464.93
REC-005550,2026-05-01,CAMP-017,Product Demo Views,YouTube Ads,Product Education,North America,Returning Customers,Mobile,14262,210,4,174.06,565.65
REC-002943,2025-09-18,CAMP-021,Micro Creator Conversion,Influencer,Influencer Partnership,North America,Small Business Owners,Mobile,14027,564,16,318.39,2465.29
REC-003886,2025-12-06,CAMP-004,Social Scale Prospecting,Meta Ads,Prospecting,Asia-Pacific,Returning Customers,Desktop,10356,166,7,173.38,906.41
REC-003555,2025-11-10,CAMP-024,Mobile App Acquisition,Google Ads,App Acquisition,North America,New Customers,Mobile,16355,733,25,1620.08,1583.07
REC-005094,2026-03-22,CAMP-010,Short Video Discovery,TikTok Ads,Prospecting,North America,New Customers,Tablet,21060,210,2,208.74,193.42
REC-002366,2025-07-31,CAMP-017,Product Demo Views,YouTube Ads,Product Education,North America,New Customers,Mobile,26758,211,3,230.76,283.48
REC-002642,2025-08-23,CAMP-015,Monthly Product Digest,Email,Customer Nurture,MENA,New Customers,Mobile,3898,224,15,66.51,1400.94
REC-001887,2025-06-16,CAMP-001,Search Growth Engine,Google Ads,Always-on Acquisition,North America,New Customers,Mobile,11015,614,33,1027.49,2743.36
REC-004169,2025-12-29,CAMP-003,High Intent Retargeting,Google Ads,Retargeting,MENA,Enterprise Decision Makers,Mobile,5142,384,33,639.87,12939.67
REC-002631,2025-08-22,CAMP-015,Monthly Product Digest,Email,Customer Nurture,North America,Students & Young Professionals,Mobile,6986,387,19,76.18,1289.09
REC-004692,2026-02-13,CAMP-018,Programmatic Market Reach,Display Ads,Brand Awareness,North America,Small Business Owners,Mobile,22370,87,1,64.13,75.25
REC-003213,2025-10-12,CAMP-016,Video Reach Accelerator,YouTube Ads,Brand Awareness,MENA,Students & Young Professionals,Tablet,15826,83,2,70.66,99.55
REC-001247,2025-04-18,CAMP-021,Micro Creator Conversion,Influencer,Influencer Partnership,Latin America,Returning Customers,Mobile,14189,425,21,454.8,2298.51
REC-003551,2025-11-09,CAMP-004,Social Scale Prospecting,Meta Ads,Prospecting,North America,Small Business Owners,Mobile,20927,516,22,671.68,2447.71
REC-001899,2025-06-17,CAMP-013,Lifecycle Nurture,Email,Customer Nurture,Asia-Pacific,Returning Customers,Mobile,7759,708,66,98.34,8381.49
REC-005047,2026-03-17,CAMP-004,Social Scale Prospecting,Meta Ads,Prospecting,Asia-Pacific,Students & Young Professionals,Mobile,21759,373,10,295.05,835.46
REC-000166,2025-01-15,CAMP-016,Video Reach Accelerator,YouTube Ads,Brand Awareness,Europe,Students & Young Professionals,Desktop,20489,191,2,156.12,96.04
REC-003320,2025-10-21,CAMP-006,Seasonal Offer Push,Meta Ads,Seasonal Promotion,North America,Returning Customers,Mobile,18635,480,26,465.01,2822.7
REC-005256,2026-04-06,CAMP-005,Cart Recovery Social,Meta Ads,Retargeting,MENA,Small Business Owners,Tablet,20117,501,30,413.81,4318.48
REC-004356,2026-01-15,CAMP-013,Lifecycle Nurture,Email,Customer Nurture,Asia-Pacific,New Customers,Desktop,3204,187,15,43.83,1327.55
REC-000741,2025-03-06,CAMP-003,High Intent Retargeting,Google Ads,Retargeting,North America,Enterprise Decision Makers,Mobile,14028,1038,81,2280.83,23792.33
REC-000839,2025-03-15,CAMP-003,High Intent Retargeting,Google Ads,Retargeting,MENA,Returning Customers,Desktop,15660,965,123,1506.65,18593.94
REC-003921,2025-12-09,CAMP-014,Win Back Customers,Email,Reactivation,Latin America,Returning Customers,Mobile,3475,266,35,52.27,6129.84
REC-002793,2025-09-06,CAMP-021,Micro Creator Conversion,Influencer,Influencer Partnership,Europe,Students & Young Professionals,Tablet,55442,1613,30,1738.4,2430.33
REC-001335,2025-04-26,CAMP-005,Cart Recovery Social,Meta Ads,Retargeting,North America,Returning Customers,Mobile,10692,461,34,500.72,3352.5
REC-003771,2025-11-27,CAMP-016,Video Reach Accelerator,YouTube Ads,Brand Awareness,MENA,Students & Young Professionals,Mobile,20902,224,2,156.66,105.84
REC-001914,2025-06-18,CAMP-024,Mobile App Acquisition,Google Ads,App Acquisition,Asia-Pacific,Students & Young Professionals,Desktop,8984,282,13,476.74,499.77
REC-002913,2025-09-16,CAMP-013,Lifecycle Nurture,Email,Customer Nurture,MENA,New Customers,Mobile,4367,264,25,69.93,2651.2
REC-001969,2025-06-24,CAMP-008,Executive Thought Leadership,LinkedIn Ads,Brand Awareness,Latin America,New Customers,Desktop,6071,43,2,202.66,91.1
REC-000861,2025-03-17,CAMP-006,Seasonal Offer Push,Meta Ads,Seasonal Promotion,North America,Returning Customers,Mobile,16128,325,14,347.48,1600.56
REC-000577,2025-02-19,CAMP-012,Youth Engagement Sprint,TikTok Ads,Engagement,Europe,Students & Young Professionals,Mobile,31355,554,7,525.76,411.78
REC-003768,2025-11-26,CAMP-016,Video Reach Accelerator,YouTube Ads,Brand Awareness,Europe,Students & Young Professionals,Mobile,14402,95,1,105.59,49.05
REC-003473,2025-11-03,CAMP-003,High Intent Retargeting,Google Ads,Retargeting,Latin America,New Customers,Mobile,15642,968,69,1334.47,8588.65
REC-004549,2026-02-01,CAMP-011,Creator Product Launch,TikTok Ads,Product Launch,MENA,Enterprise Decision Makers,Mobile,23883,558,19,316.39,4535.58
REC-005614,2026-05-07,CAMP-021,Micro Creator Conversion,Influencer,Influencer Partnership,Asia-Pacific,Enterprise Decision Makers,Mobile,47231,2141,100,1185.61,31482.87
REC-006170,2026-06-25,CAMP-010,Short Video Discovery,TikTok Ads,Prospecting,Asia-Pacific,Returning Customers,Desktop,14330,207,6,174.25,818.23
REC-004925,2026-03-06,CAMP-015,Monthly Product Digest,Email,Customer Nurture,Europe,Students & Young Professionals,Mobile,10964,696,40,122.4,2377.13
REC-001900,2025-06-17,CAMP-021,Micro Creator Conversion,Influencer,Influencer Partnership,Europe,Small Business Owners,Tablet,27966,645,22,537.4,3659.6
REC-000849,2025-03-16,CAMP-007,B2B Decision Makers,LinkedIn Ads,Lead Generation,North America,Small Business Owners,Desktop,2872,35,5,183.37,927.19
REC-000283,2025-01-26,CAMP-002,Brand Demand Capture,Google Ads,Brand Awareness,MENA,Small Business Owners,Tablet,11814,267,7,477.76,656.34
REC-005613,2026-05-07,CAMP-012,Youth Engagement Sprint,TikTok Ads,Engagement,Europe,Small Business Owners,Mobile,22085,379,9,294.45,997.48
REC-000943,2025-03-24,CAMP-014,Win Back Customers,Email,Reactivation,Europe,New Customers,Desktop,5619,387,58,83.39,7968.58
REC-001821,2025-06-10,CAMP-017,Product Demo Views,YouTube Ads,Product Education,MENA,New Customers,Mobile,27313,305,4,235.27,447.35
REC-005188,2026-03-31,CAMP-014,Win Back Customers,Email,Reactivation,Europe,Returning Customers,Desktop,2692,198,40,37.62,5088.09
REC-004726,2026-02-16,CAMP-010,Short Video Discovery,TikTok Ads,Prospecting,MENA,Returning Customers,Mobile,9924,175,5,134.49,732.88
REC-006081,2026-06-17,CAMP-014,Win Back Customers,Email,Reactivation,North America,Small Business Owners,Desktop,11158,736,132,137.14,20327.06
REC-000474,2025-02-10,CAMP-024,Mobile App Acquisition,Google Ads,App Acquisition,MENA,New Customers,Mobile,4732,177,8,320.24,518.79
REC-003467,2025-11-02,CAMP-013,Lifecycle Nurture,Email,Customer Nurture,Asia-Pacific,Returning Customers,Mobile,13975,797,113,145.74,13396.36
REC-005228,2026-04-03,CAMP-016,Video Reach Accelerator,YouTube Ads,Brand Awareness,North America,Returning Customers,Mobile,14239,118,1,95.15,108.93
REC-004468,2026-01-24,CAMP-018,Programmatic Market Reach,Display Ads,Brand Awareness,Europe,Small Business Owners,Mobile,29656,116,1,118.29,65.06
REC-003042,2025-09-26,CAMP-003,High Intent Retargeting,Google Ads,Retargeting,Asia-Pacific,Small Business Owners,Desktop,11774,621,41,912.08,7375.63
REC-005678,2026-05-13,CAMP-005,Cart Recovery Social,Meta Ads,Retargeting,Asia-Pacific,New Customers,Desktop,28862,830,34,916.24,3620.79
REC-004189,2025-12-31,CAMP-008,Executive Thought Leadership,LinkedIn Ads,Brand Awareness,MENA,Students & Young Professionals,Mobile,8149,91,3,497.49,125.51
REC-003845,2025-12-03,CAMP-024,Mobile App Acquisition,Google Ads,App Acquisition,North America,New Customers,Mobile,22862,864,30,1901.79,1958.06
REC-002421,2025-08-04,CAMP-003,High Intent Retargeting,Google Ads,Retargeting,Asia-Pacific,Small Business Owners,Desktop,19091,1141,115,1905.82,22969.89
REC-000143,2025-01-13,CAMP-019,Display Retargeting Loop,Display Ads,Retargeting,Europe,Small Business Owners,Desktop,10722,61,2,37.63,353.43
REC-005987,2026-06-08,CAMP-003,High Intent Retargeting,Google Ads,Retargeting,MENA,Small Business Owners,Mobile,2939,212,12,297.51,2256.78
REC-004843,2026-02-26,CAMP-012,Youth Engagement Sprint,TikTok Ads,Engagement,Asia-Pacific,Returning Customers,Mobile,16235,253,4,212.4,394.1
REC-005902,2026-06-01,CAMP-001,Search Growth Engine,Google Ads,Always-on Acquisition,North America,Students & Young Professionals,Desktop,9415,299,17,577.62,1305.56
REC-002297,2025-07-25,CAMP-019,Display Retargeting Loop,Display Ads,Retargeting,North America,Returning Customers,Desktop,16436,140,4,92.45,431.96
REC-005051,2026-03-17,CAMP-023,Enterprise Pipeline Builder,LinkedIn Ads,Lead Generation,Latin America,Returning Customers,Desktop,10403,177,34,803.68,6856.91
REC-004613,2026-02-06,CAMP-009,Startup Founder Leads,LinkedIn Ads,Lead Generation,MENA,Returning Customers,Mobile,3417,57,4,296.93,619.33
REC-001332,2025-04-26,CAMP-004,Social Scale Prospecting,Meta Ads,Prospecting,Europe,Returning Customers,Mobile,27756,655,22,617.55,2844.87
REC-004002,2025-12-16,CAMP-004,Social Scale Prospecting,Meta Ads,Prospecting,Latin America,New Customers,Mobile,13100,261,7,197.02,546.46
REC-005873,2026-05-29,CAMP-014,Win Back Customers,Email,Reactivation,North America,Small Business Owners,Mobile,4000,218,31,66.97,6027.79
REC-003389,2025-10-27,CAMP-002,Brand Demand Capture,Google Ads,Brand Awareness,Europe,Students & Young Professionals,Mobile,21328,800,15,1419.31,691.04
REC-004936,2026-03-07,CAMP-008,Executive Thought Leadership,LinkedIn Ads,Brand Awareness,North America,Returning Customers,Mobile,2367,24,2,193.77,152.06
REC-000290,2025-01-26,CAMP-016,Video Reach Accelerator,YouTube Ads,Brand Awareness,Asia-Pacific,Small Business Owners,Mobile,6851,45,1,66.46,126.68
REC-005879,2026-05-29,CAMP-013,Lifecycle Nurture,Email,Customer Nurture,Europe,Small Business Owners,Desktop,8972,534,74,97.53,8868.87
REC-004620,2026-02-07,CAMP-005,Cart Recovery Social,Meta Ads,Retargeting,North America,Small Business Owners,Mobile,9862,406,23,466.41,3780.66
REC-002043,2025-07-01,CAMP-019,Display Retargeting Loop,Display Ads,Retargeting,Europe,Enterprise Decision Makers,Desktop,53704,402,12,240.11,3103.32
REC-001508,2025-05-11,CAMP-001,Search Growth Engine,Google Ads,Always-on Acquisition,MENA,Small Business Owners,Desktop,17282,612,39,889.8,4775.06
REC-000277,2025-01-25,CAMP-001,Search Growth Engine,Google Ads,Always-on Acquisition,Europe,Students & Young Professionals,Desktop,13608,417,23,609.79,1542.5
REC-002311,2025-07-26,CAMP-010,Short Video Discovery,TikTok Ads,Prospecting,MENA,Students & Young Professionals,Mobile,18170,310,6,212.11,397.65
REC-005756,2026-05-19,CAMP-009,Startup Founder Leads,LinkedIn Ads,Lead Generation,Asia-Pacific,Small Business Owners,Mobile,7617,87,6,376.51,1131.22
REC-002411,2025-08-04,CAMP-021,Micro Creator Conversion,Influencer,Influencer Partnership,North America,Students & Young Professionals,Mobile,25105,745,15,583.0,1064.77
REC-006109,2026-06-19,CAMP-015,Monthly Product Digest,Email,Customer Nurture,North America,Small Business Owners,Mobile,12760,637,47,137.95,5546.09
REC-002755,2025-09-02,CAMP-010,Short Video Discovery,TikTok Ads,Prospecting,Europe,New Customers,Tablet,18524,231,4,172.82,339.01
REC-000628,2025-02-24,CAMP-019,Display Retargeting Loop,Display Ads,Retargeting,North America,New Customers,Mobile,20822,129,1,75.52,113.52
REC-005627,2026-05-09,CAMP-004,Social Scale Prospecting,Meta Ads,Prospecting,North America,Enterprise Decision Makers,Mobile,11261,190,10,232.64,2835.9
REC-001039,2025-04-01,CAMP-021,Micro Creator Conversion,Influencer,Influencer Partnership,Europe,New Customers,Mobile,17066,655,19,517.97,1597.33
REC-000606,2025-02-22,CAMP-021,Micro Creator Conversion,Influencer,Influencer Partnership,Asia-Pacific,New Customers,Desktop,49780,1195,54,950.49,4609.42
REC-002985,2025-09-21,CAMP-009,Startup Founder Leads,LinkedIn Ads,Lead Generation,North America,Returning Customers,Mobile,8378,128,8,916.9,1272.87
REC-000800,2025-03-12,CAMP-021,Micro Creator Conversion,Influencer,Influencer Partnership,Asia-Pacific,New Customers,Desktop,25830,658,26,765.39,2793.54
REC-004504,2026-01-28,CAMP-020,Creator Partnership Series,Influencer,Influencer Partnership,North America,New Customers,Mobile,50846,1591,40,1714.34,3402.97
REC-003564,2025-11-10,CAMP-012,Youth Engagement Sprint,TikTok Ads,Engagement,Europe,New Customers,Mobile,9033,122,4,117.03,306.26
REC-005181,2026-03-30,CAMP-014,Win Back Customers,Email,Reactivation,MENA,New Customers,Mobile,11410,903,86,138.06,11477.22
REC-002647,2025-08-24,CAMP-017,Product Demo Views,YouTube Ads,Product Education,MENA,New Customers,Mobile,9023,110,0,96.59,0.0
REC-003233,2025-10-13,CAMP-007,B2B Decision Makers,LinkedIn Ads,Lead Generation,MENA,New Customers,Desktop,1755,19,2,123.83,263.95
REC-005705,2026-05-15,CAMP-009,Startup Founder Leads,LinkedIn Ads,Lead Generation,Europe,Students & Young Professionals,Desktop,6813,82,6,475.57,459.65
REC-001479,2025-05-08,CAMP-005,Cart Recovery Social,Meta Ads,Retargeting,Europe,Students & Young Professionals,Mobile,6933,304,8,259.02,548.76
REC-003104,2025-10-02,CAMP-006,Seasonal Offer Push,Meta Ads,Seasonal Promotion,MENA,New Customers,Mobile,6264,125,5,142.62,454.14
REC-001191,2025-04-14,CAMP-020,Creator Partnership Series,Influencer,Influencer Partnership,Europe,Students & Young Professionals,Desktop,30684,639,25,650.38,2079.28
REC-002665,2025-08-25,CAMP-014,Win Back Customers,Email,Reactivation,Latin America,Students & Young Professionals,Tablet,15895,589,40,169.34,2970.34
REC-001949,2025-06-22,CAMP-012,Youth Engagement Sprint,TikTok Ads,Engagement,North America,Small Business Owners,Mobile,13522,218,3,205.89,355.5
REC-005672,2026-05-13,CAMP-004,Social Scale Prospecting,Meta Ads,Prospecting,MENA,Returning Customers,Tablet,22199,421,18,332.01,1967.14
REC-005016,2026-03-14,CAMP-016,Video Reach Accelerator,YouTube Ads,Brand Awareness,North America,New Customers,Mobile,33181,219,2,185.99,160.37
REC-000472,2025-02-10,CAMP-018,Programmatic Market Reach,Display Ads,Brand Awareness,Asia-Pacific,Students & Young Professionals,Mobile,35323,156,1,132.64,38.93
REC-002664,2025-08-25,CAMP-009,Startup Founder Leads,LinkedIn Ads,Lead Generation,North America,Enterprise Decision Makers,Mobile,3688,68,6,349.25,2316.8
REC-001723,2025-05-31,CAMP-008,Executive Thought Leadership,LinkedIn Ads,Brand Awareness,Asia-Pacific,Students & Young Professionals,Mobile,4460,57,1,321.78,29.73
REC-005906,2026-06-01,CAMP-024,Mobile App Acquisition,Google Ads,App Acquisition,MENA,Students & Young Professionals,Mobile,8266,414,10,613.63,431.71
REC-004904,2026-03-04,CAMP-023,Enterprise Pipeline Builder,LinkedIn Ads,Lead Generation,MENA,Small Business Owners,Desktop,9890,162,16,788.89,3223.64
REC-004278,2026-01-08,CAMP-019,Display Retargeting Loop,Display Ads,Retargeting,North America,Returning Customers,Desktop,40545,242,7,151.74,986.93
REC-003106,2025-10-02,CAMP-002,Brand Demand Capture,Google Ads,Brand Awareness,Asia-Pacific,Small Business Owners,Mobile,9878,306,12,534.1,1157.02
REC-000054,2025-01-05,CAMP-015,Monthly Product Digest,Email,Customer Nurture,North America,Students & Young Professionals,Mobile,4008,265,18,50.13,1408.26
REC-001293,2025-04-22,CAMP-007,B2B Decision Makers,LinkedIn Ads,Lead Generation,North America,Enterprise Decision Makers,Desktop,1789,22,3,169.25,1197.58
REC-003885,2025-12-06,CAMP-024,Mobile App Acquisition,Google Ads,App Acquisition,Asia-Pacific,Returning Customers,Mobile,16407,451,30,787.55,2315.88
REC-006038,2026-06-13,CAMP-024,Mobile App Acquisition,Google Ads,App Acquisition,Asia-Pacific,New Customers,Desktop,8391,313,14,507.67,793.51
REC-001709,2025-05-29,CAMP-009,Startup Founder Leads,LinkedIn Ads,Lead Generation,North America,Small Business Owners,Mobile,2484,32,2,198.35,375.71
REC-005894,2026-05-31,CAMP-014,Win Back Customers,Email,Reactivation,Europe,Returning Customers,Desktop,13068,743,145,146.9,19072.93
REC-001857,2025-06-13,CAMP-010,Short Video Discovery,TikTok Ads,Prospecting,Europe,Students & Young Professionals,Desktop,18878,285,5,272.05,419.63
REC-003542,2025-11-08,CAMP-006,Seasonal Offer Push,Meta Ads,Seasonal Promotion,Asia-Pacific,Students & Young Professionals,Mobile,23956,648,14,574.65,1013.68
REC-004771,2026-02-20,CAMP-023,Enterprise Pipeline Builder,LinkedIn Ads,Lead Generation,North America,Returning Customers,Mobile,4297,78,5,522.84,837.24
REC-005639,2026-05-10,CAMP-019,Display Retargeting Loop,Display Ads,Retargeting,MENA,Small Business Owners,Mobile,22018,184,4,120.04,537.43
REC-005412,2026-04-19,CAMP-023,Enterprise Pipeline Builder,LinkedIn Ads,Lead Generation,Europe,Enterprise Decision Makers,Desktop,4342,80,9,340.7,3658.62
REC-000128,2025-01-11,CAMP-018,Programmatic Market Reach,Display Ads,Brand Awareness,Europe,New Customers,Desktop,29166,109,1,81.64,50.96
REC-006158,2026-06-24,CAMP-016,Video Reach Accelerator,YouTube Ads,Brand Awareness,Asia-Pacific,Students & Young Professionals,Mobile,20400,185,1,153.8,49.41
REC-001682,2025-05-27,CAMP-011,Creator Product Launch,TikTok Ads,Product Launch,North America,Returning Customers,Mobile,26334,411,17,409.28,2438.7
REC-003747,2025-11-25,CAMP-015,Monthly Product Digest,Email,Customer Nurture,MENA,Enterprise Decision Makers,Mobile,4648,219,18,69.32,4318.97
REC-005325,2026-04-12,CAMP-015,Monthly Product Digest,Email,Customer Nurture,Asia-Pacific,New Customers,Mobile,4209,185,14,55.73,1164.34
REC-005449,2026-04-22,CAMP-007,B2B Decision Makers,LinkedIn Ads,Lead Generation,Latin America,New Customers,Mobile,8289,120,7,518.8,917.4
REC-005955,2026-06-06,CAMP-017,Product Demo Views,YouTube Ads,Product Education,Asia-Pacific,Small Business Owners,Mobile,21948,250,5,222.27,753.6
REC-003925,2025-12-10,CAMP-001,Search Growth Engine,Google Ads,Always-on Acquisition,Europe,Students & Young Professionals,Desktop,9249,339,17,586.65,1072.11
REC-003820,2025-12-01,CAMP-009,Startup Founder Leads,LinkedIn Ads,Lead Generation,Latin America,Students & Young Professionals,Desktop,6270,67,7,321.05,551.06
REC-000855,2025-03-17,CAMP-021,Micro Creator Conversion,Influencer,Influencer Partnership,MENA,New Customers,Desktop,47836,1675,54,1431.04,4143.93
REC-003505,2025-11-05,CAMP-013,Lifecycle Nurture,Email,Customer Nurture,MENA,New Customers,Mobile,10882,581,52,125.22,4180.5
REC-003052,2025-09-27,CAMP-020,Creator Partnership Series,Influencer,Influencer Partnership,North America,Returning Customers,Desktop,17119,536,27,515.74,3327.39
REC-004542,2026-01-31,CAMP-008,Executive Thought Leadership,LinkedIn Ads,Brand Awareness,Europe,Enterprise Decision Makers,Desktop,3014,25,2,188.73,334.88
REC-003731,2025-11-24,CAMP-003,High Intent Retargeting,Google Ads,Retargeting,Asia-Pacific,Enterprise Decision Makers,Mobile,5184,420,30,679.99,10900.39
REC-000040,2025-01-04,CAMP-003,High Intent Retargeting,Google Ads,Retargeting,MENA,Returning Customers,Desktop,7831,403,49,625.58,6599.84
REC-002634,2025-08-22,CAMP-013,Lifecycle Nurture,Email,Customer Nurture,North America,Enterprise Decision Makers,Mobile,3021,241,26,41.32,7850.32
REC-004515,2026-01-29,CAMP-004,Social Scale Prospecting,Meta Ads,Prospecting,MENA,Small Business Owners,Mobile,16943,362,13,395.48,1573.86
REC-001142,2025-04-09,CAMP-008,Executive Thought Leadership,LinkedIn Ads,Brand Awareness,Asia-Pacific,New Customers,Mobile,4125,32,1,170.12,56.78
REC-002994,2025-09-22,CAMP-006,Seasonal Offer Push,Meta Ads,Seasonal Promotion,MENA,Small Business Owners,Desktop,6087,135,7,159.66,1086.24
REC-003512,2025-11-06,CAMP-024,Mobile App Acquisition,Google Ads,App Acquisition,North America,Returning Customers,Mobile,23604,1041,65,2055.12,5257.69
REC-000003,2025-01-01,CAMP-004,Social Scale Prospecting,Meta Ads,Prospecting,Europe,Returning Customers,Mobile,12438,297,11,287.23,1133.25
REC-003046,2025-09-27,CAMP-008,Executive Thought Leadership,LinkedIn Ads,Brand Awareness,Asia-Pacific,Enterprise Decision Makers,Mobile,3928,31,0,217.95,0.0
REC-001482,2025-05-09,CAMP-020,Creator Partnership Series,Influencer,Influencer Partnership,North America,Students & Young Professionals,Desktop,33599,939,31,904.22,1949.26
REC-005478,2026-04-25,CAMP-020,Creator Partnership Series,Influencer,Influencer Partnership,Asia-Pacific,New Customers,Desktop,30562,1008,28,898.96,2383.27
REC-002615,2025-08-21,CAMP-003,High Intent Retargeting,Google Ads,Retargeting,MENA,Students & Young Professionals,Desktop,5737,298,19,525.83,1551.93
REC-003056,2025-09-27,CAMP-001,Search Growth Engine,Google Ads,Always-on Acquisition,Europe,New Customers,Mobile,11561,535,25,956.38,2237.05
REC-006042,2026-06-13,CAMP-014,Win Back Customers,Email,Reactivation,North America,Small Business Owners,Mobile,6152,459,63,83.79,10812.77
REC-000201,2025-01-18,CAMP-018,Programmatic Market Reach,Display Ads,Brand Awareness,Asia-Pacific,Small Business Owners,Mobile,16923,72,0,52.5,0.0
REC-001488,2025-05-09,CAMP-014,Win Back Customers,Email,Reactivation,North America,Returning Customers,Mobile,7185,630,136,101.04,22550.6
REC-002468,2025-08-08,CAMP-016,Video Reach Accelerator,YouTube Ads,Brand Awareness,North America,Students & Young Professionals,Mobile,21761,179,0,193.21,0.0
REC-004863,2026-02-28,CAMP-003,High Intent Retargeting,Google Ads,Retargeting,North America,New Customers,Mobile,16690,1281,70,2234.5,9149.05
REC-006033,2026-06-12,CAMP-003,High Intent Retargeting,Google Ads,Retargeting,Asia-Pacific,Small Business Owners,Mobile,15710,885,58,1314.9,8450.6
REC-004627,2026-02-07,CAMP-016,Video Reach Accelerator,YouTube Ads,Brand Awareness,MENA,Students & Young Professionals,Desktop,8551,48,0,64.05,0.0
REC-001408,2025-05-02,CAMP-002,Brand Demand Capture,Google Ads,Brand Awareness,Europe,New Customers,Desktop,14144,358,11,539.98,856.39
REC-000320,2025-01-29,CAMP-010,Short Video Discovery,TikTok Ads,Prospecting,Europe,Small Business Owners,Mobile,17928,277,7,210.78,1011.84
REC-003339,2025-10-22,CAMP-006,Seasonal Offer Push,Meta Ads,Seasonal Promotion,MENA,Returning Customers,Mobile,6284,192,7,150.51,789.08
REC-002962,2025-09-20,CAMP-003,High Intent Retargeting,Google Ads,Retargeting,Europe,New Customers,Desktop,8318,425,33,674.27,3467.29
REC-001015,2025-03-30,CAMP-008,Executive Thought Leadership,LinkedIn Ads,Brand Awareness,North America,Students & Young Professionals,Tablet,4048,24,0,170.37,0.0
REC-003334,2025-10-22,CAMP-019,Display Retargeting Loop,Display Ads,Retargeting,Latin America,Small Business Owners,Tablet,32474,202,4,88.71,585.65
REC-003652,2025-11-17,CAMP-003,High Intent Retargeting,Google Ads,Retargeting,Europe,New Customers,Mobile,8349,554,25,780.58,3079.53
REC-002716,2025-08-29,CAMP-020,Creator Partnership Series,Influencer,Influencer Partnership,Asia-Pacific,Returning Customers,Mobile,16196,575,20,364.67,2472.27
REC-003151,2025-10-06,CAMP-010,Short Video Discovery,TikTok Ads,Prospecting,MENA,Returning Customers,Mobile,21690,301,7,182.48,696.86
REC-005070,2026-03-19,CAMP-024,Mobile App Acquisition,Google Ads,App Acquisition,Europe,Students & Young Professionals,Desktop,18915,840,46,1644.84,1646.09
REC-001364,2025-04-28,CAMP-008,Executive Thought Leadership,LinkedIn Ads,Brand Awareness,MENA,Returning Customers,Mobile,8391,86,2,510.9,132.2
REC-000359,2025-02-01,CAMP-005,Cart Recovery Social,Meta Ads,Retargeting,MENA,Students & Young Professionals,Mobile,19737,554,24,576.69,1940.29
REC-004970,2026-03-10,CAMP-009,Startup Founder Leads,LinkedIn Ads,Lead Generation,Europe,New Customers,Desktop,3855,50,4,248.35,480.07
REC-005569,2026-05-03,CAMP-002,Brand Demand Capture,Google Ads,Brand Awareness,Latin America,Small Business Owners,Desktop,15912,621,29,757.67,2374.82
REC-000387,2025-02-03,CAMP-018,Programmatic Market Reach,Display Ads,Brand Awareness,Europe,Small Business Owners,Mobile,32308,128,1,95.88,68.94
REC-004772,2026-02-20,CAMP-007,B2B Decision Makers,LinkedIn Ads,Lead Generation,Latin America,Small Business Owners,Mobile,6701,126,9,563.04,1892.98
REC-004895,2026-03-03,CAMP-007,B2B Decision Makers,LinkedIn Ads,Lead Generation,Asia-Pacific,Students & Young Professionals,Mobile,6618,121,6,531.97,615.41
REC-005458,2026-04-23,CAMP-023,Enterprise Pipeline Builder,LinkedIn Ads,Lead Generation,Europe,Students & Young Professionals,Mobile,10472,232,14,1467.68,1788.62
REC-000388,2025-02-04,CAMP-015,Monthly Product Digest,Email,Customer Nurture,MENA,New Customers,Desktop,7418,374,44,89.87,5029.54
REC-003977,2025-12-14,CAMP-004,Social Scale Prospecting,Meta Ads,Prospecting,North America,Returning Customers,Mobile,6231,141,6,179.96,667.4
REC-002679,2025-08-26,CAMP-024,Mobile App Acquisition,Google Ads,App Acquisition,Latin America,Small Business Owners,Desktop,18161,510,41,606.93,3285.88
REC-001314,2025-04-24,CAMP-014,Win Back Customers,Email,Reactivation,Asia-Pacific,Returning Customers,Mobile,14986,1177,216,159.51,27729.04
REC-004599,2026-02-05,CAMP-008,Executive Thought Leadership,LinkedIn Ads,Brand Awareness,Europe,Students & Young Professionals,Desktop,4207,28,0,177.75,0.0
REC-005209,2026-04-01,CAMP-021,Micro Creator Conversion,Influencer,Influencer Partnership,Asia-Pacific,New Customers,Mobile,33788,956,34,687.82,3728.06
REC-003760,2025-11-26,CAMP-020,Creator Partnership Series,Influencer,Influencer Partnership,North America,Enterprise Decision Makers,Mobile,59596,1925,69,1284.29,16267.84
REC-002626,2025-08-22,CAMP-004,Social Scale Prospecting,Meta Ads,Prospecting,Asia-Pacific,Returning Customers,Mobile,21996,504,19,436.46,2065.28
REC-004228,2026-01-04,CAMP-009,Startup Founder Leads,LinkedIn Ads,Lead Generation,Latin America,New Customers,Mobile,3506,66,5,223.89,668.23
REC-004710,2026-02-14,CAMP-019,Display Retargeting Loop,Display Ads,Retargeting,Europe,New Customers,Desktop,21109,143,2,101.1,229.75
REC-005716,2026-05-16,CAMP-024,Mobile App Acquisition,Google Ads,App Acquisition,North America,Small Business Owners,Desktop,11532,449,34,716.38,2511.1
REC-000350,2025-01-31,CAMP-004,Social Scale Prospecting,Meta Ads,Prospecting,Asia-Pacific,Students & Young Professionals,Tablet,14810,273,5,290.6,410.24
REC-006067,2026-06-15,CAMP-020,Creator Partnership Series,Influencer,Influencer Partnership,MENA,New Customers,Desktop,43258,1008,38,1322.3,3337.91
REC-004366,2026-01-16,CAMP-009,Startup Founder Leads,LinkedIn Ads,Lead Generation,Europe,New Customers,Mobile,6274,88,3,512.48,359.68
REC-003973,2025-12-13,CAMP-002,Brand Demand Capture,Google Ads,Brand Awareness,North America,New Customers,Desktop,13394,441,15,1010.31,925.86
REC-000462,2025-02-10,CAMP-019,Display Retargeting Loop,Display Ads,Retargeting,Europe,Returning Customers,Mobile,25934,200,4,152.98,623.31
REC-004369,2026-01-16,CAMP-014,Win Back Customers,Email,Reactivation,Latin America,New Customers,Desktop,7020,354,42,79.85,4684.82
REC-003525,2025-11-07,CAMP-012,Youth Engagement Sprint,TikTok Ads,Engagement,Asia-Pacific,Small Business Owners,Mobile,15648,244,4,213.56,415.38
REC-006025,2026-06-12,CAMP-009,Startup Founder Leads,LinkedIn Ads,Lead Generation,Europe,Small Business Owners,Mobile,6098,68,5,411.12,942.37
REC-004746,2026-02-18,CAMP-023,Enterprise Pipeline Builder,LinkedIn Ads,Lead Generation,Asia-Pacific,Returning Customers,Mobile,3801,64,8,351.83,1411.32
REC-004491,2026-01-26,CAMP-015,Monthly Product Digest,Email,Customer Nurture,Europe,Small Business Owners,Mobile,9641,533,39,116.76,4750.02
REC-001175,2025-04-12,CAMP-023,Enterprise Pipeline Builder,LinkedIn Ads,Lead Generation,Europe,Enterprise Decision Makers,Mobile,9178,149,19,842.57,7329.97
REC-000091,2025-01-08,CAMP-014,Win Back Customers,Email,Reactivation,North America,Enterprise Decision Makers,Desktop,6788,410,87,75.54,34454.22
REC-001750,2025-06-02,CAMP-018,Programmatic Market Reach,Display Ads,Brand Awareness,MENA,New Customers,Mobile,23875,93,0,67.04,0.0
REC-003877,2025-12-06,CAMP-007,B2B Decision Makers,LinkedIn Ads,Lead Generation,Latin America,Small Business Owners,Mobile,2899,58,3,295.4,439.07
REC-001081,2025-04-05,CAMP-015,Monthly Product Digest,Email,Customer Nurture,North America,Students & Young Professionals,Mobile,7814,427,15,85.99,990.61
REC-002298,2025-07-25,CAMP-021,Micro Creator Conversion,Influencer,Influencer Partnership,North America,New Customers,Desktop,14084,495,20,307.67,1719.72
REC-000505,2025-02-13,CAMP-005,Cart Recovery Social,Meta Ads,Retargeting,MENA,Small Business Owners,Mobile,11438,287,19,292.34,2964.48
REC-005367,2026-04-15,CAMP-015,Monthly Product Digest,Email,Customer Nurture,North America,Students & Young Professionals,Mobile,2889,182,10,38.13,621.21
REC-002999,2025-09-23,CAMP-023,Enterprise Pipeline Builder,LinkedIn Ads,Lead Generation,North America,New Customers,Desktop,3103,46,4,247.85,686.49
REC-002544,2025-08-15,CAMP-002,Brand Demand Capture,Google Ads,Brand Awareness,Europe,Small Business Owners,Mobile,15149,706,32,1402.65,2812.22
REC-005700,2026-05-15,CAMP-021,Micro Creator Conversion,Influencer,Influencer Partnership,North America,Enterprise Decision Makers,Desktop,38053,1259,76,1241.37,20549.51
REC-002079,2025-07-04,CAMP-007,B2B Decision Makers,LinkedIn Ads,Lead Generation,North America,Returning Customers,Mobile,4713,61,8,326.26,1190.12
REC-002241,2025-07-20,CAMP-003,High Intent Retargeting,Google Ads,Retargeting,MENA,Students & Young Professionals,Mobile,11365,849,66,1295.13,5671.86
REC-001944,2025-06-22,CAMP-014,Win Back Customers,Email,Reactivation,Asia-Pacific,New Customers,Desktop,3418,223,24,46.08,2860.86
REC-000761,2025-03-08,CAMP-021,Micro Creator Conversion,Influencer,Influencer Partnership,MENA,New Customers,Tablet,26078,518,10,533.04,856.36
REC-002065,2025-07-03,CAMP-016,Video Reach Accelerator,YouTube Ads,Brand Awareness,North America,Students & Young Professionals,Desktop,16631,111,1,123.59,51.3
REC-003933,2025-12-10,CAMP-018,Programmatic Market Reach,Display Ads,Brand Awareness,MENA,Returning Customers,Mobile,23123,90,1,49.86,60.21
REC-001267,2025-04-20,CAMP-005,Cart Recovery Social,Meta Ads,Retargeting,Europe,Students & Young Professionals,Mobile,9183,304,13,339.65,1025.45
REC-005032,2026-03-16,CAMP-010,Short Video Discovery,TikTok Ads,Prospecting,Europe,New Customers,Desktop,24138,337,8,305.12,671.47
REC-003585,2025-11-12,CAMP-004,Social Scale Prospecting,Meta Ads,Prospecting,MENA,Small Business Owners,Desktop,26788,574,27,467.14,4385.42
REC-003472,2025-11-03,CAMP-003,High Intent Retargeting,Google Ads,Retargeting,Asia-Pacific,Enterprise Decision Makers,Mobile,3997,277,25,426.38,9187.94
REC-002540,2025-08-15,CAMP-003,High Intent Retargeting,Google Ads,Retargeting,North America,Small Business Owners,Desktop,10142,659,97,1085.24,15169.44
REC-001089,2025-04-05,CAMP-012,Youth Engagement Sprint,TikTok Ads,Engagement,Europe,New Customers,Mobile,22161,367,6,323.39,421.91
REC-002506,2025-08-12,CAMP-008,Executive Thought Leadership,LinkedIn Ads,Brand Awareness,MENA,New Customers,Mobile,8880,77,3,377.15,166.7
REC-005774,2026-05-21,CAMP-009,Startup Founder Leads,LinkedIn Ads,Lead Generation,MENA,New Customers,Tablet,4677,69,5,289.23,532.34
REC-002086,2025-07-05,CAMP-001,Search Growth Engine,Google Ads,Always-on Acquisition,MENA,Small Business Owners,Mobile,12978,625,41,871.86,5552.08
REC-005568,2026-05-03,CAMP-002,Brand Demand Capture,Google Ads,Brand Awareness,North America,New Customers,Mobile,7459,351,12,796.39,830.46
REC-005943,2026-06-04,CAMP-005,Cart Recovery Social,Meta Ads,Retargeting,MENA,New Customers,Mobile,7910,225,10,221.17,1066.72
REC-002732,2025-08-31,CAMP-016,Video Reach Accelerator,YouTube Ads,Brand Awareness,MENA,New Customers,Mobile,8622,66,0,59.19,0.0
REC-003953,2025-12-12,CAMP-003,High Intent Retargeting,Google Ads,Retargeting,North America,Small Business Owners,Mobile,17840,760,62,1475.33,10262.24
REC-000272,2025-01-24,CAMP-015,Monthly Product Digest,Email,Customer Nurture,MENA,New Customers,Desktop,7546,376,41,85.54,4614.51
REC-004270,2026-01-08,CAMP-017,Product Demo Views,YouTube Ads,Product Education,North America,Small Business Owners,Mobile,30379,400,6,355.01,743.98
REC-000022,2025-01-02,CAMP-024,Mobile App Acquisition,Google Ads,App Acquisition,Europe,New Customers,Tablet,12457,364,17,728.78,1131.45
REC-004414,2026-01-19,CAMP-008,Executive Thought Leadership,LinkedIn Ads,Brand Awareness,MENA,Returning Customers,Mobile,5878,50,2,316.45,133.36
REC-005821,2026-05-25,CAMP-008,Executive Thought Leadership,LinkedIn Ads,Brand Awareness,MENA,Small Business Owners,Desktop,4274,40,1,247.29,73.79
REC-001487,2025-05-09,CAMP-009,Startup Founder Leads,LinkedIn Ads,Lead Generation,Europe,Small Business Owners,Tablet,4497,58,4,273.4,582.66
REC-001352,2025-04-27,CAMP-013,Lifecycle Nurture,Email,Customer Nurture,Latin America,New Customers,Desktop,2689,172,17,48.95,1445.66
REC-003796,2025-11-29,CAMP-008,Executive Thought Leadership,LinkedIn Ads,Brand Awareness,Europe,Returning Customers,Desktop,7640,68,4,503.91,270.8
REC-002864,2025-09-12,CAMP-005,Cart Recovery Social,Meta Ads,Retargeting,Latin America,Returning Customers,Mobile,22377,810,47,532.69,6162.5
REC-004161,2025-12-29,CAMP-013,Lifecycle Nurture,Email,Customer Nurture,Asia-Pacific,Small Business Owners,Mobile,9720,780,96,111.5,10851.11
REC-003700,2025-11-21,CAMP-008,Executive Thought Leadership,LinkedIn Ads,Brand Awareness,Europe,Returning Customers,Desktop,6214,62,3,326.44,216.33
REC-001546,2025-05-14,CAMP-012,Youth Engagement Sprint,TikTok Ads,Engagement,Asia-Pacific,Small Business Owners,Desktop,14527,195,5,160.57,490.43
REC-001407,2025-05-02,CAMP-016,Video Reach Accelerator,YouTube Ads,Brand Awareness,North America,New Customers,Mobile,25775,162,2,144.62,139.35
REC-006098,2026-06-18,CAMP-009,Startup Founder Leads,LinkedIn Ads,Lead Generation,North America,Returning Customers,Desktop,4434,45,6,257.06,907.54
REC-000616,2025-02-23,CAMP-004,Social Scale Prospecting,Meta Ads,Prospecting,Europe,New Customers,Desktop,17080,281,8,313.41,881.55
REC-002813,2025-09-08,CAMP-021,Micro Creator Conversion,Influencer,Influencer Partnership,Europe,Returning Customers,Mobile,30985,897,49,708.95,4993.96
REC-000302,2025-01-27,CAMP-014,Win Back Customers,Email,Reactivation,Europe,Small Business Owners,Tablet,9924,451,50,118.96,8260.74
REC-001053,2025-04-02,CAMP-015,Monthly Product Digest,Email,Customer Nurture,Asia-Pacific,Students & Young Professionals,Mobile,7614,500,26,97.04,1825.27
REC-002308,2025-07-26,CAMP-023,Enterprise Pipeline Builder,LinkedIn Ads,Lead Generation,MENA,Returning Customers,Tablet,4471,48,5,232.75,805.39
REC-000240,2025-01-22,CAMP-015,Monthly Product Digest,Email,Customer Nurture,Asia-Pacific,Students & Young Professionals,Mobile,16295,1060,80,182.0,6738.93
REC-001282,2025-04-22,CAMP-023,Enterprise Pipeline Builder,LinkedIn Ads,Lead Generation,North America,Students & Young Professionals,Mobile,9915,207,11,1373.31,1458.92
REC-004325,2026-01-12,CAMP-015,Monthly Product Digest,Email,Customer Nurture,Asia-Pacific,Returning Customers,Mobile,3206,162,14,46.76,1773.35
REC-005748,2026-05-18,CAMP-011,Creator Product Launch,TikTok Ads,Product Launch,Europe,Returning Customers,Mobile,7648,137,5,121.18,538.04
REC-004675,2026-02-12,CAMP-002,Brand Demand Capture,Google Ads,Brand Awareness,Latin America,Returning Customers,Mobile,18530,528,19,753.03,1767.4
REC-005042,2026-03-16,CAMP-002,Brand Demand Capture,Google Ads,Brand Awareness,North America,Returning Customers,Mobile,6718,277,10,461.41,886.7
REC-000522,2025-02-14,CAMP-013,Lifecycle Nurture,Email,Customer Nurture,North America,New Customers,Mobile,1898,149,10,31.19,936.49
REC-001893,2025-06-16,CAMP-003,High Intent Retargeting,Google Ads,Retargeting,MENA,Returning Customers,Mobile,10913,725,67,1160.7,10231.68
REC-001134,2025-04-09,CAMP-013,Lifecycle Nurture,Email,Customer Nurture,North America,Returning Customers,Desktop,14011,860,128,150.03,17150.78
REC-002335,2025-07-28,CAMP-002,Brand Demand Capture,Google Ads,Brand Awareness,North America,New Customers,Mobile,6340,203,7,326.17,461.88
REC-004634,2026-02-08,CAMP-001,Search Growth Engine,Google Ads,Always-on Acquisition,Asia-Pacific,New Customers,Desktop,8626,311,24,562.82,2517.95
REC-005077,2026-03-20,CAMP-012,Youth Engagement Sprint,TikTok Ads,Engagement,MENA,New Customers,Desktop,11556,179,4,140.62,274.08
REC-000781,2025-03-10,CAMP-009,Startup Founder Leads,LinkedIn Ads,Lead Generation,Europe,New Customers,Mobile,7136,83,5,365.12,648.33
REC-005769,2026-05-20,CAMP-016,Video Reach Accelerator,YouTube Ads,Brand Awareness,Europe,Returning Customers,Desktop,20816,150,3,148.79,274.12
REC-001932,2025-06-20,CAMP-015,Monthly Product Digest,Email,Customer Nurture,Europe,Small Business Owners,Mobile,11408,560,46,114.02,5305.74
REC-005719,2026-05-16,CAMP-016,Video Reach Accelerator,YouTube Ads,Brand Awareness,North America,Students & Young Professionals,Mobile,36137,319,3,317.2,151.27
REC-003540,2025-11-08,CAMP-012,Youth Engagement Sprint,TikTok Ads,Engagement,North America,Students & Young Professionals,Mobile,7460,84,1,94.26,53.38
REC-004060,2025-12-21,CAMP-002,Brand Demand Capture,Google Ads,Brand Awareness,North America,Small Business Owners,Desktop,20586,456,18,932.86,1983.08
REC-000249,2025-01-23,CAMP-014,Win Back Customers,Email,Reactivation,Latin America,New Customers,Mobile,9422,521,73,117.92,7219.94
REC-002296,2025-07-25,CAMP-019,Display Retargeting Loop,Display Ads,Retargeting,North America,New Customers,Desktop,17104,92,3,64.18,266.2
REC-001652,2025-05-25,CAMP-001,Search Growth Engine,Google Ads,Always-on Acquisition,Europe,Small Business Owners,Mobile,11742,669,40,1288.17,6671.49
REC-003158,2025-10-07,CAMP-020,Creator Partnership Series,Influencer,Influencer Partnership,MENA,New Customers,Tablet,43565,952,22,980.0,1734.88
REC-000179,2025-01-16,CAMP-017,Product Demo Views,YouTube Ads,Product Education,Asia-Pacific,Students & Young Professionals,Mobile,42204,552,6,496.2,494.77
REC-004941,2026-03-08,CAMP-006,Seasonal Offer Push,Meta Ads,Seasonal Promotion,MENA,Returning Customers,Mobile,12734,243,14,275.14,1756.31
REC-003795,2025-11-29,CAMP-001,Search Growth Engine,Google Ads,Always-on Acquisition,Asia-Pacific,Returning Customers,Mobile,4805,170,11,244.75,1449.22
REC-003589,2025-11-12,CAMP-001,Search Growth Engine,Google Ads,Always-on Acquisition,North America,Small Business Owners,Mobile,22181,1076,44,2336.86,6597.9
REC-000471,2025-02-10,CAMP-018,Programmatic Market Reach,Display Ads,Brand Awareness,Asia-Pacific,Students & Young Professionals,Mobile,21593,80,0,74.45,0.0
REC-002451,2025-08-07,CAMP-024,Mobile App Acquisition,Google Ads,App Acquisition,Latin America,Enterprise Decision Makers,Tablet,12789,292,15,392.81,2912.12
REC-002254,2025-07-21,CAMP-005,Cart Recovery Social,Meta Ads,Retargeting,North America,Small Business Owners,Mobile,19663,697,45,729.99,7535.51
REC-000909,2025-03-21,CAMP-023,Enterprise Pipeline Builder,LinkedIn Ads,Lead Generation,MENA,Returning Customers,Mobile,6828,118,12,469.78,2549.95
REC-003324,2025-10-21,CAMP-010,Short Video Discovery,TikTok Ads,Prospecting,MENA,Small Business Owners,Desktop,8560,168,5,131.61,658.31
REC-004251,2026-01-06,CAMP-002,Brand Demand Capture,Google Ads,Brand Awareness,MENA,Small Business Owners,Mobile,16492,764,20,1202.68,1845.69
REC-001920,2025-06-19,CAMP-016,Video Reach Accelerator,YouTube Ads,Brand Awareness,Asia-Pacific,Students & Young Professionals,Mobile,26042,156,2,123.39,95.57
REC-005578,2026-05-04,CAMP-002,Brand Demand Capture,Google Ads,Brand Awareness,North America,Students & Young Professionals,Mobile,7504,270,7,503.44,360.89
REC-004981,2026-03-11,CAMP-009,Startup Founder Leads,LinkedIn Ads,Lead Generation,MENA,Small Business Owners,Desktop,6264,67,8,288.07,1545.45
REC-002756,2025-09-02,CAMP-017,Product Demo Views,YouTube Ads,Product Education,North America,Students & Young Professionals,Mobile,37087,405,4,408.19,346.46
REC-000683,2025-03-01,CAMP-020,Creator Partnership Series,Influencer,Influencer Partnership,MENA,Students & Young Professionals,Mobile,31668,1322,34,1002.45,2217.17
REC-000703,2025-03-02,CAMP-007,B2B Decision Makers,LinkedIn Ads,Lead Generation,Latin America,Small Business Owners,Desktop,3574,42,6,207.07,936.34
REC-005168,2026-03-29,CAMP-002,Brand Demand Capture,Google Ads,Brand Awareness,MENA,New Customers,Mobile,13219,635,14,824.98,947.67
REC-000602,2025-02-21,CAMP-020,Creator Partnership Series,Influencer,Influencer Partnership,Latin America,Enterprise Decision Makers,Mobile,22085,528,18,681.68,5554.13
REC-002567,2025-08-17,CAMP-007,B2B Decision Makers,LinkedIn Ads,Lead Generation,North America,New Customers,Mobile,2640,51,3,321.39,307.07
REC-004594,2026-02-04,CAMP-017,Product Demo Views,YouTube Ads,Product Education,MENA,Returning Customers,Desktop,15045,154,5,109.87,566.3
REC-005468,2026-04-24,CAMP-012,Youth Engagement Sprint,TikTok Ads,Engagement,MENA,New Customers,Mobile,15989,271,5,196.6,294.75
REC-003428,2025-10-30,CAMP-015,Monthly Product Digest,Email,Customer Nurture,Latin America,Returning Customers,Mobile,12172,807,89,136.88,8888.89
REC-003496,2025-11-05,CAMP-004,Social Scale Prospecting,Meta Ads,Prospecting,Latin America,Enterprise Decision Makers,Tablet,9096,124,3,124.56,774.47
REC-000594,2025-02-20,CAMP-010,Short Video Discovery,TikTok Ads,Prospecting,Latin America,Students & Young Professionals,Desktop,29421,393,7,250.54,428.3
REC-001596,2025-05-19,CAMP-019,Display Retargeting Loop,Display Ads,Retargeting,North America,Returning Customers,Mobile,21877,213,5,139.38,529.91
REC-002841,2025-09-10,CAMP-019,Display Retargeting Loop,Display Ads,Retargeting,Asia-Pacific,Enterprise Decision Makers,Desktop,41209,355,10,158.45,3275.06
REC-005301,2026-04-10,CAMP-012,Youth Engagement Sprint,TikTok Ads,Engagement,North America,New Customers,Mobile,21454,279,5,263.91,365.73
REC-005179,2026-03-30,CAMP-018,Programmatic Market Reach,Display Ads,Brand Awareness,Europe,Returning Customers,Mobile,35255,147,1,103.44,63.01
REC-004375,2026-01-16,CAMP-001,Search Growth Engine,Google Ads,Always-on Acquisition,North America,New Customers,Desktop,12788,488,29,809.99,3142.0
REC-004929,2026-03-06,CAMP-005,Cart Recovery Social,Meta Ads,Retargeting,Europe,Enterprise Decision Makers,Desktop,13770,402,38,404.28,9086.03
REC-003727,2025-11-23,CAMP-018,Programmatic Market Reach,Display Ads,Brand Awareness,Europe,New Customers,Mobile,25338,126,2,97.46,124.76
REC-000513,2025-02-13,CAMP-021,Micro Creator Conversion,Influencer,Influencer Partnership,Latin America,New Customers,Desktop,32054,996,28,854.96,2294.14
REC-002965,2025-09-20,CAMP-020,Creator Partnership Series,Influencer,Influencer Partnership,MENA,Small Business Owners,Mobile,13123,494,12,420.78,1774.05
REC-005688,2026-05-14,CAMP-023,Enterprise Pipeline Builder,LinkedIn Ads,Lead Generation,Latin America,Students & Young Professionals,Mobile,1402,26,1,130.8,113.72
REC-000033,2025-01-03,CAMP-015,Monthly Product Digest,Email,Customer Nurture,MENA,Returning Customers,Mobile,5582,272,25,66.02,3095.31
REC-004570,2026-02-02,CAMP-010,Short Video Discovery,TIKTOK ADS,Prospecting,Europe,Returning Customers,Mobile,25166,332,12,302.03,1448.98
REC-004677,2026-02-12,CAMP-012,Youth Engagement Sprint,TikTok Ads,Engagement,North America,Returning Customers,Mobile,24737,451,9,384.08,897.28
REC-001151,2025-04-10,CAMP-019,Display Retargeting Loop,Display Ads,Retargeting,North America ,Students & Young Professionals,Mobile,48176,382,3,220.42,273.56
REC-003078,2025-09-30,CAMP-004,Social Scale Prospecting,Meta Ads,Prospecting,MENA,New Customers,Mobile,13738,253,7,206.54,731.63
REC-004166,2025-12-29,CAMP-006,Seasonal Offer Push,Meta Ads,Seasonal Promotion,Asia-Pacific,Small Business Owners,Mobile,19180,370,17,339.8,2588.04
REC-002794,2025-09-06,CAMP-004,Social Scale Prospecting,Meta Ads,Prospecting,North America,Small Business Owners,Desktop,21240,460,18,521.45,2234.14
REC-000411,2025-02-05,CAMP-003,High Intent Retargeting,Google Ads,Retargeting,North America,Returning Customers,Mobile,19043,1013,103,2201.29,17901.66
REC-003471,2025-11-03,CAMP-015,Monthly Product Digest,Email,Customer Nurture,MENA,New Customers,Desktop,13576,763,58,148.25,6260.89
REC-000192,2025-01-17,CAMP-024,Mobile App Acquisition,Google Ads,App Acquisition,MENA,Small Business Owners,Tablet,16914,471,21,765.76,1758.57
REC-004989,2026-03-12,CAMP-012,Youth Engagement Sprint,TikTok Ads,Engagement,North America,New Customers,Desktop,15008,191,4,178.33,310.22
REC-004308,2026-01-11,CAMP-024,Mobile App Acquisition,Google Ads,App Acquisition,MENA,Students & Young Professionals,Desktop,13947,535,28,670.03,1170.42
REC-002324,2025-07-27,CAMP-004,Social Scale Prospecting,Meta Ads,Prospecting,Europe,Enterprise Decision Makers,Desktop,22597,386,17,357.96,4789.52
REC-004187,2025-12-31,CAMP-020,Creator Partnership Series,Influencer,Influencer Partnership,North America,Enterprise Decision Makers,Mobile,57649,1569,61,1525.2,14373.76
REC-005866,2026-05-28,CAMP-005,Cart Recovery Social,Meta Ads,Retargeting,Asia-Pacific,Enterprise Decision Makers,Mobile,24589,772,45,664.5,11162.01
REC-002812,2025-09-07,CAMP-001,Search Growth Engine,Google Ads,Always-on Acquisition,Europe,Returning Customers,Desktop,12016,566,46,1096.12,6595.24
REC-004937,2026-03-07,CAMP-020,Creator Partnership Series,Influencer,Influencer Partnership,MENA,Enterprise Decision Makers,Mobile,44839,1826,81,1077.96,19447.83
REC-005795,2026-05-23,CAMP-011,Creator Product Launch,TikTok Ads,Product Launch,North America,New Customers,Mobile,6380,102,1,106.85,95.01
REC-003575,2025-11-11,CAMP-022,Holiday Revenue Boost,Meta Ads,Seasonal Promotion,Asia-Pacific,Students & Young Professionals,Mobile,25683,625,18,586.54,1139.95
REC-001402,2025-05-01,CAMP-019,Display Retargeting Loop,Display Ads,Retargeting,Europe,New Customers,Mobile,33393,296,3,163.49,355.72
REC-004636,2026-02-08,CAMP-010,Short Video Discovery,TikTok Ads,Prospecting,Asia-Pacific,Students & Young Professionals,Mobile,27580,537,8,438.4,476.19
REC-003392,2025-10-27,CAMP-010,Short Video Discovery,TikTok Ads,Prospecting,Europe,Small Business Owners,Mobile,20864,320,7,216.43,935.89
REC-002698,2025-08-28,CAMP-016,Video Reach Accelerator,YouTube Ads,Brand Awareness,Europe,New Customers,Mobile,20541,208,2,185.11,147.31
REC-006117,2026-06-20,CAMP-003,High Intent Retargeting,Google Ads,Retargeting,Asia-Pacific,Small Business Owners,Desktop,8558,457,63,821.88,12842.38
REC-004812,2026-02-23,CAMP-005,Cart Recovery Social,Meta Ads,Retargeting,Europe,Returning Customers,Mobile,11115,451,35,522.07,3821.64
REC-001862,2025-06-13,CAMP-023,Enterprise Pipeline Builder,LinkedIn Ads,Lead Generation,MENA,Students & Young Professionals,Mobile,2279,40,1,180.87,126.37
REC-000511,2025-02-13,CAMP-002,Brand Demand Capture,Google Ads,Brand Awareness,North America,Returning Customers,Desktop,6106,207,16,471.19,1611.42
REC-006107,2026-06-19,CAMP-020,Creator Partnership Series,Influencer,Influencer Partnership,Europe,Returning Customers,Mobile,23882,729,35,682.83,3572.24
REC-004730,2026-02-16,CAMP-012,Youth Engagement Sprint,TikTok Ads,Engagement,Europe,Students & Young Professionals,Mobile,29791,332,4,333.75,167.62
REC-006012,2026-06-10,CAMP-014,Win Back Customers,Email,Reactivation,Latin America,New Customers,Mobile,6438,433,46,80.44,4535.04
REC-002720,2025-08-30,CAMP-002,Brand Demand Capture,Google Ads,Brand Awareness,Europe,Students & Young Professionals,Mobile,13260,579,11,943.16,512.75
REC-002328,2025-07-27,CAMP-009,Startup Founder Leads,LinkedIn Ads,Lead Generation,North America,New Customers,Desktop,2288,33,3,202.52,324.81
REC-002101,2025-07-07,CAMP-018,Programmatic Market Reach,Display Ads,Brand Awareness,North America,Returning Customers,Desktop,11575,29,0,31.47,0.0
REC-000232,2025-01-21,CAMP-008,Executive Thought Leadership,LinkedIn Ads,Brand Awareness,Asia-Pacific,Enterprise Decision Makers,Mobile,6407,73,3,400.71,344.81
REC-003755,2025-11-25,CAMP-004,Social Scale Prospecting,Meta Ads,Prospecting,North America,Returning Customers,Desktop,8304,157,9,191.94,925.54
REC-002399,2025-08-03,CAMP-001,Search Growth Engine,Google Ads,Always-on Acquisition,Asia-Pacific,Enterprise Decision Makers,Tablet,13691,597,31,838.94,7555.2
REC-002474,2025-08-09,CAMP-019,Display Retargeting Loop,Display Ads,Retargeting,MENA,,Mobile,24745,211,3,140.15,245.24
REC-005598,2026-05-06,CAMP-021,Micro Creator Conversion,Influencer,Influencer Partnership,MENA,Students & Young Professionals,Desktop,38332,1117,35,788.32,2639.83
REC-002832,2025-09-09,CAMP-008,Executive Thought Leadership,LinkedIn Ads,Brand Awareness,Latin America,New Customers,Mobile,5672,68,1,279.25,51.12
REC-002400,2025-08-03,CAMP-001,Search Growth Engine,Google Ads,Always-on Acquisition,Europe,Returning Customers,Mobile,3795,189,18,394.54,2198.16
REC-002827,2025-09-09,CAMP-006,Seasonal Offer Push,Meta Ads,Seasonal Promotion,North America,Returning Customers,Mobile,7532,148,4,181.98,455.01
REC-006185,2026-06-27,CAMP-020,Creator Partnership Series,Influencer,Influencer Partnership,Asia-Pacific,Returning Customers,Desktop,38418,1098,55,1240.23,5765.21
REC-003559,2025-11-10,CAMP-021,Micro Creator Conversion,Influencer,Influencer Partnership,Europe,New Customers,Mobile,24013,1013,26,865.12,2121.4
REC-002612,2025-08-21,CAMP-008,Executive Thought Leadership,LinkedIn Ads,Brand Awareness,MENA,New Customers,Mobile,5284,70,2,382.63,82.55
REC-003602,2025-11-13,CAMP-012,Youth Engagement Sprint,TikTok Ads,Engagement,Asia-Pacific,New Customers,Desktop,15281,200,6,138.82,335.26
REC-001739,2025-06-02,CAMP-008,Executive Thought Leadership,LinkedIn Ads,Brand Awareness,Asia-Pacific,Enterprise Decision Makers,Mobile,8367,85,4,421.97,595.54
REC-002228,2025-07-19,CAMP-012,Youth Engagement Sprint,TikTok Ads,Engagement,Asia-Pacific,New Customers,Desktop,7583,80,4,73.54,290.27
REC-005806,2026-05-23,CAMP-024,Mobile App Acquisition,Google Ads,App Acquisition,MENA,,Mobile,13831,466,29,720.09,2280.8
REC-000571,2025-02-19,CAMP-015,Monthly Product Digest,Email,Customer Nurture,Latin America,New Customers,Mobile,7190,514,26,86.01,2760.37
REC-003221,2025-10-13,CAMP-001,Search Growth Engine,Google Ads,Always-on Acquisition,North America,Enterprise Decision Makers,Desktop,5698,172,20,401.99,6371.52
REC-004298,2026-01-10,CAMP-005,Cart Recovery Social,Meta Ads,Retargeting,MENA,Returning Customers,Mobile,5247,227,16,190.58,2194.82
REC-000952,2025-03-24,CAMP-006,Seasonal Offer Push,Meta Ads,Seasonal Promotion,North America,Small Business Owners,Mobile,21525,571,23,747.16,3298.64
REC-001707,2025-05-29,CAMP-002,Brand Demand Capture,Google Ads,Brand Awareness,Europe,Enterprise Decision Makers,Desktop,3339,124,4,245.57,680.58
REC-004349,2026-01-15,CAMP-004,Social Scale Prospecting,Meta Ads,Prospecting,Asia-Pacific,Small Business Owners,Desktop,7503,180,6,181.15,806.62
REC-003843,2025-12-03,CAMP-020,Creator Partnership Series,Influencer,Influencer Partnership,MENA,Students & Young Professionals,Desktop,66677,1562,34,2056.72,2147.01
REC-003754,2025-11-25,CAMP-020,Creator Partnership Series,Influencer,Influencer Partnership,Asia-Pacific,Returning Customers,Mobile,25077,881,28,522.74,4023.65
REC-004757,2026-02-19,CAMP-024,Mobile App Acquisition,Google Ads,App Acquisition,North America,Students & Young Professionals,Desktop,5718,162,5,328.75,200.71
REC-002167,2025-07-13,CAMP-008,Executive Thought Leadership,LinkedIn Ads,Brand Awareness,Europe,New Customers,Mobile,3262,39,0,253.04,0.0
REC-001823,2025-06-10,CAMP-005,Cart Recovery Social,Meta Ads,Retargeting,Europe,Students & Young Professionals,Mobile,20853,587,24,617.74,1557.49
REC-002210,2025-07-17,CAMP-007,B2B Decision Makers,LinkedIn Ads,Lead Generation,MENA,Returning Customers,Desktop,7025,96,12,457.17,1940.48
REC-004232,2026-01-04,CAMP-021,Micro Creator Conversion,Influencer,Influencer Partnership,North America,New Customers,Mobile,15324,528,16,417.04,1435.68
REC-002561,2025-08-16,CAMP-002,Brand Demand Capture,Google Ads,Brand Awareness,Europe,Small Business Owners,Mobile,7740,243,10,500.75,958.72
REC-004025,2025-12-18,CAMP-018,Programmatic Market Reach,Display Ads,Brand Awareness,Europe,New Customers,Mobile,43164,135,0,115.76,0.0
REC-001485,2025-05-09,CAMP-015,Monthly Product Digest,Email,Customer Nurture,MENA,New Customers,Mobile,13826,592,42,134.97,4480.37
REC-003546,2025-11-09,CAMP-010,Short Video Discovery,TikTok Ads,Prospecting,Asia-Pacific,Students & Young Professionals,Mobile,32209,550,7,325.64,586.41
REC-005004,2026-03-13,CAMP-008,Executive Thought Leadership,LinkedIn Ads,Brand Awareness,Asia-Pacific,Students & Young Professionals,Desktop,1563,12,1,106.59,31.58
REC-002015,2025-06-28,CAMP-016,Video Reach Accelerator,YouTube Ads,Brand Awareness,Asia-Pacific,Enterprise Decision Makers,Mobile,27047,201,2,123.64,433.17
REC-000007,2025-01-01,CAMP-014,Win Back Customers,Email,Reactivation,Europe,New Customers,Mobile,14417,1449,150,167.67,19700.16
REC-002333,2025-07-28,CAMP-005,Cart Recovery Social,Meta Ads,Retargeting,Europe,New Customers,Mobile,10847,350,14,382.28,1138.62
REC-001359,2025-04-28,CAMP-014,Win Back Customers,Email,Reactivation,Asia-Pacific,Enterprise Decision Makers,Mobile,15053,1267,204,168.17,76994.19
REC-005886,2026-05-30,CAMP-024,Mobile App Acquisition,Google Ads,App Acquisition,Asia-Pacific,New Customers,Desktop,5158,198,10,278.54,477.74
REC-001769,2025-06-04,CAMP-019,Display Retargeting Loop,Display Ads,Retargeting,MENA,Returning Customers,Desktop,11314,78,2,42.06,283.37
REC-005838,2026-05-26,CAMP-015,Monthly Product Digest,Email,Customer Nurture,Asia-Pacific,New Customers,Mobile,5696,268,18,79.85,1711.76
REC-000036,2025-01-03,CAMP-013,Lifecycle Nurture,Email,Customer Nurture,North America,Small Business Owners,Mobile,9054,472,56,98.8,6941.43
REC-003889,2025-12-07,CAMP-016,Video Reach Accelerator,YouTube Ads,Brand Awareness,North America,Small Business Owners,Desktop,31104,252,4,229.18,502.32
REC-001621,2025-05-22,CAMP-023,Enterprise Pipeline Builder,LinkedIn Ads,Lead Generation,Asia-Pacific,Students & Young Professionals,Mobile,7208,90,6,409.25,733.54
REC-002545,2025-08-15,CAMP-021,Micro Creator Conversion,Influencer,Influencer Partnership,Europe,New Customers,Desktop,29958,859,29,592.07,2379.66
REC-001967,2025-06-24,CAMP-012,Youth Engagement Sprint,TikTok Ads,Engagement,Asia-Pacific,Enterprise Decision Makers,Desktop,33238,330,8,311.95,1758.7
REC-004182,2025-12-30,CAMP-007,B2B Decision Makers,LinkedIn Ads,Lead Generation,Asia-Pacific,Enterprise Decision Makers,Mobile,5669,107,8,530.83,3012.06
REC-001210,2025-04-16,CAMP-005,Cart Recovery Social,Meta Ads,Retargeting,North America,Returning Customers,Tablet,25827,658,36,875.7,3836.38
REC-005642,2026-05-10,CAMP-009,Startup Founder Leads,LinkedIn Ads,Lead Generation,Europe,Returning Customers,Mobile,4228,75,6,420.21,939.37
REC-001031,2025-04-01,CAMP-013,Lifecycle Nurture,Email,Customer Nurture,Asia-Pacific,Returning Customers,Desktop,9422,415,71,98.3,8991.17
REC-002001,2025-06-26,CAMP-012,Youth Engagement Sprint,TikTok Ads,Engagement,Asia-Pacific,New Customers,Desktop,8913,83,2,114.79,160.41
REC-000159,2025-01-14,CAMP-010,Short Video Discovery,TikTok Ads,Prospecting,North America,New Customers,Mobile,15296,266,3,259.96,283.56
REC-000337,2025-01-30,CAMP-016,Video Reach Accelerator,YouTube Ads,Brand Awareness,Asia-Pacific,Small Business Owners,Mobile,13395,112,1,109.44,126.56
REC-001672,2025-05-26,CAMP-008,Executive Thought Leadership,LinkedIn Ads,Brand Awareness,North America,New Customers,Desktop,5995,64,4,433.37,169.06
REC-004808,2026-02-23,CAMP-010,Short Video Discovery,TikTok Ads,Prospecting,MENA,Enterprise Decision Makers,Mobile,6835,122,3,97.77,850.58
REC-001608,2025-05-21,CAMP-010,Short Video Discovery,TikTok Ads,Prospecting,MENA,New Customers,Desktop,30918,335,7,262.93,778.82
REC-004079,2025-12-22,CAMP-003,High Intent Retargeting,Google Ads,Retargeting,North America,New Customers,Desktop,15095,853,60,1399.54,7305.0
REC-002821,2025-09-08,CAMP-002,Brand Demand Capture,Google Ads,Brand Awareness,North America,New Customers,Mobile,17158,521,14,913.35,976.98
REC-005126,2026-03-25,CAMP-017,Product Demo Views,YouTube Ads,Product Education,MENA,Small Business Owners,Mobile,14899,199,4,166.17,494.64
REC-001814,2025-06-09,CAMP-003,High Intent Retargeting,Google Ads,Retargeting,Latin America,New Customers,Mobile,14798,1166,77,1659.47,10430.18
REC-005818,2026-05-25,CAMP-001,Search Growth Engine,Google Ads,Always-on Acquisition,North America,Enterprise Decision Makers,Mobile,13006,652,34,1288.23,8594.78
REC-005799,2026-05-23,CAMP-001,Search Growth Engine,Google Ads,Always-on Acquisition,Asia-Pacific,New Customers,Desktop,18660,691,45,1155.73,3797.39
REC-003552,2025-11-09,CAMP-004,Social Scale Prospecting,Meta Ads,Prospecting,MENA,Returning Customers,Mobile,21090,443,22,343.25,2178.48
REC-002921,2025-09-16,CAMP-007,B2B Decision Makers,LinkedIn Ads,Lead Generation,North America,Small Business Owners,Mobile,7462,106,6,675.84,1269.35
REC-002928,2025-09-17,CAMP-005,Cart Recovery Social,Meta Ads,Retargeting,Europe,Returning Customers,Mobile,8921,335,27,290.05,3572.64
REC-005378,2026-04-16,CAMP-017,Product Demo Views,YouTube Ads,Product Education,MENA,Small Business Owners,Desktop,19231,213,5,180.47,747.12
REC-003152,2025-10-07,CAMP-010,Short Video Discovery,TikTok Ads,Prospecting,Asia-Pacific,New Customers,Desktop,9021,164,5,148.77,540.04
REC-000926,2025-03-22,CAMP-006,Seasonal Offer Push,Meta Ads,Seasonal Promotion,North America,Returning Customers,Mobile,9997,246,15,337.82,1895.65
REC-002170,2025-07-13,CAMP-019,Display Retargeting Loop,Display Ads,Retargeting,MENA,Small Business Owners,Mobile,29262,225,3,114.35,465.72
REC-001820,2025-06-10,CAMP-014,Win Back Customers,Email,Reactivation,MENA,Returning Customers,Desktop,7952,387,80,97.51,11706.23
REC-006207,2026-06-28,CAMP-003,High Intent Retargeting,Google Ads,Retargeting,Europe,New Customers,Mobile,2602,120,8,204.17,949.85
REC-005798,2026-05-23,CAMP-005,Cart Recovery Social,Meta Ads,Retargeting,MENA,Returning Customers,Mobile,7168,298,18,300.19,2480.16
REC-005670,2026-05-12,CAMP-019,Display Retargeting Loop,Display Ads,Retargeting,Europe,Returning Customers,Desktop,17314,157,4,88.41,603.37
REC-000644,2025-02-25,CAMP-020,Creator Partnership Series,Influencer,Influencer Partnership,Asia-Pacific,New Customers,Mobile,53283,1672,62,1017.66,7112.07
REC-004203,2026-01-01,CAMP-014,Win Back Customers,Email,Reactivation,North America,Students & Young Professionals,Desktop,9851,578,67,111.8,5320.03
REC-005276,2026-04-07,CAMP-010,Short Video Discovery,TikTok Ads,Prospecting,North America,Returning Customers,Mobile,11173,150,4,151.75,502.56
REC-003661,2025-11-18,CAMP-004,Social Scale Prospecting,Meta Ads,Prospecting,Europe,Returning Customers,Mobile,13539,228,9,280.81,1069.41
REC-005419,2026-04-20,CAMP-015,Monthly Product Digest,Email,Customer Nurture,Europe,Returning Customers,Desktop,10655,559,62,109.31,6375.09
REC-005282,2026-04-08,CAMP-012,Youth Engagement Sprint,TikTok Ads,Engagement,MENA,Enterprise Decision Makers,Mobile,31574,474,12,316.63,1940.68
REC-004055,2025-12-20,CAMP-018,Programmatic Market Reach,Display Ads,Brand Awareness,North America,Returning Customers,Mobile,39105,142,0,145.65,0.0
REC-001916,2025-06-19,CAMP-005,Cart Recovery Social,Meta Ads,Retargeting,Europe,Small Business Owners,Mobile,14846,357,20,439.44,3107.44
REC-005720,2026-05-16,CAMP-019,Display Retargeting Loop,Display Ads,Retargeting,MENA,Small Business Owners,Mobile,29979,217,2,110.74,254.1
REC-003682,2025-11-20,CAMP-018,Programmatic Market Reach,Display Ads,Brand Awareness,MENA,Returning Customers,Mobile,41535,195,0,98.66,0.0
REC-002909,2025-09-16,CAMP-024,Mobile App Acquisition,Google Ads,App Acquisition,Europe,Returning Customers,Desktop,12161,307,19,594.07,1252.48
REC-004985,2026-03-11,CAMP-013,Lifecycle Nurture,Email,Customer Nurture,North America,Enterprise Decision Makers,Mobile,16609,1018,99,180.39,24253.65
REC-000356,2025-02-01,CAMP-012,Youth Engagement Sprint,TikTok Ads,Engagement,Latin America,Enterprise Decision Makers,Mobile,32069,361,9,249.92,1732.85
REC-001362,2025-04-28,CAMP-009,Startup Founder Leads,LinkedIn Ads,Lead Generation,MENA,Small Business Owners,Mobile,2496,41,3,198.0,441.49
REC-003138,2025-10-05,CAMP-005,Cart Recovery Social,Meta Ads,Retargeting,Europe,Enterprise Decision Makers,Mobile,18577,623,43,568.85,12351.76
REC-004662,2026-02-11,CAMP-018,Programmatic Market Reach,Display Ads,Brand Awareness,Europe,Students & Young Professionals,Mobile,22280,104,0,98.62,0.0
REC-001951,2025-06-22,CAMP-003,High Intent Retargeting,Google Ads,Retargeting,Europe,Enterprise Decision Makers,Desktop,6434,420,54,770.77,21669.25
REC-000229,2025-01-21,CAMP-017,Product Demo Views,YouTube Ads,Product Education,Europe,New Customers,Desktop,15309,146,4,153.62,442.73
REC-004034,2025-12-18,CAMP-016,Video Reach Accelerator,YouTube Ads,Brand Awareness,Asia-Pacific,Returning Customers,Mobile,24055,181,1,158.81,81.56
REC-000152,2025-01-13,CAMP-015,Monthly Product Digest,Email,Customer Nurture,Europe,Enterprise Decision Makers,Desktop,5055,231,33,65.89,9015.79
REC-000037,2025-01-03,CAMP-013,Lifecycle Nurture,Email,Customer Nurture,Asia-Pacific,New Customers,Mobile,7438,535,54,84.51,5425.95
REC-000261,2025-01-24,CAMP-001,Search Growth Engine,Google Ads,Always-on Acquisition,Latin America,Returning Customers,Mobile,6601,389,18,470.24,2540.07
REC-005103,2026-03-22,CAMP-021,Micro Creator Conversion,Influencer,Influencer Partnership,Europe,Enterprise Decision Makers,Mobile,15176,600,22,334.8,6155.5
REC-004029,2025-12-18,CAMP-012,Youth Engagement Sprint,TikTok Ads,Engagement,MENA,New Customers,Mobile,13770,233,5,191.63,411.69
REC-004932,2026-03-07,CAMP-016,Video Reach Accelerator,YouTube Ads,Brand Awareness,Asia-Pacific,Returning Customers,Mobile,18325,141,2,130.61,160.83
REC-001306,2025-04-24,CAMP-015,Monthly Product Digest,Email,Customer Nurture,North America,Students & Young Professionals,Mobile,6379,360,17,72.7,1335.23
REC-002672,2025-08-26,CAMP-019,Display Retargeting Loop,Display Ads,Retargeting,MENA,Students & Young Professionals,Desktop,14005,97,2,63.11,173.62
REC-004690,2026-02-13,CAMP-010,Short Video Discovery,TikTok Ads,Prospecting,North America,Enterprise Decision Makers,Desktop,21096,368,7,343.89,1826.23
REC-002031,2025-06-30,CAMP-008,Executive Thought Leadership,LinkedIn Ads,Brand Awareness,Latin America,Enterprise Decision Makers,Mobile,4364,43,3,203.93,350.77
REC-000263,2025-01-24,CAMP-023,Enterprise Pipeline Builder,LinkedIn Ads,Lead Generation,Europe,Students & Young Professionals,Mobile,7409,122,6,603.81,578.82
REC-002607,2025-08-20,CAMP-018,Programmatic Market Reach,Display Ads,Brand Awareness,Latin America,Students & Young Professionals,Mobile,35557,109,0,76.75,0.0
REC-004598,2026-02-05,CAMP-020,Creator Partnership Series,Influencer,Influencer Partnership,MENA,Returning Customers,Desktop,25376,564,28,701.48,3600.77
REC-001454,2025-05-06,CAMP-009,Startup Founder Leads,LinkedIn Ads,Lead Generation,North America,Students & Young Professionals,Desktop,5684,77,6,511.53,573.17
REC-006100,2026-06-18,CAMP-016,Video Reach Accelerator,YouTube Ads,Brand Awareness,Asia-Pacific,New Customers,Mobile,30790,286,2,206.91,178.23
REC-003817,2025-11-30,CAMP-023,Enterprise Pipeline Builder,LinkedIn Ads,Lead Generation,North America,Small Business Owners,Desktop,2379,43,5,261.64,1299.28
REC-005048,2026-03-17,CAMP-009,Startup Founder Leads,LinkedIn Ads,Lead Generation,Asia-Pacific,New Customers,Tablet,4676,45,1,259.01,98.72
REC-004992,2026-03-12,CAMP-010,Short Video Discovery,TikTok Ads,Prospecting,Asia-Pacific,Small Business Owners,Desktop,27708,438,11,349.9,1253.94
REC-001068,2025-04-03,CAMP-003,High Intent Retargeting,Google Ads,Retargeting,North America,Returning Customers,Desktop,21210,814,101,1455.26,17226.28
REC-000480,2025-02-11,CAMP-003,High Intent Retargeting,Google Ads,Retargeting,Asia-Pacific,Small Business Owners,Mobile,15654,708,57,1264.51,9478.65
REC-001328,2025-04-25,CAMP-012,Youth Engagement Sprint,TikTok Ads,Engagement,Asia-Pacific,Small Business Owners,Desktop,34345,399,12,316.66,1124.93
REC-005983,2026-06-08,CAMP-015,Monthly Product Digest,Email,Customer Nurture,North America,New Customers,Mobile,7321,334,19,83.56,1787.12
REC-004070,2025-12-22,CAMP-023,Enterprise Pipeline Builder,LinkedIn Ads,Lead Generation,MENA,Returning Customers,Desktop,9361,161,28,753.71,5262.85
REC-002458,2025-08-08,CAMP-003,High Intent Retargeting,Google Ads,Retargeting,Asia-Pacific,Small Business Owners,Mobile,4743,214,19,418.72,2915.78
REC-003788,2025-11-28,CAMP-005,Cart Recovery Social,Meta Ads,Retargeting,Latin America,Small Business Owners,Mobile,18576,650,27,488.56,3463.43
REC-002026,2025-06-29,CAMP-014,Win Back Customers,Email,Reactivation,North America,Small Business Owners,Mobile,3834,211,24,56.93,4070.5
REC-004357,2026-01-15,CAMP-021,Micro Creator Conversion,Influencer,Influencer Partnership,MENA,Returning Customers,Mobile,14364,539,23,465.44,2823.77
REC-003071,2025-09-29,CAMP-007,B2B Decision Makers,LinkedIn Ads,Lead Generation,MENA,Small Business Owners,Mobile,3339,52,3,222.69,601.7
REC-000188,2025-01-17,CAMP-003,High Intent Retargeting,Google Ads,Retargeting,Asia-Pacific,Students & Young Professionals,Tablet,6380,402,21,605.19,1922.78
REC-002881,2025-09-13,CAMP-014,Win Back Customers,Email,Reactivation,North America,Students & Young Professionals,Tablet,14868,980,64,161.52,5888.88
REC-004354,2026-01-15,CAMP-014,Win Back Customers,Email,Reactivation,North America,Returning Customers,Mobile,2221,182,33,31.9,4104.55
REC-005663,2026-05-12,CAMP-008,Executive Thought Leadership,LinkedIn Ads,Brand Awareness,MENA,Enterprise Decision Makers,Mobile,1292,13,0,113.78,0.0
REC-004054,2025-12-20,CAMP-019,Display Retargeting Loop,Display Ads,Retargeting,Europe,Students & Young Professionals,Mobile,17670,154,2,110.52,141.1
REC-000545,2025-02-16,CAMP-001,Search Growth Engine,Google Ads,Always-on Acquisition,Europe,Students & Young Professionals,Tablet,12359,356,8,554.4,502.42
REC-000053,2025-01-05,CAMP-012,Youth Engagement Sprint,TikTok Ads,Engagement,Europe,Small Business Owners,Desktop,19644,202,4,181.34,388.75
REC-003601,2025-11-13,CAMP-001,Search Growth Engine,Google Ads,Always-on Acquisition,North America,New Customers,Mobile,17389,793,32,1281.2,3177.91
REC-001941,2025-06-21,CAMP-009,Startup Founder Leads,LinkedIn Ads,Lead Generation,Europe,Small Business Owners,Desktop,6983,75,8,339.18,1697.93
REC-001489,2025-05-09,CAMP-019,Display Retargeting Loop,Display Ads,Retargeting,North America,New Customers,Mobile,38040,377,5,250.93,611.04
REC-002934,2025-09-18,CAMP-005,Cart Recovery Social,Meta Ads,Retargeting,Europe,New Customers,Desktop,22114,779,57,839.88,5561.33
REC-001957,2025-06-23,CAMP-017,Product Demo Views,YouTube Ads,Product Education,North America,Enterprise Decision Makers,Desktop,11246,117,3,164.59,709.52
REC-001284,2025-04-22,CAMP-013,Lifecycle Nurture,Email,Customer Nurture,Asia-Pacific,Returning Customers,Mobile,5903,472,61,84.0,6238.5
REC-001035,2025-04-01,CAMP-006,Seasonal Offer Push,Meta Ads,Seasonal Promotion,Europe,New Customers,Mobile,10015,287,9,326.39,1009.86
REC-005240,2026-04-04,CAMP-010,Short Video Discovery,TikTok Ads,Prospecting,Latin America,Students & Young Professionals,Mobile,27348,355,6,171.35,353.19
REC-000618,2025-02-23,CAMP-011,Creator Product Launch,TikTok Ads,Product Launch,MENA,Small Business Owners,Mobile,13344,241,6,185.33,755.91
REC-002450,2025-08-07,CAMP-005,Cart Recovery Social,Meta Ads,Retargeting,North America,Students & Young Professionals,Desktop,11959,278,11,326.4,859.61
REC-006153,2026-06-24,CAMP-020,Creator Partnership Series,Influencer,Influencer Partnership,Europe,Enterprise Decision Makers,Mobile,46138,1169,31,1437.25,9224.66
REC-002380,2025-08-01,CAMP-023,Enterprise Pipeline Builder,LinkedIn Ads,Lead Generation,Asia-Pacific,Small Business Owners,Mobile,6083,81,9,463.1,2392.43
REC-000949,2025-03-24,CAMP-013,Lifecycle Nurture,Email,Customer Nurture,Europe,Small Business Owners,Desktop,7006,481,60,87.62,8651.04
REC-000461,2025-02-10,CAMP-019,Display Retargeting Loop,Display Ads,Retargeting,Europe,Students & Young Professionals,Desktop,13769,98,2,88.97,124.02
REC-005801,2026-05-23,CAMP-016,Video Reach Accelerator,YouTube Ads,Brand Awareness,Europe,Returning Customers,Desktop,35108,309,6,285.92,541.26
REC-001708,2025-05-29,CAMP-012,Youth Engagement Sprint,TikTok Ads,Engagement,North America,New Customers,Mobile,16094,268,2,244.8,113.34
REC-001298,2025-04-23,CAMP-023,Enterprise Pipeline Builder,LinkedIn Ads,Lead Generation,Asia-Pacific,New Customers,Mobile,6713,139,10,611.02,1791.32
REC-005454,2026-04-23,CAMP-002,Brand Demand Capture,Google Ads,Brand Awareness,Europe,New Customers,Mobile,13916,438,13,641.22,801.89
REC-000790,2025-03-11,CAMP-024,Mobile App Acquisition,Google Ads,App Acquisition,Latin America,New Customers,Mobile,6247,229,7,304.54,442.73
REC-005127,2026-03-25,CAMP-016,Video Reach Accelerator,YouTube Ads,Brand Awareness,MENA,Returning Customers,Mobile,26662,248,3,195.13,312.67
REC-002892,2025-09-14,CAMP-006,Seasonal Offer Push,Meta Ads,Seasonal Promotion,Europe,New Customers,Mobile,16265,327,8,304.52,904.39
REC-005154,2026-03-27,CAMP-021,Micro Creator Conversion,Influencer,Influencer Partnership,North America,Enterprise Decision Makers,Desktop,12135,326,24,313.64,6858.4
REC-000058,2025-01-06,CAMP-012,Youth Engagement Sprint,TikTok Ads,Engagement,Asia-Pacific,New Customers,Mobile,17677,208,4,222.09,315.73
REC-004624,2026-02-07,CAMP-010,Short Video Discovery,TikTok Ads,Prospecting,North America,Returning Customers,Tablet,24491,294,4,272.91,528.68
REC-001246,2025-04-18,CAMP-013,Lifecycle Nurture,Email,Customer Nurture,Asia-Pacific,New Customers,Desktop,6696,298,37,75.03,2805.0
REC-003635,2025-11-16,CAMP-024,Mobile App Acquisition,Google Ads,App Acquisition,Europe,Returning Customers,Mobile,7791,363,15,705.54,1220.62
REC-004582,2026-02-03,CAMP-010,Short Video Discovery,TikTok Ads,Prospecting,North America,New Customers,Mobile,7720,154,2,149.1,218.49
REC-000778,2025-03-10,CAMP-023,Enterprise Pipeline Builder,LinkedIn Ads,Lead Generation,Latin America,New Customers,Desktop,1345,19,2,127.49,358.39
REC-004998,2026-03-13,CAMP-012,Youth Engagement Sprint,TikTok Ads,Engagement,Europe,Returning Customers,Mobile,34083,402,7,365.96,624.0
REC-005567,2026-05-03,CAMP-016,Video Reach Accelerator,YouTube Ads,Brand Awareness,Asia-Pacific,New Customers,Mobile,18087,136,1,118.63,82.69
REC-001473,2025-05-08,CAMP-010,Short Video Discovery,TikTok Ads,Prospecting,Europe,New Customers,Mobile,24449,406,6,364.95,620.83
REC-003774,2025-11-27,CAMP-003,High Intent Retargeting,Google Ads,Retargeting,North America,Enterprise Decision Makers,Desktop,8604,518,53,947.34,18940.29
REC-002940,2025-09-18,CAMP-003,High Intent Retargeting,Google Ads,Retargeting,MENA,Small Business Owners,Mobile,11964,758,59,946.32,9927.57
REC-000241,2025-01-22,CAMP-015,Monthly Product Digest,Email,Customer Nurture,North America,Students & Young Professionals,Mobile,11060,485,26,125.97,1672.14
REC-003611,2025-11-14,CAMP-014,Win Back Customers,Email,Reactivation,Asia-Pacific,New Customers,Desktop,7873,611,122,87.02,12604.74
REC-003719,2025-11-23,CAMP-005,Cart Recovery Social,Meta Ads,Retargeting,North America,Students & Young Professionals,Mobile,12676,447,14,530.18,1123.84
REC-003101,2025-10-02,CAMP-005,Cart Recovery Social,Meta Ads,Retargeting,Europe,New Customers,Mobile,14289,517,18,548.53,1801.16
REC-005190,2026-03-31,CAMP-023,Enterprise Pipeline Builder,LinkedIn Ads,Lead Generation,Asia-Pacific,Students & Young Professionals,Tablet,4390,61,3,294.59,279.87
REC-000176,2025-01-16,CAMP-023,Enterprise Pipeline Builder,LinkedIn Ads,Lead Generation,Europe,Returning Customers,Mobile,5535,77,6,454.26,993.91
REC-005176,2026-03-29,CAMP-023,Enterprise Pipeline Builder,LinkedIn Ads,Lead Generation,North America,Small Business Owners,Mobile,5555,75,5,383.69,1315.73
REC-003183,2025-10-09,CAMP-003,High Intent Retargeting,Google Ads,Retargeting,Latin America,Returning Customers,Mobile,16307,955,108,1022.3,15559.84
REC-002911,2025-09-16,CAMP-017,Product Demo Views,YouTube Ads,Product Education,Asia-Pacific,Small Business Owners,Mobile,25930,360,8,344.64,1387.62
REC-005914,2026-06-02,CAMP-005,Cart Recovery Social,Meta Ads,Retargeting,MENA,New Customers,Mobile,20651,778,46,752.91,4518.06
REC-003175,2025-10-09,CAMP-002,Brand Demand Capture,Google Ads,Brand Awareness,Asia-Pacific,New Customers,Mobile,13790,482,11,835.9,853.75
REC-003557,2025-11-10,CAMP-004,Social Scale Prospecting,Meta Ads,Prospecting,Europe,Returning Customers,Mobile,20933,534,21,635.62,2870.29
REC-003641,2025-11-16,CAMP-019,Display Retargeting Loop,Display Ads,Retargeting,Latin America,New Customers,Mobile,19172,152,2,95.49,235.93
REC-004534,2026-01-30,CAMP-019,Display Retargeting Loop,Display Ads,Retargeting,Europe,Small Business Owners,Desktop,15174,86,1,75.84,147.65
REC-003920,2025-12-09,CAMP-019,Display Retargeting Loop,Display Ads,Retargeting,Europe,Returning Customers,Mobile,11806,125,2,55.63,270.29
REC-005878,2026-05-29,CAMP-013,Lifecycle Nurture,Email,Customer Nurture,Europe,Small Business Owners,Mobile,8660,538,40,105.09,4819.64
REC-005583,2026-05-04,CAMP-011,Creator Product Launch,TikTok Ads,Product Launch,MENA,New Customers,Desktop,27873,580,21,463.77,1798.27
REC-001355,2025-04-27,CAMP-020,Creator Partnership Series,Influencer,Influencer Partnership,North America,New Customers,Mobile,20654,653,19,543.46,2143.16
REC-002161,2025-07-13,CAMP-012,Youth Engagement Sprint,TikTok Ads,Engagement,Europe,New Customers,Desktop,16023,236,7,216.58,428.71
REC-002660,2025-08-25,CAMP-016,Video Reach Accelerator,YouTube Ads,Brand Awareness,North America,New Customers,Mobile,13550,112,1,139.37,66.97
REC-004960,2026-03-09,CAMP-019,Display Retargeting Loop,Display Ads,Retargeting,MENA,Students & Young Professionals,Mobile,27655,256,3,123.61,211.12
REC-000959,2025-03-25,CAMP-021,Micro Creator Conversion,Influencer,Influencer Partnership,Asia-Pacific,Small Business Owners,Mobile,26444,1156,33,711.79,4267.71
REC-000011,2025-01-01,CAMP-012,Youth Engagement Sprint,TikTok Ads,Engagement,North America,Small Business Owners,Mobile,13060,206,5,194.24,539.9
REC-002784,2025-09-05,CAMP-012,Youth Engagement Sprint,TikTok Ads,Engagement,MENA,Students & Young Professionals,Tablet,30697,283,4,182.74,170.31
REC-003441,2025-10-31,CAMP-021,Micro Creator Conversion,Influencer,Influencer Partnership,North America,Small Business Owners,Mobile,50959,1470,61,937.16,7057.29
REC-005297,2026-04-09,CAMP-007,B2B Decision Makers,LinkedIn Ads,Lead Generation,Latin America,New Customers,Desktop,4880,85,6,327.05,752.15
REC-000607,2025-02-22,CAMP-012,Youth Engagement Sprint,TikTok Ads,Engagement,Europe,Returning Customers,Mobile,12868,152,3,129.53,295.17
REC-004106,2025-12-25,CAMP-013,Lifecycle Nurture,Email,Customer Nurture,MENA,Students & Young Professionals,Mobile,20288,1039,58,211.69,4149.83
REC-004805,2026-02-23,CAMP-002,Brand Demand Capture,Google Ads,Brand Awareness,North America,New Customers,Desktop,15185,583,21,1250.01,1652.42
REC-002216,2025-07-17,CAMP-012,Youth Engagement Sprint,TikTok Ads,Engagement,Asia-Pacific,Students & Young Professionals,Mobile,23769,439,6,355.71,267.82
REC-003185,2025-10-10,CAMP-017,Product Demo Views,YouTube Ads,Product Education,North America,Returning Customers,Mobile,20618,239,7,184.66,972.36
REC-002068,2025-07-03,CAMP-014,Win Back Customers,Email,Reactivation,Europe,Returning Customers,Mobile,2693,170,30,54.24,3851.31
REC-004050,2025-12-20,CAMP-021,Micro Creator Conversion,Influencer,Influencer Partnership,Europe,Students & Young Professionals,Mobile,52369,1979,33,1669.33,2089.97
REC-002085,2025-07-05,CAMP-019,Display Retargeting Loop,Display Ads,Retargeting,Asia-Pacific,Students & Young Professionals,Tablet,15444,102,0,69.96,0.0
REC-005167,2026-03-29,CAMP-002,Brand Demand Capture,Google Ads,Brand Awareness,Asia-Pacific,Students & Young Professionals,Desktop,9382,293,9,437.51,452.64
REC-003022,2025-09-25,CAMP-021,Micro Creator Conversion,Influencer,Influencer Partnership,North America,Returning Customers,Tablet,62271,1489,47,1080.08,5889.09
REC-002039,2025-07-01,CAMP-024,Mobile App Acquisition,Google Ads,App Acquisition,Asia-Pacific,Returning Customers,Mobile,8356,428,27,740.43,1716.17
REC-002805,2025-09-07,CAMP-009,Startup Founder Leads,LinkedIn Ads,Lead Generation,MENA,New Customers,Mobile,1742,26,1,132.12,102.79
REC-001576,2025-05-17,CAMP-004,Social Scale Prospecting,Meta Ads,Prospecting,Latin America,New Customers,Mobile,23468,452,12,408.77,1060.9
REC-003569,2025-11-10,CAMP-019,Display Retargeting Loop,Display Ads,Retargeting,North America,Returning Customers,Mobile,20117,156,4,102.87,447.8
REC-002282,2025-07-23,CAMP-015,Monthly Product Digest,Email,Customer Nurture,North America,Returning Customers,Mobile,6699,414,48,79.57,6246.85
REC-002434,2025-08-06,CAMP-009,Startup Founder Leads,LinkedIn Ads,Lead Generation,Europe,Small Business Owners,Desktop,2250,34,5,195.48,917.53
REC-004683,2026-02-13,CAMP-024,Mobile App Acquisition,Google Ads,App Acquisition,Europe,Returning Customers,Desktop,12084,445,34,667.03,2125.91
REC-004367,2026-01-16,CAMP-009,Startup Founder Leads,LinkedIn Ads,Lead Generation,Asia-Pacific,New Customers,Mobile,3618,56,3,300.92,437.39
REC-004475,2026-01-25,CAMP-020,Creator Partnership Series,Influencer,Influencer Partnership,Latin America,Small Business Owners,Desktop,33761,769,28,977.4,4693.51
REC-001504,2025-05-11,CAMP-015,Monthly Product Digest,Email,Customer Nurture,North America,Returning Customers,Desktop,4275,257,48,66.79,6140.1
REC-002933,2025-09-18,CAMP-005,Cart Recovery Social,Meta Ads,Retargeting,Europe,Small Business Owners,Mobile,11411,337,13,311.13,2025.28
REC-005982,2026-06-08,CAMP-008,Executive Thought Leadership,LinkedIn Ads,Brand Awareness,MENA,Small Business Owners,Mobile,3133,36,1,176.25,70.48
REC-002831,2025-09-09,CAMP-008,Executive Thought Leadership,LinkedIn Ads,Brand Awareness,Europe,Returning Customers,Mobile,4195,51,2,339.16,109.78
REC-005931,2026-06-03,CAMP-010,Short Video Discovery,TikTok Ads,Prospecting,Latin America,Enterprise Decision Makers,Tablet,30399,380,6,264.7,1610.89
REC-005029,2026-03-15,CAMP-006,Seasonal Offer Push,Meta Ads,Seasonal Promotion,MENA,New Customers,Mobile,27553,844,23,674.29,1751.88
REC-006022,2026-06-12,CAMP-019,Display Retargeting Loop,Display Ads,Retargeting,North America,New Customers,Tablet,33789,186,1,138.19,88.54
REC-005702,2026-05-15,CAMP-002,Brand Demand Capture,Google Ads,Brand Awareness,MENA,Small Business Owners,Mobile,13261,394,17,671.15,1655.3
REC-001428,2025-05-04,CAMP-019,Display Retargeting Loop,Display Ads,Retargeting,MENA,New Customers,Mobile,19594,125,2,83.2,180.24
REC-001628,2025-05-22,CAMP-014,Win Back Customers,Email,Reactivation,Asia-Pacific,New Customers,Mobile,8008,691,105,98.62,10585.68
REC-003367,2025-10-25,CAMP-007,B2B Decision Makers,LinkedIn Ads,Lead Generation,Asia-Pacific,Students & Young Professionals,Mobile,3840,70,4,299.11,316.58
REC-000193,2025-01-17,CAMP-024,Mobile App Acquisition,Google Ads,App Acquisition,Europe,Small Business Owners,Mobile,8176,363,20,503.07,1578.76
REC-002714,2025-08-29,CAMP-001,Search Growth Engine,Google Ads,Always-on Acquisition,MENA,New Customers,Mobile,4534,193,9,331.27,898.03
REC-004384,2026-01-17,CAMP-003,High Intent Retargeting,Google Ads,Retargeting,MENA,New Customers,Desktop,9057,515,44,844.86,5808.17
REC-004545,2026-01-31,CAMP-004,Social Scale Prospecting,Meta Ads,Prospecting,Latin America,Small Business Owners,Mobile,10485,177,5,153.53,625.78
REC-001977,2025-06-24,CAMP-019,Display Retargeting Loop,Display Ads,Retargeting,Europe,Small Business Owners,Mobile,24594,228,3,148.84,514.82
REC-004454,2026-01-23,CAMP-020,Creator Partnership Series,Influencer,Influencer Partnership,Asia-Pacific,Returning Customers,Mobile,20333,756,28,467.15,3376.89
REC-000485,2025-02-11,CAMP-024,Mobile App Acquisition,Google Ads,App Acquisition,Europe,Students & Young Professionals,Mobile,14867,554,12,1113.79,468.26
REC-003164,2025-10-08,CAMP-023,Enterprise Pipeline Builder,LinkedIn Ads,Lead Generation,Latin America,Enterprise Decision Makers,Desktop,8188,148,20,528.87,9537.64
REC-001400,2025-05-01,CAMP-023,Enterprise Pipeline Builder,LinkedIn Ads,Lead Generation,Europe,Returning Customers,Desktop,3158,63,10,354.82,2120.89
REC-005488,2026-04-26,CAMP-003,High Intent Retargeting,Google Ads,Retargeting,Asia-Pacific,Students & Young Professionals,Mobile,19061,1118,76,1825.91,5901.63
REC-002722,2025-08-30,CAMP-020,Creator Partnership Series,Influencer,Influencer Partnership,Asia-Pacific,Students & Young Professionals,Tablet,27223,485,8,476.66,646.65
REC-005920,2026-06-02,CAMP-003,High Intent Retargeting,Google Ads,Retargeting,Latin America,Students & Young Professionals,Desktop,14181,639,36,862.57,3526.19
REC-003566,2025-11-10,CAMP-003,High Intent Retargeting,Google Ads,Retargeting,Asia-Pacific,Students & Young Professionals,Desktop,5103,254,20,345.52,1898.33
REC-004676,2026-02-12,CAMP-017,Product Demo Views,YouTube Ads,Product Education,North America,Small Business Owners,Mobile,25676,356,8,283.25,1285.16
REC-004657,2026-02-10,CAMP-011,Creator Product Launch,TikTok Ads,Product Launch,MENA,New Customers,Desktop,22504,259,6,163.88,553.01
REC-001787,2025-06-06,CAMP-023,Enterprise Pipeline Builder,LinkedIn Ads,Lead Generation,Asia-Pacific,Small Business Owners,Tablet,6848,90,6,407.4,1401.47
REC-002511,2025-08-12,CAMP-012,Youth Engagement Sprint,TikTok Ads,Engagement,Europe,Returning Customers,Desktop,29947,310,8,300.51,682.73
REC-005693,2026-05-14,CAMP-021,Micro Creator Conversion,Influencer,Influencer Partnership,Latin America,Small Business Owners,Mobile,40813,1287,53,1042.39,6208.18
REC-004378,2026-01-17,CAMP-013,Lifecycle Nurture,Email,Customer Nurture,North America,Small Business Owners,Desktop,2345,133,23,43.76,3491.86
REC-003784,2025-11-28,CAMP-018,Programmatic Market Reach,Display Ads,Brand Awareness,Latin America,Small Business Owners,Desktop,39401,138,2,69.28,138.06
REC-004838,2026-02-26,CAMP-013,Lifecycle Nurture,Email,Customer Nurture,Latin America,Small Business Owners,Desktop,12208,570,97,126.6,11484.18
REC-002534,2025-08-14,CAMP-020,Creator Partnership Series,Influencer,Influencer Partnership,Latin America,Enterprise Decision Makers,Desktop,20865,425,18,575.49,5531.77
REC-001303,2025-04-23,CAMP-012,Youth Engagement Sprint,TikTok Ads,Engagement,North America,New Customers,Desktop,16038,225,6,278.55,485.51
REC-000899,2025-03-20,CAMP-004,Social Scale Prospecting,Meta Ads,Prospecting,Europe,Students & Young Professionals,Tablet,21609,316,8,268.27,453.03
REC-003751,2025-11-25,CAMP-007,B2B Decision Makers,LinkedIn Ads,Lead Generation,Asia-Pacific,Students & Young Professionals,Mobile,7063,108,4,547.05,345.25
REC-004648,2026-02-09,CAMP-001,Search Growth Engine,Google Ads,Always-on Acquisition,North America,Returning Customers,Mobile,6666,266,14,505.76,1929.58
REC-003005,2025-09-23,CAMP-009,Startup Founder Leads,LinkedIn Ads,Lead Generation,North America,New Customers,Desktop,6379,60,5,378.32,581.34
REC-004180,2025-12-30,CAMP-022,Holiday Revenue Boost,Meta Ads,Seasonal Promotion,North America,New Customers,Mobile,11290,243,9,285.5,842.6
REC-002327,2025-07-27,CAMP-008,Executive Thought Leadership,LinkedIn Ads,Brand Awareness,Latin America,Small Business Owners,Tablet,5987,39,2,188.84,174.48
REC-003718,2025-11-22,CAMP-023,Enterprise Pipeline Builder,LinkedIn Ads,Lead Generation,North America,New Customers,Mobile,7702,139,12,904.94,1985.85
REC-006162,2026-06-25,CAMP-019,Display Retargeting Loop,Display Ads,Retargeting,North America,Students & Young Professionals,Mobile,15832,111,1,62.03,84.16
REC-005828,2026-05-25,CAMP-014,Win Back Customers,Email,Reactivation,Asia-Pacific,Small Business Owners,Mobile,4155,352,57,53.36,11043.52
REC-004847,2026-02-26,CAMP-002,Brand Demand Capture,GOOGLE ADS,Brand Awareness,North America,New Customers,Desktop,15345,540,19,1083.69,1507.47
REC-002521,2025-08-13,CAMP-019,Display Retargeting Loop,Display Ads,Retargeting,Europe,New Customers,Desktop,44035,382,9,250.76,835.18
REC-003186,2025-10-10,CAMP-022,Holiday Revenue Boost,Meta Ads,Seasonal Promotion,MENA,New Customers,Mobile,11763,375,16,332.76,1307.9
REC-005122,2026-03-24,CAMP-018,Programmatic Market Reach,Display Ads,Brand Awareness,Latin America,Returning Customers,Mobile,55197,263,1,127.06,54.92
REC-003243,2025-10-14,CAMP-013,Lifecycle Nurture,Email,Customer Nurture,Europe,Small Business Owners,Desktop,12465,792,106,144.83,16472.18
REC-005321,2026-04-12,CAMP-001,Search Growth Engine,Google Ads,Always-on Acquisition,North America,Returning Customers,Mobile,10144,438,25,852.37,2898.17
REC-005979,2026-06-08,CAMP-016,Video Reach Accelerator,YouTube Ads,Brand Awareness,Europe,New Customers,Mobile,34104,270,3,217.49,212.68
REC-002188,2025-07-15,CAMP-020,Creator Partnership Series,Influencer,Influencer Partnership,North America,Students & Young Professionals,Mobile,41906,1092,34,1131.58,2505.17
REC-002950,2025-09-19,CAMP-014,Win Back Customers,Email,Reactivation,MENA,Returning Customers,Mobile,4625,292,45,65.5,7847.45
REC-000147,2025-01-13,CAMP-004,Social Scale Prospecting,Meta Ads,Prospecting,Asia-Pacific,Returning Customers,Mobile,20880,348,15,404.03,1784.24
REC-003286,2025-10-18,CAMP-015,Monthly Product Digest,Email,Customer Nurture,MENA,New Customers,Mobile,7913,588,42,104.83,3346.27
REC-002480,2025-08-09,CAMP-003,High Intent Retargeting,Google Ads,Retargeting,Latin America,Enterprise Decision Makers,Desktop,3714,275,38,300.16,14603.71
REC-003316,2025-10-20,CAMP-015,Monthly Product Digest,Email,Customer Nurture,MENA,New Customers,Tablet,11169,491,27,115.03,2618.95
REC-005908,2026-06-01,CAMP-021,Micro Creator Conversion,Influencer,Influencer Partnership,North America,New Customers,Desktop,11175,279,12,285.21,1144.03
REC-000294,2025-01-26,CAMP-024,Mobile App Acquisition,Google Ads,App Acquisition,North America,Enterprise Decision Makers,Mobile,3811,147,7,285.31,991.71
REC-001028,2025-03-31,CAMP-003,High Intent Retargeting,Google Ads,Retargeting,Asia-Pacific,Returning Customers,Desktop,17976,1188,116,1529.55,14725.4
REC-001055,2025-04-03,CAMP-005,Cart Recovery Social,Meta Ads,Retargeting,Europe,New Customers,Mobile,27948,1079,57,1034.98,4359.93
REC-005650,2026-05-10,CAMP-008,Executive Thought Leadership,LinkedIn Ads,Brand Awareness,MENA,Returning Customers,Mobile,3027,29,1,175.79,74.52
REC-001435,2025-05-04,CAMP-023,Enterprise Pipeline Builder,LinkedIn Ads,Lead Generation,Europe,Students & Young Professionals,Mobile,3805,78,4,346.43,379.64
REC-000237,2025-01-21,CAMP-010,Short Video Discovery,TikTok Ads,Prospecting,Asia-Pacific,Small Business Owners,Mobile,20932,315,9,247.99,1014.66
REC-003220,2025-10-13,CAMP-001,Search Growth Engine,Google Ads,Always-on Acquisition,MENA,Students & Young Professionals,Mobile,5514,271,13,388.66,1091.91
REC-003477,2025-11-03,CAMP-011,Creator Product Launch,TikTok Ads,Product Launch,Latin America,Small Business Owners,Desktop,11127,233,7,122.82,1083.65
REC-004530,2026-01-30,CAMP-015,Monthly Product Digest,Email,Customer Nurture,MENA,Returning Customers,Mobile,4104,305,32,69.86,4251.64
REC-001987,2025-06-25,CAMP-013,Lifecycle Nurture,Email,Customer Nurture,Europe,New Customers,Mobile,11385,693,54,129.39,4249.48
REC-002037,2025-06-30,CAMP-021,Micro Creator Conversion,Influencer,Influencer Partnership,Latin America,Returning Customers,Desktop,9723,305,20,204.54,2037.87
REC-000823,2025-03-14,CAMP-008,Executive Thought Leadership,LinkedIn Ads,Brand Awareness,Latin America,New Customers,Mobile,6451,59,2,267.34,100.81
REC-000537,2025-02-16,CAMP-019,Display Retargeting Loop,Display Ads,Retargeting,Asia-Pacific,Students & Young Professionals,Mobile,23484,180,1,117.92,79.71
REC-005775,2026-05-21,CAMP-021,Micro Creator Conversion,Influencer,Influencer Partnership,Europe,Returning Customers,Desktop,45525,1643,73,1571.31,7136.09
REC-000526,2025-02-15,CAMP-011,Creator Product Launch,TikTok Ads,Product Launch,MENA,Returning Customers,Desktop,17502,364,16,211.46,2328.34
REC-006085,2026-06-17,CAMP-001,Search Growth Engine,Google Ads,Always-on Acquisition,Latin America,Students & Young Professionals,Mobile,10949,678,31,979.45,2317.37
REC-000891,2025-03-20,CAMP-007,B2B Decision Makers,LinkedIn Ads,Lead Generation,North America,Enterprise Decision Makers,Mobile,6778,103,7,575.82,2828.71
REC-004096,2025-12-24,CAMP-020,Creator Partnership Series,Influencer,Influencer Partnership,North America,Students & Young Professionals,Mobile,27064,971,28,883.03,2292.94
REC-003799,2025-11-29,CAMP-007,B2B Decision Makers,LinkedIn Ads,Lead Generation,Latin America,New Customers,Desktop,6096,70,7,233.2,883.68
REC-005218,2026-04-02,CAMP-015,Monthly Product Digest,Email,Customer Nurture,Europe,Returning Customers,Desktop,8720,401,59,100.72,5827.83
REC-005356,2026-04-14,CAMP-002,Brand Demand Capture,Google Ads,Brand Awareness,Europe,New Customers,Mobile,9880,482,10,900.05,615.64
REC-005222,2026-04-03,CAMP-007,B2B Decision Makers,LinkedIn Ads,Lead Generation,MENA,Enterprise Decision Makers,Mobile,9724,125,12,635.62,4337.33
REC-001665,2025-05-26,CAMP-015,Monthly Product Digest,Email,Customer Nurture,Europe,Students & Young Professionals,Desktop,7919,504,31,98.11,1860.4
REC-001468,2025-05-07,CAMP-008,Executive Thought Leadership,LinkedIn Ads,Brand Awareness,Europe,Students & Young Professionals,Desktop,4852,47,1,254.41,34.13
REC-003291,2025-10-19,CAMP-017,Product Demo Views,YouTube Ads,Product Education,Asia-Pacific,New Customers,Desktop,10749,122,1,138.79,121.26
REC-000837,2025-03-15,CAMP-004,Social Scale Prospecting,Meta Ads,Prospecting,Europe,Returning Customers,Mobile,17301,321,14,351.82,1481.22
REC-001626,2025-05-22,CAMP-018,Programmatic Market Reach,Display Ads,Brand Awareness,Europe,Small Business Owners,Mobile,19444,81,0,85.53,0.0
REC-004013,2025-12-17,CAMP-007,B2B Decision Makers,LinkedIn Ads,Lead Generation,North America,Returning Customers,Mobile,7675,150,12,823.14,1907.85
REC-002571,2025-08-17,CAMP-014,Win Back Customers,Email,Reactivation,Asia-Pacific,Enterprise Decision Makers,Mobile,9733,814,115,126.36,36257.09
REC-003214,2025-10-12,CAMP-014,Win Back Customers,Email,Reactivation,North America,Small Business Owners,Desktop,8735,620,116,102.42,21698.99
REC-003160,2025-10-07,CAMP-014,Win Back Customers,Email,Reactivation,North America,New Customers,Mobile,5030,292,39,63.29,5075.04
REC-002654,2025-08-24,CAMP-001,Search Growth Engine,Google Ads,Always-on Acquisition,North America,Enterprise Decision Makers,Desktop,12859,395,26,894.49,5833.01
REC-000169,2025-01-15,CAMP-023,Enterprise Pipeline Builder,LinkedIn Ads,Lead Generation,Latin America,New Customers,Mobile,4900,79,7,277.03,961.47
REC-002056,2025-07-02,CAMP-009,Startup Founder Leads,LinkedIn Ads,Lead Generation,Latin America,New Customers,Desktop,4867,52,4,226.96,528.52
REC-005366,2026-04-15,CAMP-006,Seasonal Offer Push,Meta Ads,Seasonal Promotion,Asia-Pacific,Small Business Owners,Mobile,18763,441,14,361.99,1997.49
REC-002183,2025-07-14,CAMP-008,Executive Thought Leadership,LinkedIn Ads,Brand Awareness,Asia-Pacific,New Customers,Mobile,3610,36,1,249.17,48.08
REC-001371,2025-04-29,CAMP-001,Search Growth Engine,Google Ads,Always-on Acquisition,Asia-Pacific,New Customers,Mobile,15602,581,26,973.43,2185.68
REC-006128,2026-06-21,CAMP-004,Social Scale Prospecting,Meta Ads,Prospecting,Asia-Pacific,Students & Young Professionals,Mobile,11433,227,6,225.73,385.44
REC-001378,2025-04-29,CAMP-016,Video Reach Accelerator,YouTube Ads,Brand Awareness,MENA,Returning Customers,Mobile,30088,310,4,269.87,336.97
REC-005957,2026-06-06,CAMP-020,Creator Partnership Series,Influencer,Influencer Partnership,Europe,New Customers,Desktop,45092,1460,40,1544.52,3025.93
REC-003372,2025-10-25,CAMP-015,Monthly Product Digest,Email,Customer Nurture,Europe,Enterprise Decision Makers,Tablet,4283,211,16,65.22,4476.05
REC-002201,2025-07-16,CAMP-024,Mobile App Acquisition,Google Ads,App Acquisition,Europe,New Customers,Mobile,5721,194,6,384.93,325.39
REC-002378,2025-08-01,CAMP-012,Youth Engagement Sprint,TikTok Ads,Engagement,MENA,New Customers,Tablet,10491,108,2,113.4,136.67
REC-005556,2026-05-02,CAMP-018,Programmatic Market Reach,Display Ads,Brand Awareness,MENA,Returning Customers,Mobile,33866,163,1,78.75,67.9
REC-004844,2026-02-26,CAMP-003,High Intent Retargeting,Google Ads,Retargeting,North America,Small Business Owners,Mobile,17456,909,95,1403.0,15740.87
REC-001441,2025-05-05,CAMP-008,Executive Thought Leadership,LinkedIn Ads,Brand Awareness,Latin America,Enterprise Decision Makers,Tablet,6917,52,2,268.31,325.59
REC-001982,2025-06-25,CAMP-002,Brand Demand Capture,Google Ads,Brand Awareness,North America,Returning Customers,Mobile,10862,431,22,1001.52,1972.29
REC-006114,2026-06-20,CAMP-020,Creator Partnership Series,Influencer,Influencer Partnership,Europe,Small Business Owners,Mobile,33391,1155,26,762.89,3204.91
REC-003343,2025-10-23,CAMP-019,Display Retargeting Loop,Display Ads,Retargeting,Europe,Students & Young Professionals,Mobile,20451,200,2,99.03,162.88
REC-004928,2026-03-06,CAMP-021,Micro Creator Conversion,Influencer,Influencer Partnership,Latin America,New Customers,Tablet,50819,1318,45,948.35,3599.69
REC-001699,2025-05-29,CAMP-017,Product Demo Views,YouTube Ads,Product Education,Asia-Pacific,New Customers,Mobile,37267,378,4,340.01,360.8
REC-000106,2025-01-10,CAMP-016,Video Reach Accelerator,YouTube Ads,Brand Awareness,MENA,New Customers,Mobile,7935,82,1,81.12,73.96
REC-002763,2025-09-03,CAMP-020,Creator Partnership Series,Influencer,Influencer Partnership,North America,Small Business Owners,Mobile,31153,1077,26,1057.06,3678.09
REC-005305,2026-04-10,CAMP-009,Startup Founder Leads,LinkedIn Ads,Lead Generation,North America,Small Business Owners,Desktop,4189,52,5,398.42,735.27
REC-003750,2025-11-25,CAMP-003,High Intent Retargeting,Google Ads,Retargeting,MENA,Small Business Owners,Mobile,13025,623,31,800.28,4806.52
REC-003899,2025-12-08,CAMP-018,Programmatic Market Reach,Display Ads,Brand Awareness,North America,Small Business Owners,Desktop,18237,74,1,91.83,89.37
REC-005679,2026-05-13,CAMP-007,B2B Decision Makers,LinkedIn Ads,Lead Generation,Asia-Pacific,Enterprise Decision Makers,Mobile,4947,75,8,346.65,2291.9
REC-002202,2025-07-16,CAMP-014,Win Back Customers,Email,Reactivation,North America,Returning Customers,Desktop,8921,495,91,102.21,12351.39
REC-001302,2025-04-23,CAMP-006,Seasonal Offer Push,Meta Ads,Seasonal Promotion,North America,Students & Young Professionals,Mobile,28345,814,19,809.44,1137.16
REC-002319,2025-07-27,CAMP-001,Search Growth Engine,Google Ads,Always-on Acquisition,MENA,Returning Customers,Tablet,7262,201,9,349.24,1177.87
REC-003418,2025-10-29,CAMP-008,Executive Thought Leadership,LinkedIn Ads,Brand Awareness,North America,Returning Customers,Desktop,2933,27,2,204.92,128.82
REC-004581,2026-02-03,CAMP-013,Lifecycle Nurture,Email,Customer Nurture,Asia-Pacific,Returning Customers,Mobile,9233,493,63,108.09,7018.28
REC-006149,2026-06-23,CAMP-003,High Intent Retargeting,Google Ads,Retargeting,Asia-Pacific,New Customers,Tablet,8365,426,32,666.65,3617.15
REC-000835,2025-03-15,CAMP-019,Display Retargeting Loop,Display Ads,Retargeting,North America,New Customers,Mobile,37650,254,4,165.86,403.7
REC-005864,2026-05-28,CAMP-009,Startup Founder Leads,LinkedIn Ads,Lead Generation,Europe,Students & Young Professionals,Mobile,5908,68,2,405.49,165.38
REC-003109,2025-10-03,CAMP-010,Short Video Discovery,TikTok Ads,Prospecting,Asia-Pacific,Students & Young Professionals,Mobile,7571,169,2,161.42,126.22
REC-006065,2026-06-15,CAMP-012,Youth Engagement Sprint,TikTok Ads,Engagement,Asia-Pacific,Returning Customers,Mobile,10240,165,5,134.89,394.96
REC-000922,2025-03-22,CAMP-013,Lifecycle Nurture,Email,Customer Nurture,Latin America,Enterprise Decision Makers,Mobile,9895,604,86,119.15,20686.62
REC-000384,2025-02-03,CAMP-002,Brand Demand Capture,Google Ads,Brand Awareness,Latin America,Small Business Owners,Desktop,6261,170,6,203.89,638.02
REC-001963,2025-06-23,CAMP-015,Monthly Product Digest,Email,Customer Nurture,North America,Students & Young Professionals,Mobile,9890,512,27,117.14,1654.22
REC-003970,2025-12-13,CAMP-008,Executive Thought Leadership,LinkedIn Ads,Brand Awareness,North America,Students & Young Professionals,Mobile,6058,65,1,400.95,37.37
REC-005384,2026-04-17,CAMP-007,B2B Decision Makers,LinkedIn Ads,Lead Generation,Latin America,Small Business Owners,Mobile,4640,63,6,233.22,1104.61
REC-000519,2025-02-14,CAMP-007,B2B Decision Makers,LinkedIn Ads,Lead Generation,Asia-Pacific,Enterprise Decision Makers,Mobile,4610,56,5,262.61,2134.15
REC-002896,2025-09-15,CAMP-019,Display Retargeting Loop,Display Ads,Retargeting,North America,New Customers,Desktop,34645,179,3,121.79,306.89
REC-006137,2026-06-22,CAMP-016,Video Reach Accelerator,YouTube Ads,Brand Awareness,MENA,Students & Young Professionals,Mobile,36320,276,1,243.81,58.0
REC-005284,2026-04-08,CAMP-006,Seasonal Offer Push,Meta Ads,Seasonal Promotion,North America,New Customers,Desktop,13715,301,13,398.66,1125.94
REC-004058,2025-12-21,CAMP-005,Cart Recovery Social,Meta Ads,Retargeting,North America,Returning Customers,Desktop,7775,189,14,260.14,1557.32
REC-000284,2025-01-26,CAMP-002,Brand Demand Capture,Google Ads,Brand Awareness,Latin America,New Customers,Mobile,10884,391,13,526.47,946.71
REC-004471,2026-01-25,CAMP-021,Micro Creator Conversion,Influencer,Influencer Partnership,Asia-Pacific,New Customers,Mobile,24191,1084,36,686.64,3898.92
REC-000321,2025-01-29,CAMP-010,Short Video Discovery,TikTok Ads,Prospecting,Europe,Returning Customers,Desktop,13927,159,5,121.29,660.67
REC-003203,2025-10-11,CAMP-016,Video Reach Accelerator,YouTube Ads,Brand Awareness,Europe,Returning Customers,Desktop,24217,229,4,185.76,405.39
REC-002122,2025-07-09,CAMP-013,Lifecycle Nurture,Email,Customer Nurture,Europe,Students & Young Professionals,Desktop,2504,118,10,45.49,566.28
REC-000392,2025-02-04,CAMP-020,Creator Partnership Series,Influencer,Influencer Partnership,North America,Enterprise Decision Makers,Mobile,35555,1273,47,983.39,14732.3
REC-002395,2025-08-03,CAMP-009,Startup Founder Leads,LinkedIn Ads,Lead Generation,Asia-Pacific,Small Business Owners,Mobile,1769,28,3,160.08,464.38
REC-000566,2025-02-18,CAMP-012,Youth Engagement Sprint,TikTok Ads,Engagement,MENA,New Customers,Desktop,22236,310,7,218.49,528.63
REC-004975,2026-03-11,CAMP-024,Mobile App Acquisition,Google Ads,App Acquisition,Asia-Pacific,Enterprise Decision Makers,Tablet,21863,758,41,1198.18,7047.31
REC-003965,2025-12-13,CAMP-022,Holiday Revenue Boost,Meta Ads,Seasonal Promotion,Latin America,Returning Customers,Mobile,21829,674,33,440.53,4563.85
REC-000352,2025-02-01,CAMP-023,Enterprise Pipeline Builder,LinkedIn Ads,Lead Generation,MENA,New Customers,Mobile,6313,104,8,570.37,1418.55
REC-005768,2026-05-20,CAMP-004,Social Scale Prospecting,Meta Ads,Prospecting,MENA,Students & Young Professionals,Mobile,25892,506,11,439.57,712.25
REC-002583,2025-08-18,CAMP-019,Display Retargeting Loop,Display Ads,Retargeting,Asia-Pacific,Small Business Owners,Desktop,44877,311,5,157.96,616.85
REC-000200,2025-01-18,CAMP-016,Video Reach Accelerator,YouTube Ads,Brand Awareness,Asia-Pacific,Small Business Owners,Mobile,6660,61,1,73.67,123.68
REC-002117,2025-07-08,CAMP-020,Creator Partnership Series,Influencer,Influencer Partnership,MENA,New Customers,Desktop,50030,1173,45,1383.67,5128.84
REC-002057,2025-07-02,CAMP-017,Product Demo Views,YouTube Ads,Product Education,Asia-Pacific,New Customers,Tablet,18916,139,1,98.58,106.21
REC-003317,2025-10-20,CAMP-004,Social Scale Prospecting,Meta Ads,Prospecting,Latin America,Returning Customers,Desktop,7136,166,9,161.84,1299.69
REC-003810,2025-11-30,CAMP-011,Creator Product Launch,TikTok Ads,Product Launch,Europe,New Customers,Mobile,28368,590,10,446.26,1146.09
REC-001843,2025-06-12,CAMP-024,Mobile App Acquisition,Google Ads,App Acquisition,Europe,New Customers,Mobile,6613,326,17,483.39,1074.49
REC-002637,2025-08-23,CAMP-007,B2B Decision Makers,LinkedIn Ads,Lead Generation,North America,,Mobile,1073,18,2,126.06,412.8
REC-004776,2026-02-21,CAMP-001,Search Growth Engine,Google Ads,Always-on Acquisition,MENA,Small Business Owners,Desktop,4824,209,17,292.57,2106.33
REC-000770,2025-03-09,CAMP-015,Monthly Product Digest,Email,Customer Nurture,MENA,New Customers,Desktop,8104,394,28,88.59,2966.85
REC-000015,2025-01-01,CAMP-019,Display Retargeting Loop,Display Ads,Retargeting,North America,Returning Customers,Tablet,17408,128,4,99.69,522.86
REC-003761,2025-11-26,CAMP-005,Cart Recovery Social,Meta Ads,Retargeting,Asia-Pacific,New Customers,Mobile,10843,296,13,326.94,1338.49
REC-003517,2025-11-06,CAMP-002,Brand Demand Capture,Google Ads,Brand Awareness,North America,Small Business Owners,Mobile,25749,958,29,1996.57,2847.11
REC-006099,2026-06-18,CAMP-016,Video Reach Accelerator,YouTube Ads,Brand Awareness,Latin America,Returning Customers,Tablet,12520,63,1,55.41,102.56
REC-005295,2026-04-09,CAMP-001,Search Growth Engine,Google Ads,Always-on Acquisition,Europe,Small Business Owners,Desktop,18511,1028,86,1447.23,10940.57
REC-005870,2026-05-29,CAMP-024,Mobile App Acquisition,Google Ads,App Acquisition,Latin America,Returning Customers,Desktop,6940,191,13,257.65,830.31
REC-001515,2025-05-12,CAMP-013,Lifecycle Nurture,Email,Customer Nurture,North America,Enterprise Decision Makers,Desktop,12067,793,97,126.53,27432.15
REC-004628,2026-02-08,CAMP-015,Monthly Product Digest,Email,Customer Nurture,MENA,Returning Customers,Desktop,4918,209,38,59.75,5537.76
REC-005875,2026-05-29,CAMP-021,Micro Creator Conversion,Influencer,Influencer Partnership,MENA,Returning Customers,Tablet,40018,791,26,1003.9,2718.25
REC-002114,2025-07-08,CAMP-007,B2B Decision Makers,LinkedIn Ads,Lead Generation,North America,New Customers,Desktop,7004,99,10,617.04,1413.57
REC-003734,2025-11-24,CAMP-023,Enterprise Pipeline Builder,LinkedIn Ads,Lead Generation,Asia-Pacific,New Customers,Mobile,3699,54,3,240.02,495.62
REC-005939,2026-06-04,CAMP-020,Creator Partnership Series,Influencer,Influencer Partnership,North America,Returning Customers,Tablet,22820,550,16,419.3,1925.19
REC-000325,2025-01-29,CAMP-021,Micro Creator Conversion,Influencer,Influencer Partnership,MENA,Small Business Owners,Mobile,62133,1722,67,1214.62,8543.2
REC-001281,2025-04-22,CAMP-010,Short Video Discovery,TikTok Ads,Prospecting,Europe,New Customers,Mobile,32364,547,13,371.66,1308.32
REC-002244,2025-07-20,CAMP-009,Startup Founder Leads,LinkedIn Ads,Lead Generation,North America,New Customers,Mobile,7238,119,6,752.97,688.96
REC-004170,2025-12-29,CAMP-001,Search Growth Engine,Google Ads,Always-on Acquisition,North America,Returning Customers,Mobile,6818,309,28,600.58,3910.73
REC-001972,2025-06-24,CAMP-017,Product Demo Views,YouTube Ads,Product Education,Europe,Returning Customers,Desktop,19000,143,6,160.45,650.87
REC-002238,2025-07-19,CAMP-016,Video Reach Accelerator,YouTube Ads,Brand Awareness,Asia-Pacific,New Customers,Tablet,34932,248,2,203.29,147.88
REC-005874,2026-05-29,CAMP-014,Win Back Customers,Email,Reactivation,North America,New Customers,Mobile,8228,510,43,105.01,5565.09
REC-001442,2025-05-05,CAMP-012,Youth Engagement Sprint,TikTok Ads,Engagement,Asia-Pacific,New Customers,Mobile,18817,219,2,174.18,131.18
REC-005234,2026-04-04,CAMP-020,Creator Partnership Series,Influencer,Influencer Partnership,Europe,Students & Young Professionals,Desktop,16291,523,10,484.38,733.8
REC-005457,2026-04-23,CAMP-023,Enterprise Pipeline Builder,LinkedIn Ads,Lead Generation,MENA,Small Business Owners,Mobile,1520,24,2,117.21,510.34
REC-000436,2025-02-08,CAMP-009,Startup Founder Leads,LinkedIn Ads,Lead Generation,MENA,Returning Customers,Mobile,3483,67,5,330.71,660.3
REC-001094,2025-04-06,CAMP-023,Enterprise Pipeline Builder,LinkedIn Ads,Lead Generation,North America,Returning Customers,Mobile,6051,103,13,662.84,2674.42
REC-004088,2025-12-23,CAMP-017,Product Demo Views,YouTube Ads,Product Education,Europe,New Customers,Desktop,48874,560,9,425.05,1047.7
REC-003828,2025-12-01,CAMP-023,Enterprise Pipeline Builder,LinkedIn Ads,Lead Generation,Latin America,Returning Customers,Mobile,8941,155,21,514.85,3253.7
REC-001223,2025-04-17,CAMP-002,Brand Demand Capture,Google Ads,Brand Awareness,Europe,Students & Young Professionals,Desktop,7044,186,7,344.08,334.31
REC-003219,2025-10-12,CAMP-015,Monthly Product Digest,Email,Customer Nurture,Europe,Enterprise Decision Makers,Mobile,2240,119,13,38.06,3574.13
REC-001235,2025-04-18,CAMP-019,Display Retargeting Loop,Display Ads,Retargeting,Latin America,New Customers,Desktop,30771,216,3,89.19,258.02
REC-003344,2025-10-23,CAMP-002,Brand Demand Capture,Google Ads,Brand Awareness,Asia-Pacific,New Customers,Mobile,12103,355,10,495.93,782.6
REC-004024,2025-12-18,CAMP-005,Cart Recovery Social,Meta Ads,Retargeting,North America,Small Business Owners,Desktop,24052,877,46,917.16,6845.76
REC-002401,2025-08-03,CAMP-023,Enterprise Pipeline Builder,LinkedIn Ads,Lead Generation,Europe,Returning Customers,Mobile,5851,114,16,639.8,3023.31
REC-000275,2025-01-25,CAMP-017,Product Demo Views,YouTube Ads,Product Education,Asia-Pacific,Returning Customers,Mobile,6034,64,1,76.44,156.62
REC-005483,2026-04-25,CAMP-008,Executive Thought Leadership,LinkedIn Ads,Brand Awareness,North America,Small Business Owners,Mobile,3062,33,0,283.89,0.0
REC-006118,2026-06-20,CAMP-010,Short Video Discovery,TikTok Ads,Prospecting,Europe,Students & Young Professionals,Mobile,22688,356,3,261.26,218.98
REC-003121,2025-10-04,CAMP-024,Mobile App Acquisition,Google Ads,App Acquisition,MENA,New Customers,Desktop,14834,392,14,583.91,836.44
REC-004292,2026-01-09,CAMP-021,Micro Creator Conversion,Influencer,Influencer Partnership,MENA,Small Business Owners,Desktop,23607,888,36,597.42,4740.7
REC-002997,2025-09-23,CAMP-005,Cart Recovery Social,Meta Ads,Retargeting,MENA,Small Business Owners,Desktop,26226,615,42,505.39,6269.56
REC-001770,2025-06-04,CAMP-019,Display Retargeting Loop,Display Ads,Retargeting,North America,New Customers,Mobile,34146,340,4,202.65,350.0
REC-006152,2026-06-24,CAMP-015,Monthly Product Digest,Email,Customer Nurture,North America,Returning Customers,Desktop,6507,229,44,65.9,6432.59
REC-004954,2026-03-09,CAMP-010,Short Video Discovery,TikTok Ads,Prospecting,MENA,Small Business Owners,Mobile,18667,390,8,280.73,906.7
REC-003650,2025-11-17,CAMP-016,Video Reach Accelerator,YouTube Ads,Brand Awareness,North America,New Customers,Mobile,11957,105,2,118.87,163.78
REC-004103,2025-12-24,CAMP-024,Mobile App Acquisition,Google Ads,App Acquisition,North America,Small Business Owners,Desktop,7406,192,11,348.29,887.85
REC-002797,2025-09-06,CAMP-018,Programmatic Market Reach,Display Ads,Brand Awareness,Asia-Pacific,Students & Young Professionals,Desktop,11923,35,0,25.33,0.0
REC-005534,2026-04-30,CAMP-007,B2B Decision Makers,LinkedIn Ads,Lead Generation,Asia-Pacific,Students & Young Professionals,Mobile,4582,68,4,358.57,315.87
REC-004238,2026-01-05,CAMP-003,High Intent Retargeting,Google Ads,Retargeting,Europe,New Customers,Tablet,15445,578,39,1179.64,4290.41
REC-006018,2026-06-11,CAMP-002,Brand Demand Capture,Google Ads,Brand Awareness,MENA,Returning Customers,Desktop,21976,544,35,946.48,3698.24
REC-003911,2025-12-08,CAMP-015,Monthly Product Digest,Email,Customer Nurture,Europe,Small Business Owners,Desktop,12862,555,70,128.79,10628.99
REC-002657,2025-08-24,CAMP-013,Lifecycle Nurture,Email,Customer Nurture,North America,New Customers,Mobile,8556,666,60,101.4,6448.45
REC-000360,2025-02-01,CAMP-001,Search Growth Engine,Google Ads,Always-on Acquisition,MENA,Enterprise Decision Makers,Desktop,13203,639,58,1078.74,16090.27
REC-001522,2025-05-12,CAMP-018,Programmatic Market Reach,Display Ads,Brand Awareness,Latin America,Students & Young Professionals,Desktop,14511,50,1,58.41,42.46
REC-002865,2025-09-12,CAMP-017,Product Demo Views,YouTube Ads,Product Education,MENA,Enterprise Decision Makers,Mobile,23731,252,6,183.97,1807.73
REC-002257,2025-07-21,CAMP-020,Creator Partnership Series,Influencer,Influencer Partnership,Asia-Pacific,New Customers,Desktop,42418,1289,44,1103.38,3970.25
REC-000188,2025-01-17,CAMP-003,High Intent Retargeting,Google Ads,Retargeting,Asia-Pacific,Students & Young Professionals,Tablet,6380,402,21,605.19,1922.78
REC-005796,2026-05-23,CAMP-011,Creator Product Launch,TikTok Ads,Product Launch,Asia-Pacific,Students & Young Professionals,Mobile,21552,460,6,338.9,386.0
REC-000202,2025-01-18,CAMP-009,Startup Founder Leads,LinkedIn Ads,Lead Generation,North America,Small Business Owners,Desktop,7968,84,7,485.11,1245.09
REC-000736,2025-03-05,CAMP-020,Creator Partnership Series,Influencer,Influencer Partnership,North America,New Customers,Mobile,32983,757,19,976.0,1464.39
REC-002150,2025-07-12,CAMP-008,Executive Thought Leadership,LinkedIn Ads,Brand Awareness,Latin America,New Customers,Desktop,7842,52,2,283.61,109.2
REC-005876,2026-05-29,CAMP-009,Startup Founder Leads,LinkedIn Ads,Lead Generation,MENA,Returning Customers,Desktop,4025,63,7,293.92,1314.72
REC-002113,2025-07-08,CAMP-003,High Intent Retargeting,Google Ads,Retargeting,North America,Enterprise Decision Makers,Desktop,10951,488,55,1028.89,18131.31
REC-003024,2025-09-25,CAMP-019,Display Retargeting Loop,Display Ads,Retargeting,Asia-Pacific,New Customers,Desktop,28702,196,3,103.73,294.33
REC-005738,2026-05-17,CAMP-008,Executive Thought Leadership,LinkedIn Ads,Brand Awareness,MENA,Students & Young Professionals,Desktop,5749,42,1,253.87,36.17
REC-003904,2025-12-08,CAMP-019,Display Retargeting Loop,Display Ads,Retargeting,Europe,Returning Customers,Desktop,35180,340,10,187.28,1091.02
REC-001494,2025-05-10,CAMP-018,Programmatic Market Reach,Display Ads,Brand Awareness,North America,Enterprise Decision Makers,Desktop,19355,56,1,39.35,130.86
REC-003924,2025-12-10,CAMP-005,Cart Recovery Social,Meta Ads,Retargeting,MENA,Returning Customers,Desktop,12166,358,37,284.27,4077.49
REC-003453,2025-11-01,CAMP-017,Product Demo Views,YouTube Ads,Product Education,Europe,Enterprise Decision Makers,Mobile,28111,353,7,295.93,2059.63
REC-004331,2026-01-13,CAMP-019,Display Retargeting Loop,Display Ads,Retargeting,Latin America,New Customers,Mobile,46991,274,5,105.01,530.65
REC-000911,2025-03-21,CAMP-016,Video Reach Accelerator,YouTube Ads,Brand Awareness,MENA,New Customers,Mobile,6594,49,0,69.63,0.0
REC-000029,2025-01-03,CAMP-007,B2B Decision Makers,LinkedIn Ads,Lead Generation,Latin America,Small Business Owners,Tablet,3722,50,5,200.61,743.18
REC-004870,2026-03-01,CAMP-007,B2B Decision Makers,LinkedIn Ads,Lead Generation,Europe,New Customers,Desktop,4437,47,4,304.72,484.98
REC-005822,2026-05-25,CAMP-010,Short Video Discovery,TikTok Ads,Prospecting,Europe,Students & Young Professionals,Mobile,11617,140,1,91.22,62.32
REC-003226,2025-10-13,CAMP-003,High Intent Retargeting,Google Ads,Retargeting,North America,New Customers,Desktop,21275,1488,113,3237.65,14043.06
REC-000587,2025-02-20,CAMP-019,Display Retargeting Loop,Display Ads,Retargeting,MENA,New Customers,Mobile,44852,340,4,176.0,361.39
REC-001882,2025-06-15,CAMP-017,Product Demo Views,YouTube Ads,Product Education,Europe,Students & Young Professionals,Mobile,10294,108,2,97.24,154.96
REC-003609,2025-11-14,CAMP-012,Youth Engagement Sprint,TikTok Ads,Engagement,Asia-Pacific,Returning Customers,Desktop,10227,111,4,84.97,413.31
REC-006201,2026-06-28,CAMP-010,Short Video Discovery,TikTok Ads,Prospecting,North America,Small Business Owners,Desktop,25153,291,8,250.02,914.37
REC-004705,2026-02-14,CAMP-013,Lifecycle Nurture,Email,Customer Nurture,Europe,Small Business Owners,Mobile,7867,539,71,97.17,8725.87
REC-005695,2026-05-14,CAMP-016,Video Reach Accelerator,YouTube Ads,Brand Awareness,Asia-Pacific,Students & Young Professionals,Desktop,41140,373,2,285.12,129.86
REC-000834,2025-03-15,CAMP-010,Short Video Discovery,TikTok Ads,Prospecting,MENA,Enterprise Decision Makers,Mobile,28346,463,8,303.48,2009.67
REC-005473,2026-04-24,CAMP-021,Micro Creator Conversion,Influencer,Influencer Partnership,North America,New Customers,Mobile,27170,1103,33,729.7,2925.53
REC-002138,2025-07-10,CAMP-024,Mobile App Acquisition,Google Ads,App Acquisition,North America,New Customers,Mobile,19922,668,27,1371.16,1498.45
REC-002549,2025-08-15,CAMP-008,Executive Thought Leadership,LinkedIn Ads,Brand Awareness,Europe,Students & Young Professionals,Mobile,5278,63,2,358.23,70.15
REC-003794,2025-11-29,CAMP-010,Short Video Discovery,TikTok Ads,Prospecting,North America,Returning Customers,Mobile,13621,162,3,137.79,324.83
REC-004114,2025-12-25,CAMP-005,Cart Recovery Social,Meta Ads,Retargeting,North America,New Customers,Mobile,6003,161,6,197.1,554.97
REC-005863,2026-05-28,CAMP-013,Lifecycle Nurture,Email,Customer Nurture,Europe,Small Business Owners,Mobile,8825,410,38,104.33,5863.7
REC-005189,2026-03-31,CAMP-004,Social Scale Prospecting,Meta Ads,Prospecting,MENA,Students & Young Professionals,Mobile,14616,372,11,369.54,690.35
REC-001252,2025-04-19,CAMP-023,Enterprise Pipeline Builder,LinkedIn Ads,Lead Generation,Europe,Small Business Owners,Mobile,1924,31,3,143.97,567.69
REC-004051,2025-12-20,CAMP-021,Micro Creator Conversion,Influencer,Influencer Partnership,Asia-Pacific,Enterprise Decision Makers,Desktop,27927,1078,50,787.4,15225.57
REC-003511,2025-11-06,CAMP-024,Mobile App Acquisition,Google Ads,App Acquisition,Asia-Pacific,Returning Customers,Mobile,9320,403,25,653.79,2163.29
REC-004823,2026-02-24,CAMP-012,Youth Engagement Sprint,TikTok Ads,Engagement,North America,Returning Customers,Mobile,36654,656,17,585.82,1746.57
REC-001066,2025-04-03,CAMP-020,Creator Partnership Series,Influencer,Influencer Partnership,Latin America,Returning Customers,Desktop,30003,774,36,910.64,3485.32
REC-003458,2025-11-01,CAMP-010,Short Video Discovery,TikTok Ads,Prospecting,Asia-Pacific,Small Business Owners,Desktop,14270,160,6,135.21,747.09
REC-005998,2026-06-09,CAMP-010,Short Video Discovery,TikTok Ads,Prospecting,Europe,New Customers,Mobile,18699,303,5,272.78,450.35
REC-003222,2025-10-13,CAMP-008,Executive Thought Leadership,LinkedIn Ads,Brand Awareness,MENA,Students & Young Professionals,Mobile,7800,92,3,483.1,132.1
REC-002050,2025-07-02,CAMP-013,Lifecycle Nurture,Email,Customer Nurture,North America,Returning Customers,Mobile,4261,348,39,68.54,5341.11
REC-003928,2025-12-10,CAMP-002,Brand Demand Capture,Google Ads,Brand Awareness,Europe,Small Business Owners,Mobile,22634,771,20,1086.9,1685.08
REC-000450,2025-02-08,CAMP-018,Programmatic Market Reach,Display Ads,Brand Awareness,MENA,New Customers,Mobile,28059,102,0,53.11,0.0
REC-003447,2025-10-31,CAMP-013,Lifecycle Nurture,Email,Customer Nurture,Latin America,Small Business Owners,Desktop,1906,78,10,35.59,1215.43
REC-004722,2026-02-16,CAMP-017,Product Demo Views,YouTube Ads,Product Education,North America,Small Business Owners,Tablet,40066,251,4,281.22,719.46
REC-005292,2026-04-09,CAMP-013,Lifecycle Nurture,Email,Customer Nurture,Asia-Pacific,Students & Young Professionals,Desktop,9744,631,62,104.36,4049.93
REC-003030,2025-09-25,CAMP-006,Seasonal Offer Push,Meta Ads,Seasonal Promotion,North America,Students & Young Professionals,Desktop,7045,143,4,198.81,336.71
REC-005743,2026-05-18,CAMP-015,Monthly Product Digest,Email,Customer Nurture,Europe,New Customers,Desktop,6359,329,29,86.82,2944.38
REC-001696,2025-05-28,CAMP-009,Startup Founder Leads,LinkedIn Ads,Lead Generation,Europe,Returning Customers,Mobile,7811,112,14,534.71,2204.82
REC-005594,2026-05-05,CAMP-001,Search Growth Engine,Google Ads,Always-on Acquisition,Europe,Small Business Owners,Mobile,5952,323,15,607.76,2253.94
REC-003033,2025-09-26,CAMP-002,Brand Demand Capture,Google Ads,Brand Awareness,Latin America,Small Business Owners,Desktop,5794,203,7,288.25,593.87
REC-002859,2025-09-12,CAMP-009,Startup Founder Leads,LinkedIn Ads,Lead Generation,Latin America,Enterprise Decision Makers,Mobile,6800,106,8,485.37,2568.18
REC-004484,2026-01-26,CAMP-013,Lifecycle Nurture,Email,Customer Nurture,Europe,Students & Young Professionals,Mobile,3086,206,11,45.08,675.85
REC-004526,2026-01-30,CAMP-013,Lifecycle Nurture,Email,Customer Nurture,North America,Small Business Owners,Mobile,2413,117,10,51.94,1582.49
REC-001078,2025-04-05,CAMP-017,Product Demo Views,YouTube Ads,Product Education,Europe,Students & Young Professionals,Mobile,37656,412,6,417.07,509.97
REC-003413,2025-10-29,CAMP-005,Cart Recovery Social,Meta Ads,Retargeting,North America,Students & Young Professionals,Desktop,18814,627,36,868.38,2725.76
REC-005967,2026-06-06,CAMP-003,High Intent Retargeting,Google Ads,Retargeting,Europe,Small Business Owners,Mobile,8119,553,54,808.3,11011.82
REC-001973,2025-06-24,CAMP-016,Video Reach Accelerator,YouTube Ads,Brand Awareness,North America,Returning Customers,Mobile,23216,168,3,174.44,319.79
REC-004010,2025-12-16,CAMP-008,Executive Thought Leadership,LinkedIn Ads,Brand Awareness,North America,New Customers,Mobile,1992,25,1,162.13,40.85
REC-001773,2025-06-05,CAMP-005,Cart Recovery Social,Meta Ads,Retargeting,North America,New Customers,Desktop,26104,689,36,884.41,3819.65
REC-003384,2025-10-26,CAMP-004,Social Scale Prospecting,Meta Ads,Prospecting,Europe,Students & Young Professionals,Mobile,8460,192,5,239.24,299.74
REC-002666,2025-08-25,CAMP-005,Cart Recovery Social,Meta Ads,Retargeting,Asia-Pacific,Returning Customers,Tablet,11356,266,13,235.08,1431.91
REC-001331,2025-04-26,CAMP-017,Product Demo Views,YouTube Ads,Product Education,Europe,New Customers,Mobile,19662,235,3,221.79,246.4
REC-002815,2025-09-08,CAMP-018,Programmatic Market Reach,Display Ads,Brand Awareness,MENA,Returning Customers,Desktop,26515,74,1,56.97,73.67
REC-005172,2026-03-29,CAMP-004,Social Scale Prospecting,Meta Ads,Prospecting,North America,Small Business Owners,Mobile,13609,263,6,343.21,674.46
REC-006222,2026-06-29,CAMP-019,Display Retargeting Loop,Display Ads,Retargeting,Latin America,Returning Customers,Desktop,36906,276,9,116.75,1325.41
REC-004456,2026-01-23,CAMP-008,Executive Thought Leadership,LinkedIn Ads,Brand Awareness,Asia-Pacific,New Customers,Mobile,5140,45,0,230.24,0.0
REC-001125,2025-04-08,CAMP-006,Seasonal Offer Push,Meta Ads,Seasonal Promotion,MENA,Returning Customers,Mobile,16050,372,14,343.81,1753.2
REC-006136,2026-06-22,CAMP-024,Mobile App Acquisition,Google Ads,App Acquisition,Europe,Returning Customers,Mobile,14428,479,18,734.74,1263.38
REC-005280,2026-04-08,CAMP-008,Executive Thought Leadership,LinkedIn Ads,Brand Awareness,North America,Returning Customers,Desktop,4006,27,2,225.96,137.01
REC-004329,2026-01-13,CAMP-004,Social Scale Prospecting,Meta Ads,Prospecting,Asia-Pacific,Small Business Owners,Desktop,13765,296,18,308.25,2500.49
REC-004643,2026-02-09,CAMP-012,Youth Engagement Sprint,TikTok Ads,Engagement,MENA,Small Business Owners,Mobile,13677,205,5,169.71,536.47
REC-003001,2025-09-23,CAMP-024,Mobile App Acquisition,Google Ads,App Acquisition,North America,New Customers,Tablet,9690,231,7,489.91,477.59
REC-001878,2025-06-15,CAMP-008,Executive Thought Leadership,LinkedIn Ads,Brand Awareness,Europe,Returning Customers,Tablet,7486,64,2,388.47,145.19
REC-002704,2025-08-28,CAMP-020,Creator Partnership Series,Influencer,Influencer Partnership,Europe,Students & Young Professionals,Desktop,60496,1473,32,1243.29,2401.84
REC-003640,2025-11-16,CAMP-019,Display Retargeting Loop,Display Ads,Retargeting,Asia-Pacific,Small Business Owners,Tablet,23526,120,1,85.98,119.57
REC-003364,2025-10-24,CAMP-001,Search Growth Engine,Google Ads,Always-on Acquisition,North America,New Customers,Tablet,14659,511,19,901.13,1984.23
REC-001063,2025-04-03,CAMP-012,Youth Engagement Sprint,TikTok Ads,Engagement,Asia-Pacific,Small Business Owners,Tablet,16793,239,4,202.66,476.61
REC-006008,2026-06-10,CAMP-010,Short Video Discovery,TikTok Ads,Prospecting,MENA,Small Business Owners,Desktop,9574,168,4,155.69,466.5
REC-001549,2025-05-14,CAMP-002,Brand Demand Capture,Google Ads,Brand Awareness,Latin America,Returning Customers,Mobile,9657,367,15,496.36,1315.57
REC-002980,2025-09-21,CAMP-014,Win Back Customers,Email,Reactivation,Latin America,New Customers,Mobile,9075,637,70,110.66,9012.15
REC-004495,2026-01-26,CAMP-008,Executive Thought Leadership,LinkedIn Ads,Brand Awareness,North America,Small Business Owners,Desktop,5563,49,2,379.7,128.89
REC-004130,2025-12-26,CAMP-022,Holiday Revenue Boost,Meta Ads,Seasonal Promotion,Asia-Pacific,New Customers,Desktop,23827,477,24,515.11,2326.24
REC-003326,2025-10-21,CAMP-009,Startup Founder Leads,LinkedIn Ads,Lead Generation,Latin America,Returning Customers,Mobile,3068,48,5,190.85,694.61
REC-000827,2025-03-14,CAMP-007,B2B Decision Makers,LinkedIn Ads,Lead Generation,Asia-Pacific,Returning Customers,Desktop,2009,21,3,119.79,394.82
REC-004964,2026-03-10,CAMP-010,Short Video Discovery,TikTok Ads,Prospecting,Asia-Pacific,New Customers,Mobile,12741,227,5,164.98,436.6
REC-005215,2026-04-02,CAMP-008,Executive Thought Leadership,LinkedIn Ads,Brand Awareness,North America,Students & Young Professionals,Desktop,5671,39,1,304.7,41.9
REC-003246,2025-10-15,CAMP-010,Short Video Discovery,TikTok Ads,Prospecting,MENA,Students & Young Professionals,Mobile,37966,611,8,434.79,468.46
REC-003847,2025-12-03,CAMP-005,Cart Recovery Social,Meta Ads,Retargeting,North America,Small Business Owners,Desktop,29407,1033,81,1060.16,11600.13
REC-003080,2025-09-30,CAMP-005,Cart Recovery Social,Meta Ads,Retargeting,MENA,New Customers,Mobile,17463,625,26,515.35,2929.15
REC-001451,2025-05-06,CAMP-018,Programmatic Market Reach,Display Ads,Brand Awareness,MENA,Enterprise Decision Makers,Mobile,28844,124,2,108.56,256.97
REC-004190,2025-12-31,CAMP-023,Enterprise Pipeline Builder,LinkedIn Ads,Lead Generation,MENA,Students & Young Professionals,Mobile,5424,90,3,401.62,357.87
REC-001392,2025-04-30,CAMP-012,Youth Engagement Sprint,TikTok Ads,Engagement,MENA,Returning Customers,Mobile,15542,305,8,215.96,631.31
REC-001733,2025-06-01,CAMP-017,Product Demo Views,YouTube Ads,Product Education,Europe,Enterprise Decision Makers,Mobile,11927,154,3,159.11,950.19
REC-002554,2025-08-16,CAMP-001,Search Growth Engine,Google Ads,Always-on Acquisition,North America,Small Business Owners,Mobile,8639,473,33,804.61,3807.15
REC-002635,2025-08-22,CAMP-009,Startup Founder Leads,LinkedIn Ads,Lead Generation,North America,New Customers,Desktop,3117,48,5,350.78,740.7
REC-004398,2026-01-18,CAMP-009,Startup Founder Leads,LinkedIn Ads,Lead Generation,Latin America,New Customers,Mobile,7379,126,10,507.22,1243.98
REC-004168,2025-12-29,CAMP-003,High Intent Retargeting,Google Ads,Retargeting,North America,New Customers,Desktop,12151,506,34,1118.28,3894.21
REC-002986,2025-09-22,CAMP-001,Search Growth Engine,Google Ads,Always-on Acquisition,Latin America,Small Business Owners,Mobile,8657,346,20,550.16,3249.73
REC-000709,2025-03-03,CAMP-005,Cart Recovery Social,Meta Ads,Retargeting,MENA,Returning Customers,Mobile,11537,453,24,427.05,2692.92
REC-004902,2026-03-04,CAMP-007,B2B Decision Makers,LinkedIn Ads,Lead Generation,Europe,Small Business Owners,Desktop,7070,104,14,612.15,2843.69
REC-001291,2025-04-22,CAMP-015,Monthly Product Digest,Email,Customer Nurture,Europe,Small Business Owners,Mobile,10968,599,56,117.26,9360.23
REC-003773,2025-11-27,CAMP-022,Holiday Revenue Boost,Meta Ads,Seasonal Promotion,Asia-Pacific,Small Business Owners,Mobile,8754,197,10,208.88,1225.18
REC-003235,2025-10-14,CAMP-012,Youth Engagement Sprint,TikTok Ads,Engagement,North America,Students & Young Professionals,Desktop,37329,462,12,408.72,724.35
REC-005166,2026-03-29,CAMP-017,Product Demo Views,YouTube Ads,Product Education,North America,Returning Customers,Desktop,18242,141,4,166.18,418.85
REC-006148,2026-06-23,CAMP-004,Social Scale Prospecting,Meta Ads,Prospecting,MENA,Returning Customers,Mobile,13719,257,10,224.06,1271.19
REC-001995,2025-06-26,CAMP-018,Programmatic Market Reach,Display Ads,Brand Awareness,MENA,Students & Young Professionals,Mobile,28703,110,0,108.89,0.0
REC-000791,2025-03-11,CAMP-015,Monthly Product Digest,Email,Customer Nurture,Asia-Pacific,Students & Young Professionals,Mobile,5060,252,12,62.59,756.66
REC-003806,2025-11-29,CAMP-022,Holiday Revenue Boost,Meta Ads,Seasonal Promotion,Europe,New Customers,Mobile,20498,554,26,590.69,2822.12
REC-006119,2026-06-20,CAMP-013,Lifecycle Nurture,Email,Customer Nurture,Europe,New Customers,Desktop,9847,626,57,105.0,5986.36
REC-005553,2026-05-02,CAMP-017,Product Demo Views,YouTube Ads,Product Education,MENA,New Customers,Mobile,9832,99,1,86.32,99.09
REC-004511,2026-01-28,CAMP-023,Enterprise Pipeline Builder,LinkedIn Ads,Lead Generation,MENA,Students & Young Professionals,Mobile,4111,59,4,287.46,451.82
REC-001883,2025-06-15,CAMP-021,Micro Creator Conversion,Influencer,Influencer Partnership,MENA,New Customers,Tablet,44898,1455,51,830.06,4297.47
REC-003189,2025-10-10,CAMP-007,B2B Decision Makers,LinkedIn Ads,Lead Generation,Europe,Small Business Owners,Desktop,2692,41,2,185.44,411.86
REC-004068,2025-12-21,CAMP-012,Youth Engagement Sprint,TikTok Ads,Engagement,MENA,Enterprise Decision Makers,Desktop,31911,355,10,300.22,2025.15
REC-004342,2026-01-14,CAMP-001,Search Growth Engine,Google Ads,Always-on Acquisition,MENA,Returning Customers,Desktop,16099,627,61,785.8,7199.95
REC-000514,2025-02-14,CAMP-020,Creator Partnership Series,Influencer,Influencer Partnership,MENA,Enterprise Decision Makers,Mobile,19365,717,33,666.04,8873.55
REC-004413,2026-01-19,CAMP-004,Social Scale Prospecting,Meta Ads,Prospecting,North America,New Customers,Desktop,14777,253,9,300.84,691.83
REC-002358,2025-07-30,CAMP-010,Short Video Discovery,TikTok Ads,Prospecting,Asia-Pacific,Returning Customers,Desktop,23749,253,11,190.33,1480.12
REC-003400,2025-10-28,CAMP-013,Lifecycle Nurture,Email,Customer Nurture,Europe,Small Business Owners,Desktop,4593,277,23,65.5,2559.9
REC-001756,2025-06-03,CAMP-015,Monthly Product Digest,Email,Customer Nurture,Asia-Pacific,Returning Customers,Mobile,2804,194,16,44.89,2281.25
REC-002194,2025-07-15,CAMP-024,Mobile App Acquisition,Google Ads,App Acquisition,North America,New Customers,Mobile,8653,386,15,860.49,773.44
REC-002765,2025-09-03,CAMP-007,B2B Decision Makers,LinkedIn Ads,Lead Generation,North America,Students & Young Professionals,Desktop,2269,34,2,192.16,157.76
REC-002942,2025-09-18,CAMP-016,Video Reach Accelerator,YouTube Ads,Brand Awareness,MENA,Students & Young Professionals,Mobile,22870,231,2,162.5,121.25
REC-004848,2026-02-26,CAMP-002,Brand Demand Capture,Google Ads,Brand Awareness,Europe,Small Business Owners,Desktop,14753,334,12,674.52,1365.99
REC-006019,2026-06-11,CAMP-009,Startup Founder Leads,LinkedIn Ads,Lead Generation,North America,New Customers,Desktop,1791,29,2,207.32,249.31
REC-000174,2025-01-15,CAMP-019,Display Retargeting Loop,Display Ads,Retargeting,Asia-Pacific,New Customers,Mobile,15450,140,2,70.08,232.55
REC-001381,2025-04-29,CAMP-023,Enterprise Pipeline Builder,LinkedIn Ads,Lead Generation,Europe,New Customers,Tablet,7886,93,5,415.61,720.0
REC-003103,2025-10-02,CAMP-016,Video Reach Accelerator,YouTube Ads,Brand Awareness,Latin America,Returning Customers,Tablet,26140,147,2,128.56,216.45
REC-005591,2026-05-05,CAMP-024,Mobile App Acquisition,Google Ads,App Acquisition,Latin America,New Customers,Desktop,5365,202,12,275.63,577.45
REC-002433,2025-08-06,CAMP-015,Monthly Product Digest,Email,Customer Nurture,MENA,Returning Customers,Tablet,8857,292,27,99.37,3194.53
REC-004420,2026-01-20,CAMP-020,Creator Partnership Series,Influencer,Influencer Partnership,North America,Returning Customers,Mobile,17269,478,21,320.14,2941.76
REC-006202,2026-06-28,CAMP-009,Startup Founder Leads,LinkedIn Ads,Lead Generation,Europe,Small Business Owners,Desktop,5293,79,7,352.38,1114.95
REC-004281,2026-01-09,CAMP-015,Monthly Product Digest,Email,Customer Nurture,Europe,Returning Customers,Mobile,5063,261,26,57.41,3742.61
REC-003853,2025-12-04,CAMP-004,Social Scale Prospecting,Meta Ads,Prospecting,North America,Enterprise Decision Makers,Desktop,25904,467,19,501.36,5006.28
REC-000705,2025-03-03,CAMP-002,Brand Demand Capture,Google Ads,Brand Awareness,Latin America,New Customers,Desktop,17043,566,16,662.06,1255.42
REC-006024,2026-06-12,CAMP-018,Programmatic Market Reach,Display Ads,Brand Awareness,Latin America,Enterprise Decision Makers,Mobile,15452,50,2,35.48,329.57
REC-000718,2025-03-04,CAMP-023,Enterprise Pipeline Builder,LinkedIn Ads,Lead Generation,Latin America,Students & Young Professionals,Mobile,3209,72,4,315.69,524.72
REC-001625,2025-05-22,CAMP-011,Creator Product Launch,TikTok Ads,Product Launch,Asia-Pacific,Returning Customers,Mobile,11013,199,7,136.84,930.35
REC-004344,2026-01-14,CAMP-007,B2B Decision Makers,LinkedIn Ads,Lead Generation,MENA,Small Business Owners,Mobile,7497,117,7,598.01,1467.17
REC-003199,2025-10-11,CAMP-014,Win Back Customers,Email,Reactivation,Europe,Small Business Owners,Desktop,10343,539,87,115.98,12277.9
REC-005574,2026-05-03,CAMP-023,Enterprise Pipeline Builder,LinkedIn Ads,Lead Generation,North America,New Customers,Mobile,6836,121,10,629.45,1761.25
REC-002702,2025-08-28,CAMP-003,High Intent Retargeting,Google Ads,Retargeting,Europe,Small Business Owners,Mobile,7227,397,31,694.27,5142.2
REC-002871,2025-09-13,CAMP-018,Programmatic Market Reach,Display Ads,Brand Awareness,Europe,Enterprise Decision Makers,Tablet,29041,72,0,76.85,0.0
REC-006061,2026-06-15,CAMP-007,B2B Decision Makers,LinkedIn Ads,Lead Generation,MENA,Returning Customers,Mobile,6899,84,10,364.86,1692.19
REC-005529,2026-04-30,CAMP-004,Social Scale Prospecting,Meta Ads,Prospecting,North America,Small Business Owners,Mobile,26031,583,25,812.09,3881.57
REC-002585,2025-08-19,CAMP-018,Programmatic Market Reach,Display Ads,Brand Awareness,Latin America,Returning Customers,Mobile,39325,137,1,63.31,71.58
REC-001478,2025-05-08,CAMP-012,Youth Engagement Sprint,TikTok Ads,Engagement,MENA,New Customers,Desktop,10736,110,3,126.72,190.79
REC-006223,2026-06-29,CAMP-017,Product Demo Views,YouTube Ads,Product Education,North America,New Customers,Mobile,28255,305,4,289.91,373.4
REC-006092,2026-06-17,CAMP-007,B2B Decision Makers,LinkedIn Ads,Lead Generation,MENA,Students & Young Professionals,Mobile,7960,111,5,496.12,472.58
REC-005696,2026-05-14,CAMP-013,Lifecycle Nurture,Email,Customer Nurture,MENA,New Customers,Desktop,10051,634,52,123.3,4923.51
REC-002989,2025-09-22,CAMP-016,Video Reach Accelerator,YouTube Ads,Brand Awareness,Europe,Returning Customers,Desktop,19019,156,1,134.43,87.1
REC-002402,2025-08-03,CAMP-011,Creator Product Launch,TikTok Ads,Product Launch,Asia-Pacific,Students & Young Professionals,Mobile,18316,435,7,287.3,546.49
REC-004004,2025-12-16,CAMP-017,Product Demo Views,YouTube Ads,Product Education,Europe,Small Business Owners,Mobile,34041,495,9,350.74,1095.49
REC-004729,2026-02-16,CAMP-004,Social Scale Prospecting,Meta Ads,Prospecting,Europe,Students & Young Professionals,Mobile,8648,221,5,217.6,379.93
REC-005986,2026-06-08,CAMP-012,Youth Engagement Sprint,TikTok Ads,Engagement,Latin America,Students & Young Professionals,Mobile,18023,241,3,185.32,182.55
REC-004942,2026-03-08,CAMP-007,B2B Decision Makers,LinkedIn Ads,Lead Generation,MENA,Students & Young Professionals,Tablet,4942,46,3,207.51,324.78
REC-001965,2025-06-23,CAMP-014,Win Back Customers,Email,Reactivation,Asia-Pacific,Students & Young Professionals,Desktop,7598,533,77,94.0,5292.89
REC-002338,2025-07-28,CAMP-016,Video Reach Accelerator,YouTube Ads,Brand Awareness,North America,Enterprise Decision Makers,Mobile,35383,334,4,293.97,824.65
REC-003504,2025-11-05,CAMP-015,Monthly Product Digest,Email,Customer Nurture,Latin America,Students & Young Professionals,Mobile,10894,829,44,130.16,3561.81
REC-005715,2026-05-16,CAMP-010,Short Video Discovery,TikTok Ads,Prospecting,Asia-Pacific,New Customers,Mobile,19352,351,5,300.49,378.84
REC-004295,2026-01-10,CAMP-009,Startup Founder Leads,LinkedIn Ads,Lead Generation,Asia-Pacific,Small Business Owners,Mobile,8401,158,15,700.67,2568.21
REC-006122,2026-06-21,CAMP-024,Mobile App Acquisition,Google Ads,App Acquisition,MENA,Students & Young Professionals,Mobile,13729,606,22,734.68,1089.81
REC-005250,2026-04-05,CAMP-017,Product Demo Views,YouTube Ads,Product Education,Europe,Enterprise Decision Makers,Mobile,33147,402,11,394.44,2662.25
REC-002128,2025-07-09,CAMP-009,Startup Founder Leads,LinkedIn Ads,Lead Generation,MENA,New Customers,Desktop,4561,54,3,257.6,437.58
REC-000274,2025-01-25,CAMP-019,Display Retargeting Loop,Display Ads,Retargeting,Asia-Pacific,Students & Young Professionals,Desktop,13713,107,1,77.12,91.1
REC-000475,2025-02-11,CAMP-023,Enterprise Pipeline Builder,LinkedIn Ads,Lead Generation,Europe,Enterprise Decision Makers,Mobile,5909,98,9,444.94,3614.14
REC-000042,2025-01-04,CAMP-023,Enterprise Pipeline Builder,LinkedIn Ads,Lead Generation,Europe,Small Business Owners,Desktop,4512,62,6,291.16,1494.17
REC-002464,2025-08-08,CAMP-011,Creator Product Launch,TikTok Ads,Product Launch,North America,New Customers,Mobile,18333,335,7,313.7,660.42
REC-002507,2025-08-12,CAMP-015,Monthly Product Digest,Email,Customer Nurture,MENA,New Customers,Desktop,12250,617,46,132.73,4452.86
REC-002038,2025-06-30,CAMP-005,Cart Recovery Social,Meta Ads,Retargeting,Asia-Pacific,Returning Customers,Mobile,13790,531,42,579.24,5494.49
REC-000310,2025-01-28,CAMP-001,Search Growth Engine,Google Ads,Always-on Acquisition,MENA,New Customers,Desktop,13485,594,40,905.04,3538.34
REC-003895,2025-12-07,CAMP-019,Display Retargeting Loop,Display Ads,Retargeting,North America,Returning Customers,Mobile,19174,129,3,103.66,405.45
REC-004909,2026-03-04,CAMP-021,Micro Creator Conversion,Influencer,Influencer Partnership,MENA,Returning Customers,Mobile,26229,745,37,627.03,5227.44
REC-000369,2025-02-02,CAMP-018,Programmatic Market Reach,Display Ads,Brand Awareness,MENA,Students & Young Professionals,Tablet,43593,144,0,90.21,0.0
REC-004679,2026-02-12,CAMP-004,Social Scale Prospecting,Meta Ads,Prospecting,Europe,Small Business Owners,Mobile,14736,301,10,351.91,1540.62
REC-005851,2026-05-27,CAMP-020,Creator Partnership Series,Influencer,Influencer Partnership,Asia-Pacific,Small Business Owners,Desktop,23054,762,31,570.22,5099.03
REC-000287,2025-01-26,CAMP-020,Creator Partnership Series,Influencer,Influencer Partnership,MENA,Returning Customers,Desktop,19513,447,25,554.88,3109.74
REC-003432,2025-10-30,CAMP-001,Search Growth Engine,Google Ads,Always-on Acquisition,North America,Enterprise Decision Makers,Mobile,4933,202,13,477.32,4065.04
REC-004709,2026-02-14,CAMP-002,Brand Demand Capture,Google Ads,Brand Awareness,MENA,New Customers,Mobile,6675,309,11,463.53,824.28
REC-000603,2025-02-21,CAMP-002,Brand Demand Capture,Google Ads,Brand Awareness,North America,Students & Young Professionals,Mobile,4326,131,4,249.12,172.72
REC-002459,2025-08-08,CAMP-014,Win Back Customers,Email,Reactivation,Latin America,Enterprise Decision Makers,Desktop,3750,258,60,65.1,16881.23
REC-002047,2025-07-01,CAMP-012,Youth Engagement Sprint,TikTok Ads,Engagement,Europe,Enterprise Decision Makers,Mobile,20859,263,5,204.05,1020.85
REC-004370,2026-01-16,CAMP-014,Win Back Customers,Email,Reactivation,North America,New Customers,Desktop,3412,247,42,60.71,4193.25
REC-006193,2026-06-27,CAMP-017,Product Demo Views,YouTube Ads,Product Education,North America,Returning Customers,Mobile,8539,114,2,130.29,215.46
REC-001023,2025-03-31,CAMP-004,Social Scale Prospecting,Meta Ads,Prospecting,Europe,Enterprise Decision Makers,Mobile,9016,183,9,205.55,2767.58
REC-002954,2025-09-19,CAMP-021,Micro Creator Conversion,Influencer,Influencer Partnership,Latin America,Returning Customers,Desktop,12342,392,26,247.91,3602.5
REC-001397,2025-05-01,CAMP-021,Micro Creator Conversion,Influencer,Influencer Partnership,North America,Small Business Owners,Mobile,33237,1308,34,979.06,4741.82
REC-005510,2026-04-28,CAMP-006,Seasonal Offer Push,Meta Ads,Seasonal Promotion,Europe,New Customers,Desktop,23785,461,13,470.31,1474.07
REC-005475,2026-04-25,CAMP-024,Mobile App Acquisition,Google Ads,App Acquisition,North America,Students & Young Professionals,Desktop,12562,408,20,912.63,938.17
REC-000473,2025-02-10,CAMP-008,Executive Thought Leadership,LinkedIn Ads,Brand Awareness,North America,Returning Customers,Mobile,7492,80,4,622.43,265.71
REC-001080,2025-04-05,CAMP-001,Search Growth Engine,Google Ads,Always-on Acquisition,Europe,Returning Customers,Mobile,15609,769,62,1176.98,8894.39
REC-000415,2025-02-06,CAMP-023,Enterprise Pipeline Builder,LinkedIn Ads,Lead Generation,North America,New Customers,Mobile,2850,61,3,414.62,370.92
REC-002361,2025-07-31,CAMP-023,Enterprise Pipeline Builder,LinkedIn Ads,Lead Generation,Asia-Pacific,Enterprise Decision Makers,Mobile,7368,130,11,731.13,4171.49
REC-006007,2026-06-10,CAMP-021,Micro Creator Conversion,Influencer,Influencer Partnership,MENA,Enterprise Decision Makers,Mobile,17459,681,20,490.83,4545.64
REC-002231,2025-07-19,CAMP-018,Programmatic Market Reach,Display Ads,Brand Awareness,North America,New Customers,Desktop,27768,85,1,110.07,54.46
REC-004875,2026-03-01,CAMP-003,High Intent Retargeting,Google Ads,Retargeting,MENA,Returning Customers,Tablet,13332,594,49,856.22,8016.45
REC-001874,2025-06-14,CAMP-003,High Intent Retargeting,Google Ads,Retargeting,North America,Students & Young Professionals,Mobile,5919,371,18,758.23,1353.44
REC-000748,2025-03-07,CAMP-006,Seasonal Offer Push,Meta Ads,Seasonal Promotion,MENA,New Customers,Desktop,7006,113,6,137.3,661.7
REC-005083,2026-03-21,CAMP-023,Enterprise Pipeline Builder,LinkedIn Ads,Lead Generation,North America,Returning Customers,Tablet,9495,111,10,766.81,2095.55
REC-005019,2026-03-15,CAMP-002,Brand Demand Capture,Google Ads,Brand Awareness,North America,Small Business Owners,Mobile,3895,164,5,399.69,464.64
REC-004352,2026-01-15,CAMP-009,Startup Founder Leads,LinkedIn Ads,Lead Generation,Europe,New Customers,Mobile,4829,72,5,346.2,726.24
REC-004030,2025-12-18,CAMP-006,Seasonal Offer Push,Meta Ads,Seasonal Promotion,Asia-Pacific,Enterprise Decision Makers,Mobile,34018,819,38,863.33,10809.4
REC-002028,2025-06-29,CAMP-005,Cart Recovery Social,Meta Ads,Retargeting,Europe,Students & Young Professionals,Desktop,8256,252,13,238.08,918.95
REC-005163,2026-03-28,CAMP-013,Lifecycle Nurture,Email,Customer Nurture,Asia-Pacific,New Customers,Mobile,8034,643,67,100.18,6253.61
REC-004442,2026-01-22,CAMP-023,Enterprise Pipeline Builder,LinkedIn Ads,Lead Generation,Asia-Pacific,Small Business Owners,Desktop,2605,43,6,246.39,1517.9
REC-003536,2025-11-08,CAMP-020,Creator Partnership Series,Influencer,Influencer Partnership,North America,Small Business Owners,Mobile,23331,1072,35,727.34,4387.88
REC-003271,2025-10-17,CAMP-016,Video Reach Accelerator,YouTube Ads,Brand Awareness,Asia-Pacific,Students & Young Professionals,Mobile,10764,74,0,65.33,0.0
REC-001244,2025-04-18,CAMP-004,Social Scale Prospecting,Meta Ads,Prospecting,Europe,Small Business Owners,Desktop,20484,298,12,312.88,1329.65
REC-005721,2026-05-16,CAMP-019,Display Retargeting Loop,Display Ads,Retargeting,North America,Returning Customers,Tablet,20054,158,2,118.97,277.73
REC-004748,2026-02-18,CAMP-017,Product Demo Views,YouTube Ads,Product Education,North America,Small Business Owners,Mobile,16992,187,3,191.23,505.33
REC-001609,2025-05-21,CAMP-010,Short Video Discovery,TikTok Ads,Prospecting,Europe,Returning Customers,Desktop,20401,327,8,218.86,820.43
REC-001680,2025-05-27,CAMP-019,Display Retargeting Loop,Display Ads,Retargeting,MENA,Students & Young Professionals,Mobile,21142,155,1,111.05,87.66
REC-004418,2026-01-20,CAMP-010,Short Video Discovery,TikTok Ads,Prospecting,MENA,New Customers,Mobile,14930,230,4,189.7,362.58
REC-000706,2025-03-03,CAMP-004,Social Scale Prospecting,Meta Ads,Prospecting,North America,Returning Customers,Desktop,5811,110,4,142.26,397.57
REC-005290,2026-04-09,CAMP-017,Product Demo Views,YouTube Ads,Product Education,Europe,Returning Customers,Mobile,36336,542,13,389.73,1402.87
REC-002663,2025-08-25,CAMP-010,Short Video Discovery,TikTok Ads,Prospecting,North America,New Customers,Mobile,21325,415,6,318.5,549.23
REC-001615,2025-05-21,CAMP-009,Startup Founder Leads,LinkedIn Ads,Lead Generation,North America,Small Business Owners,Desktop,7763,85,7,475.83,1317.58
REC-002733,2025-08-31,CAMP-016,Video Reach Accelerator,YouTube Ads,Brand Awareness,North America,New Customers,Mobile,12372,74,0,85.16,0.0
REC-001662,2025-05-25,CAMP-002,Brand Demand Capture,Google Ads,Brand Awareness,Latin America,Small Business Owners,Mobile,11249,431,14,486.63,1118.12
REC-003327,2025-10-21,CAMP-018,Programmatic Market Reach,Display Ads,Brand Awareness,North America,Students & Young Professionals,Mobile,24230,82,0,99.36,0.0
REC-002770,2025-09-03,CAMP-024,Mobile App Acquisition,Google Ads,App Acquisition,Asia-Pacific,Students & Young Professionals,Tablet,8138,308,10,475.98,395.46
REC-001049,2025-04-02,CAMP-008,Executive Thought Leadership,LinkedIn Ads,Brand Awareness,North America,Small Business Owners,Mobile,8416,72,2,487.68,126.75
REC-005691,2026-05-14,CAMP-019,Display Retargeting Loop,Display Ads,Retargeting,Europe,New Customers,Desktop,41728,250,4,158.81,470.38
REC-005788,2026-05-22,CAMP-011,Creator Product Launch,TikTok Ads,Product Launch,Latin America,New Customers,Mobile,24066,546,11,251.56,1077.2
REC-002215,2025-07-17,CAMP-001,Search Growth Engine,Google Ads,Always-on Acquisition,Latin America,Students & Young Professionals,Mobile,9298,406,8,562.34,668.2
REC-003793,2025-11-29,CAMP-010,Short Video Discovery,TikTok Ads,Prospecting,North America,New Customers,Mobile,14669,236,2,195.58,212.09
REC-001073,2025-04-04,CAMP-014,Win Back Customers,Email,Reactivation,MENA,Small Business Owners,Desktop,8174,442,82,92.18,15490.3
REC-001088,2025-04-05,CAMP-012,Youth Engagement Sprint,TikTok Ads,Engagement,Asia-Pacific,Students & Young Professionals,Mobile,25398,378,5,307.0,265.42
REC-005263,2026-04-06,CAMP-015,Monthly Product Digest,Email,Customer Nurture,Europe,Small Business Owners,Mobile,10374,708,53,128.25,7871.6
REC-005245,2026-04-05,CAMP-013,Lifecycle Nurture,Email,Customer Nurture,North America,Students & Young Professionals,Desktop,5457,366,41,67.57,3040.81
REC-005149,2026-03-27,CAMP-013,Lifecycle Nurture,Email,Customer Nurture,Europe,Returning Customers,Desktop,6380,330,43,81.93,6261.14
REC-005977,2026-06-07,CAMP-018,Programmatic Market Reach,Display Ads,Brand Awareness,Latin America,Small Business Owners,Mobile,29211,149,2,95.72,133.71
REC-001839,2025-06-11,CAMP-008,Executive Thought Leadership,LinkedIn Ads,Brand Awareness,North America,New Customers,Desktop,7431,52,2,342.03,106.44
REC-003006,2025-09-23,CAMP-015,Monthly Product Digest,Email,Customer Nurture,Europe,Small Business Owners,Desktop,10777,391,49,124.88,7055.98
REC-004894,2026-03-03,CAMP-007,B2B Decision Makers,LinkedIn Ads,Lead Generation,Asia-Pacific,Students & Young Professionals,Mobile,6486,105,8,598.67,635.09
REC-005654,2026-05-11,CAMP-016,Video Reach Accelerator,YouTube Ads,Brand Awareness,Asia-Pacific,Enterprise Decision Makers,Mobile,22814,205,3,163.01,680.75
REC-005411,2026-04-19,CAMP-023,Enterprise Pipeline Builder,LinkedIn Ads,Lead Generation,Europe,Students & Young Professionals,Mobile,1966,23,1,162.32,121.7
REC-000947,2025-03-24,CAMP-015,Monthly Product Digest,Email,Customer Nurture,Asia-Pacific,Enterprise Decision Makers,Mobile,10249,497,51,121.49,14623.08
REC-001409,2025-05-02,CAMP-011,Creator Product Launch,TikTok Ads,Product Launch,Latin America,New Customers,Desktop,23901,334,8,246.52,837.11
REC-001676,2025-05-26,CAMP-005,Cart Recovery Social,Meta Ads,Retargeting,North America,Students & Young Professionals,Desktop,15038,390,20,480.17,1672.24
REC-005441,2026-04-21,CAMP-015,Monthly Product Digest,Email,Customer Nurture,Europe,New Customers,Desktop,6369,342,42,80.13,4458.61
REC-002034,2025-06-30,CAMP-020,Creator Partnership Series,Influencer,Influencer Partnership,North America,Returning Customers,Mobile,37449,1089,44,754.14,5020.05
REC-006093,2026-06-17,CAMP-007,B2B Decision Makers,LinkedIn Ads,Lead Generation,North America,New Customers,Mobile,9568,163,8,851.62,1029.76
REC-003194,2025-10-10,CAMP-002,Brand Demand Capture,Google Ads,Brand Awareness,Europe,New Customers,Mobile,19816,743,20,1440.96,1295.28
REC-003321,2025-10-21,CAMP-006,Seasonal Offer Push,Meta Ads,Seasonal Promotion,Latin America,New Customers,Mobile,17086,504,16,371.68,1611.81
REC-005949,2026-06-05,CAMP-016,Video Reach Accelerator,YouTube Ads,Brand Awareness,Europe,Returning Customers,Desktop,8382,43,1,45.57,78.84
REC-004176,2025-12-30,CAMP-008,Executive Thought Leadership,LinkedIn Ads,Brand Awareness,Asia-Pacific,New Customers,Mobile,8897,94,2,483.13,79.28
REC-005893,2026-05-31,CAMP-016,Video Reach Accelerator,YouTube Ads,Brand Awareness,Asia-Pacific,Returning Customers,Mobile,23044,208,2,148.16,177.23
REC-005472,2026-04-24,CAMP-021,Micro Creator Conversion,Influencer,Influencer Partnership,MENA,New Customers,Mobile,53110,1427,46,1015.94,4652.65
REC-002737,2025-08-31,CAMP-015,Monthly Product Digest,Email,Customer Nurture,MENA,Returning Customers,Mobile,12601,563,70,125.47,7918.99
REC-005317,2026-04-11,CAMP-024,Mobile App Acquisition,Google Ads,App Acquisition,MENA,New Customers,Mobile,9950,466,21,752.81,1438.04
REC-005253,2026-04-05,CAMP-021,Micro Creator Conversion,Influencer,Influencer Partnership,North America,New Customers,Mobile,33313,1407,35,760.6,3112.45
REC-002971,2025-09-20,CAMP-015,Monthly Product Digest,Email,Customer Nurture,North America,Returning Customers,Desktop,11933,454,41,135.69,4968.49
REC-004185,2025-12-31,CAMP-005,Cart Recovery Social,Meta Ads,Retargeting,Europe,Returning Customers,Desktop,29611,767,48,739.22,5239.2
REC-004558,2026-02-01,CAMP-012,Youth Engagement Sprint,TikTok Ads,Engagement,Asia-Pacific,Small Business Owners,Desktop,23301,369,9,260.25,1000.45
REC-001225,2025-04-17,CAMP-004,Social Scale Prospecting,Meta Ads,Prospecting,North America,Small Business Owners,Desktop,9561,218,7,291.7,1023.13
REC-005091,2026-03-21,CAMP-015,Monthly Product Digest,Email,Customer Nurture,Europe,Returning Customers,Tablet,9141,454,38,113.68,5060.01
REC-000184,2025-01-16,CAMP-001,Search Growth Engine,Google Ads,Always-on Acquisition,Europe,Small Business Owners,Mobile,11520,562,39,1103.15,6319.34
REC-003753,2025-11-25,CAMP-020,Creator Partnership Series,Influencer,Influencer Partnership,MENA,New Customers,Mobile,42839,1088,26,1387.01,2049.44
REC-004022,2025-12-17,CAMP-004,Social Scale Prospecting,Meta Ads,Prospecting,North America,New Customers,Desktop,34006,769,26,849.34,2334.8
REC-000445,2025-02-08,CAMP-001,Search Growth Engine,Google Ads,Always-on Acquisition,MENA,New Customers,Desktop,9729,333,19,462.97,1453.67
REC-004487,2026-01-26,CAMP-021,Micro Creator Conversion,Influencer,Influencer Partnership,North America,Students & Young Professionals,Mobile,9518,382,11,259.04,705.35
REC-000974,2025-03-27,CAMP-017,Product Demo Views,YouTube Ads,Product Education,Europe,Students & Young Professionals,Tablet,10780,89,1,89.84,60.75
REC-004760,2026-02-19,CAMP-001,Search Growth Engine,Google Ads,Always-on Acquisition,North America,Students & Young Professionals,Mobile,8162,434,20,959.38,1496.09
REC-005463,2026-04-23,CAMP-012,Youth Engagement Sprint,TikTok Ads,Engagement,MENA,New Customers,Mobile,10179,117,1,107.35,82.24
REC-004041,2025-12-19,CAMP-003,High Intent Retargeting,Google Ads,Retargeting,Asia-Pacific,Returning Customers,Tablet,17738,656,58,1121.37,9336.08
REC-000487,2025-02-12,CAMP-009,Startup Founder Leads,LinkedIn Ads,Lead Generation,Europe,New Customers,Desktop,5134,69,7,433.86,1010.79
REC-005162,2026-03-28,CAMP-023,Enterprise Pipeline Builder,LinkedIn Ads,Lead Generation,Europe,Small Business Owners,Mobile,5271,75,5,329.89,1285.71
REC-000956,2025-03-25,CAMP-019,Display Retargeting Loop,Display Ads,Retargeting,Asia-Pacific,Students & Young Professionals,Mobile,37238,274,3,155.5,230.28
REC-000298,2025-01-27,CAMP-018,Programmatic Market Reach,Display Ads,Brand Awareness,North America,Students & Young Professionals,Desktop,38723,108,1,85.96,44.91
REC-000038,2025-01-04,CAMP-009,Startup Founder Leads,LinkedIn Ads,Lead Generation,Europe,New Customers,Desktop,2002,22,2,147.02,253.17
REC-000109,2025-01-10,CAMP-013,Lifecycle Nurture,Email,Customer Nurture,MENA,New Customers,Tablet,9865,570,30,113.05,2508.75
REC-005462,2026-04-23,CAMP-003,High Intent Retargeting,Google Ads,Retargeting,Europe,New Customers,Mobile,6591,465,32,845.3,3749.79
REC-001622,2025-05-22,CAMP-003,High Intent Retargeting,Google Ads,Retargeting,North America,New Customers,Desktop,11615,727,53,1241.19,7250.64
REC-002010,2025-06-27,CAMP-020,Creator Partnership Series,Influencer,Influencer Partnership,Europe,Enterprise Decision Makers,Mobile,33784,1143,47,660.26,11524.79
REC-001072,2025-04-04,CAMP-003,High Intent Retargeting,Google Ads,Retargeting,Europe,Enterprise Decision Makers,Desktop,9546,439,66,641.71,21301.52
REC-006226,2026-06-30,CAMP-012,Youth Engagement Sprint,TikTok Ads,Engagement,Europe,Small Business Owners,Tablet,17447,225,5,226.86,583.36
REC-000313,2025-01-28,CAMP-014,Win Back Customers,Email,Reactivation,North America,New Customers,Mobile,8451,552,67,105.12,7822.15
REC-000032,2025-01-03,CAMP-008,Executive Thought Leadership,LinkedIn Ads,Brand Awareness,Asia-Pacific,Students & Young Professionals,Desktop,2360,18,1,142.68,31.55
REC-001254,2025-04-19,CAMP-019,Display Retargeting Loop,Display Ads,Retargeting,MENA,Students & Young Professionals,Mobile,29103,269,4,157.72,353.5
REC-004376,2026-01-17,CAMP-020,Creator Partnership Series,Influencer,Influencer Partnership,Europe,Enterprise Decision Makers,Mobile,36503,1006,32,1156.22,8351.98
REC-003378,2025-10-26,CAMP-019,Display Retargeting Loop,Display Ads,Retargeting,Europe,New Customers,Mobile,42019,375,4,199.7,344.99
REC-003658,2025-11-18,CAMP-006,Seasonal Offer Push,Meta Ads,Seasonal Promotion,Europe,Small Business Owners,Desktop,8198,224,11,245.99,1503.99
REC-006090,2026-06-17,CAMP-004,Social Scale Prospecting,Meta Ads,Prospecting,North America,Enterprise Decision Makers,Tablet,19900,310,7,361.58,1766.11
REC-000873,2025-03-18,CAMP-024,Mobile App Acquisition,Google Ads,App Acquisition,North America,Small Business Owners,Desktop,23147,828,46,1855.1,3439.52
REC-004803,2026-02-23,CAMP-015,Monthly Product Digest,Email,Customer Nurture,MENA,Small Business Owners,Desktop,5249,302,34,68.24,5031.05
REC-003266,2025-10-16,CAMP-006,Seasonal Offer Push,Meta Ads,Seasonal Promotion,North America,New Customers,Mobile,12964,367,15,401.25,1702.56
REC-004073,2025-12-22,CAMP-001,Search Growth Engine,Google Ads,Always-on Acquisition,Latin America,Enterprise Decision Makers,Tablet,9429,336,24,452.92,5544.83
REC-003332,2025-10-22,CAMP-005,Cart Recovery Social,Meta Ads,Retargeting,Asia-Pacific,Enterprise Decision Makers,Mobile,26655,931,51,896.0,11877.01
REC-000051,2025-01-05,CAMP-016,Video Reach Accelerator,YouTube Ads,Brand Awareness,MENA,Small Business Owners,Mobile,25558,169,2,129.35,223.97
REC-003985,2025-12-15,CAMP-004,Social Scale Prospecting,Meta Ads,Prospecting,Asia-Pacific,Enterprise Decision Makers,Mobile,25112,459,25,359.89,5948.17
REC-001591,2025-05-19,CAMP-012,Youth Engagement Sprint,TikTok Ads,Engagement,Europe,New Customers,Mobile,19290,333,7,272.1,390.4
REC-003391,2025-10-27,CAMP-004,Social Scale Prospecting,Meta Ads,Prospecting,Asia-Pacific,Returning Customers,Desktop,23820,388,23,365.63,3352.38
REC-005628,2026-05-09,CAMP-013,Lifecycle Nurture,Email,Customer Nurture,Asia-Pacific,New Customers,Mobile,4182,340,29,68.16,3170.92
REC-005882,2026-05-30,CAMP-001,Search Growth Engine,Google Ads,Always-on Acquisition,Latin America,New Customers,Mobile,10133,395,22,510.97,2086.66
REC-004670,2026-02-12,CAMP-020,Creator Partnership Series,Influencer,Influencer Partnership,Asia-Pacific,Returning Customers,Mobile,48042,1552,60,1609.34,8063.09
REC-005911,2026-06-01,CAMP-004,Social Scale Prospecting,Meta Ads,Prospecting,Europe,Returning Customers,Mobile,7192,155,8,197.53,854.31
REC-003417,2025-10-29,CAMP-008,Executive Thought Leadership,LinkedIn Ads,Brand Awareness,North America,New Customers,Mobile,3747,38,1,308.62,44.24
REC-000967,2025-03-26,CAMP-010,Short Video Discovery,TikTok Ads,Prospecting,Asia-Pacific,Small Business Owners,Mobile,27937,453,8,318.93,901.9
REC-000695,2025-03-02,CAMP-024,Mobile App Acquisition,Google Ads,App Acquisition,Europe,Enterprise Decision Makers,Mobile,2890,85,5,171.09,781.78
REC-002133,2025-07-10,CAMP-020,Creator Partnership Series,Influencer,Influencer Partnership,North America,Returning Customers,Mobile,11890,516,22,280.9,2684.18
REC-003956,2025-12-12,CAMP-009,Startup Founder Leads,LinkedIn Ads,Lead Generation,Asia-Pacific,New Customers,Mobile,6770,99,6,495.81,876.59
REC-001991,2025-06-25,CAMP-024,Mobile App Acquisition,Google Ads,App Acquisition,Asia-Pacific,New Customers,Mobile,13579,437,14,566.9,677.48
REC-000564,2025-02-18,CAMP-020,Creator Partnership Series,Influencer,Influencer Partnership,North America,New Customers,Mobile,11807,326,10,218.02,1001.96
REC-001762,2025-06-03,CAMP-012,Youth Engagement Sprint,TikTok Ads,Engagement,North America,Enterprise Decision Makers,Mobile,9688,196,3,217.4,522.64
REC-005201,2026-04-01,CAMP-009,Startup Founder Leads,LinkedIn Ads,Lead Generation,MENA,Students & Young Professionals,Desktop,2123,29,2,163.14,182.76
REC-004967,2026-03-10,CAMP-001,Search Growth Engine,Google Ads,Always-on Acquisition,Latin America,Returning Customers,Desktop,12117,637,61,940.95,6358.59
REC-001354,2025-04-27,CAMP-006,Seasonal Offer Push,Meta Ads,Seasonal Promotion,North America,New Customers,Mobile,7450,201,8,222.99,692.72
REC-004701,2026-02-14,CAMP-003,High Intent Retargeting,Google Ads,Retargeting,Latin America,Returning Customers,Mobile,11152,686,76,1016.26,11899.5
REC-005058,2026-03-18,CAMP-003,High Intent Retargeting,Google Ads,Retargeting,North America,New Customers,Mobile,7644,465,38,950.5,3669.78
REC-001369,2025-04-28,CAMP-013,Lifecycle Nurture,Email,Customer Nurture,Asia-Pacific,Small Business Owners,Desktop,6904,489,66,80.9,9728.3
REC-000635,2025-02-24,CAMP-002,Brand Demand Capture,Google Ads,Brand Awareness,North America,Students & Young Professionals,Desktop,7907,293,11,495.19,590.53
REC-000460,2025-02-09,CAMP-019,Display Retargeting Loop,Display Ads,Retargeting,MENA,New Customers,Mobile,25124,234,1,116.59,101.78
REC-002023,2025-06-29,CAMP-008,Executive Thought Leadership,LinkedIn Ads,Brand Awareness,North America,Returning Customers,Mobile,2006,18,0,151.37,0.0
REC-003545,2025-11-09,CAMP-010,Short Video Discovery,TikTok Ads,Prospecting,Europe,New Customers,Desktop,10468,157,3,123.15,250.2
REC-000370,2025-02-02,CAMP-013,Lifecycle Nurture,Email,Customer Nurture,Europe,Small Business Owners,Desktop,11461,729,121,122.02,13521.39
REC-001529,2025-05-13,CAMP-012,Youth Engagement Sprint,TikTok Ads,Engagement,North America,Students & Young Professionals,Mobile,28553,314,4,378.39,203.7
REC-001861,2025-06-13,CAMP-021,Micro Creator Conversion,Influencer,Influencer Partnership,North America,Returning Customers,Mobile,9105,296,11,237.24,1608.39
REC-001502,2025-05-11,CAMP-018,Programmatic Market Reach,Display Ads,Brand Awareness,Europe,New Customers,Mobile,33117,134,0,99.49,0.0
REC-006129,2026-06-21,CAMP-004,Social Scale Prospecting,Meta Ads,Prospecting,North America,Returning Customers,Mobile,22658,524,18,591.39,2347.55
REC-006091,2026-06-17,CAMP-004,Social Scale Prospecting,Meta Ads,Prospecting,MENA,Small Business Owners,Mobile,7457,196,7,219.07,1138.76
REC-005729,2026-05-17,CAMP-020,Creator Partnership Series,Influencer,Influencer Partnership,North America,Returning Customers,Desktop,33298,991,64,959.17,8215.57
REC-000925,2025-03-22,CAMP-001,Search Growth Engine,Google Ads,Always-on Acquisition,Europe,New Customers,Desktop,5303,186,12,310.48,1156.35
REC-001286,2025-04-22,CAMP-021,Micro Creator Conversion,Influencer,Influencer Partnership,Latin America,New Customers,Mobile,62401,1636,58,1707.61,5724.07
REC-001738,2025-06-01,CAMP-010,Short Video Discovery,TikTok Ads,Prospecting,MENA,Students & Young Professionals,Desktop,27098,340,7,255.16,420.87
REC-001382,2025-04-29,CAMP-018,Programmatic Market Reach,Display Ads,Brand Awareness,North America,New Customers,Mobile,31944,121,1,81.54,48.6
REC-002650,2025-08-24,CAMP-010,Short Video Discovery,TikTok Ads,Prospecting,North America,New Customers,Mobile,24357,395,5,307.72,521.38
REC-000227,2025-01-20,CAMP-004,Social Scale Prospecting,Meta Ads,Prospecting,Asia-Pacific,Students & Young Professionals,Desktop,13033,247,7,287.02,468.14
REC-001772,2025-06-05,CAMP-020,Creator Partnership Series,Influencer,Influencer Partnership,Europe,New Customers,Mobile,13638,383,12,431.54,1156.57
REC-004885,2026-03-02,CAMP-020,Creator Partnership Series,Influencer,Influencer Partnership,Asia-Pacific,Enterprise Decision Makers,Mobile,50979,1627,68,1053.48,17599.71
REC-005539,2026-05-01,CAMP-002,Brand Demand Capture,Google Ads,Brand Awareness,Asia-Pacific,Returning Customers,Mobile,3738,115,4,210.02,353.76
REC-003826,2025-12-01,CAMP-022,Holiday Revenue Boost,Meta Ads,Seasonal Promotion,Europe,New Customers,Mobile,15841,409,15,446.52,1216.38
REC-003978,2025-12-14,CAMP-022,Holiday Revenue Boost,Meta Ads,Seasonal Promotion,North America,Students & Young Professionals,Mobile,17097,542,16,567.42,1341.12
REC-005899,2026-05-31,CAMP-020,Creator Partnership Series,Influencer,Influencer Partnership,North America,Returning Customers,Desktop,47518,1090,64,1307.78,8789.42
REC-000056,2025-01-05,CAMP-002,Brand Demand Capture,Google Ads,Brand Awareness,Europe,Returning Customers,Desktop,13208,453,17,652.04,1359.6
REC-002479,2025-08-09,CAMP-007,B2B Decision Makers,LinkedIn Ads,Lead Generation,North America,Returning Customers,Mobile,5437,85,7,511.11,1022.89
REC-005207,2026-04-01,CAMP-004,Social Scale Prospecting,Meta Ads,Prospecting,North America,Returning Customers,Desktop,17031,331,14,395.88,1898.62
REC-001423,2025-05-03,CAMP-023,Enterprise Pipeline Builder,LinkedIn Ads,Lead Generation,North America,Small Business Owners,Tablet,6734,99,7,626.48,1284.42
REC-002719,2025-08-30,CAMP-002,Brand Demand Capture,Google Ads,Brand Awareness,North America,New Customers,Mobile,9682,393,13,793.81,802.93
REC-004211,2026-01-02,CAMP-016,Video Reach Accelerator,YouTube Ads,Brand Awareness,MENA,Small Business Owners,Desktop,36127,180,2,146.69,247.68
REC-001711,2025-05-29,CAMP-007,B2B Decision Makers,LinkedIn Ads,Lead Generation,MENA,Enterprise Decision Makers,Desktop,8987,115,17,501.0,5160.43
REC-005904,2026-06-01,CAMP-013,Lifecycle Nurture,Email,Customer Nurture,Europe,Students & Young Professionals,Mobile,11610,711,44,123.69,2819.08
REC-004124,2025-12-26,CAMP-015,Monthly Product Digest,Email,Customer Nurture,North America,Students & Young Professionals,Mobile,10141,486,22,120.22,1390.55
REC-003701,2025-11-21,CAMP-015,Monthly Product Digest,Email,Customer Nurture,Asia-Pacific,Enterprise Decision Makers,Mobile,9286,637,41,107.44,9426.75
REC-001889,2025-06-16,CAMP-008,Executive Thought Leadership,LinkedIn Ads,Brand Awareness,North America,New Customers,Desktop,1402,13,1,108.33,57.25
REC-000481,2025-02-11,CAMP-010,Short Video Discovery,TikTok Ads,Prospecting,North America,Returning Customers,Mobile,26561,516,12,478.14,1588.59
REC-002394,2025-08-02,CAMP-009,Startup Founder Leads,LinkedIn Ads,Lead Generation,Asia-Pacific,New Customers,Mobile,3922,58,4,308.33,473.71
REC-004996,2026-03-12,CAMP-005,Cart Recovery Social,Meta Ads,Retargeting,Latin America,Enterprise Decision Makers,Tablet,8484,278,20,246.99,5075.82
REC-002352,2025-07-30,CAMP-019,Display Retargeting Loop,Display Ads,Retargeting,MENA,Students & Young Professionals,Desktop,38760,340,7,197.24,502.76
REC-006168,2026-06-25,CAMP-020,Creator Partnership Series,Influencer,Influencer Partnership,Latin America,Small Business Owners,Desktop,49413,1712,76,1508.43,9652.97
REC-001584,2025-05-18,CAMP-002,Brand Demand Capture,Google Ads,Brand Awareness,Latin America,New Customers,Mobile,12406,483,18,688.77,1057.35
REC-002688,2025-08-27,CAMP-010,Short Video Discovery,TikTok Ads,Prospecting,Europe,Returning Customers,Mobile,13506,189,3,163.56,391.84
REC-003248,2025-10-15,CAMP-001,Search Growth Engine,Google Ads,Always-on Acquisition,MENA,Students & Young Professionals,Desktop,13960,515,19,671.84,1184.79
REC-005802,2026-05-23,CAMP-015,Monthly Product Digest,Email,Customer Nurture,Asia-Pacific,New Customers,Desktop,6588,287,21,87.57,1649.1
REC-000854,2025-03-17,CAMP-014,Win Back Customers,Email,Reactivation,North America,Small Business Owners,Mobile,12080,878,117,144.1,17184.13
REC-004853,2026-02-27,CAMP-013,Lifecycle Nurture,Email,Customer Nurture,Europe,New Customers,Desktop,11791,639,64,134.88,7344.67
REC-004686,2026-02-13,CAMP-017,Product Demo Views,YouTube Ads,Product Education,Asia-Pacific,Returning Customers,Mobile,18668,209,5,172.37,722.3
REC-005978,2026-06-07,CAMP-018,Programmatic Market Reach,Display Ads,Brand Awareness,Europe,Small Business Owners,Desktop,12219,34,0,52.47,0.0
REC-002144,2025-07-11,CAMP-020,Creator Partnership Series,Influencer,Influencer Partnership,North America,Students & Young Professionals,Mobile,33131,1253,31,843.4,1793.93
REC-003180,2025-10-09,CAMP-009,Startup Founder Leads,LinkedIn Ads,Lead Generation,Europe,New Customers,Mobile,6122,87,7,475.83,999.32
REC-004728,2026-02-16,CAMP-021,Micro Creator Conversion,Influencer,Influencer Partnership,Latin America,Small Business Owners,Desktop,15657,504,17,312.58,2554.94
REC-002605,2025-08-20,CAMP-013,Lifecycle Nurture,Email,Customer Nurture,North America,New Customers,Mobile,7846,407,31,98.8,2855.65
REC-001791,2025-06-07,CAMP-015,Monthly Product Digest,Email,Customer Nurture,North America,New Customers,Desktop,8637,520,51,108.57,4325.26
REC-002710,2025-08-29,CAMP-004,Social Scale Prospecting,Meta Ads,Prospecting,North America,Returning Customers,Mobile,22161,448,23,566.34,3327.51
REC-005041,2026-03-16,CAMP-012,Youth Engagement Sprint,TikTok Ads,Engagement,Asia-Pacific,Returning Customers,Mobile,22986,388,8,276.8,566.3
REC-001405,2025-05-01,CAMP-018,Programmatic Market Reach,Display Ads,Brand Awareness,North America,Students & Young Professionals,Mobile,44374,178,1,160.47,43.74
REC-001811,2025-06-09,CAMP-020,Creator Partnership Series,Influencer,Influencer Partnership,Asia-Pacific,New Customers,Mobile,10401,314,10,242.47,995.13
REC-004654,2026-02-10,CAMP-002,Brand Demand Capture,Google Ads,Brand Awareness,Europe,Students & Young Professionals,Tablet,10202,212,5,347.22,298.54
REC-000760,2025-03-08,CAMP-006,Seasonal Offer Push,Meta Ads,Seasonal Promotion,MENA,Students & Young Professionals,Mobile,11656,191,7,216.81,580.54
REC-004231,2026-01-04,CAMP-016,Video Reach Accelerator,YouTube Ads,Brand Awareness,Asia-Pacific,New Customers,Mobile,21354,207,2,182.37,147.72
REC-004790,2026-02-22,CAMP-011,Creator Product Launch,TikTok Ads,Product Launch,North America,Students & Young Professionals,Tablet,7520,123,3,115.01,203.92
REC-004945,2026-03-08,CAMP-023,Enterprise Pipeline Builder,LinkedIn Ads,Lead Generation,Europe,Enterprise Decision Makers,Mobile,6776,128,13,554.49,5623.62
REC-002457,2025-08-07,CAMP-001,Search Growth Engine,Google Ads,Always-on Acquisition,Europe,New Customers,Mobile,10016,496,17,990.65,1511.41
REC-001603,2025-05-20,CAMP-024,Mobile App Acquisition,Google Ads,App Acquisition,Europe,Students & Young Professionals,Mobile,19250,921,33,1601.9,1204.57
REC-002403,2025-08-03,CAMP-018,Programmatic Market Reach,Display Ads,Brand Awareness,North America,Small Business Owners,Mobile,16689,57,0,62.64,0.0
REC-003050,2025-09-27,CAMP-021,Micro Creator Conversion,Influencer,Influencer Partnership,North America,Students & Young Professionals,Mobile,12634,394,9,337.17,543.45
REC-005258,2026-04-06,CAMP-012,Youth Engagement Sprint,TikTok Ads,Engagement,Europe,Returning Customers,Desktop,25830,355,9,281.01,747.53
REC-005332,2026-04-12,CAMP-002,Brand Demand Capture,Google Ads,Brand Awareness,Europe,Returning Customers,Mobile,4384,163,9,312.36,839.39
REC-004057,2025-12-20,CAMP-006,Seasonal Offer Push,Meta Ads,Seasonal Promotion,MENA,Enterprise Decision Makers,Desktop,13522,284,10,264.59,2635.81
REC-000583,2025-02-19,CAMP-020,Creator Partnership Series,Influencer,Influencer Partnership,North America,New Customers,Mobile,25386,720,21,636.85,1737.37
REC-002748,2025-09-01,CAMP-006,Seasonal Offer Push,Meta Ads,Seasonal Promotion,MENA,Students & Young Professionals,Mobile,5478,142,4,148.24,285.83
REC-004439,2026-01-21,CAMP-015,Monthly Product Digest,Email,Customer Nurture,Latin America,Small Business Owners,Mobile,3832,222,17,60.37,2372.0
REC-003092,2025-10-01,CAMP-004,Social Scale Prospecting,Meta Ads,Prospecting,Latin America,Enterprise Decision Makers,Desktop,22338,493,31,419.9,10134.09
REC-004049,2025-12-20,CAMP-023,Enterprise Pipeline Builder,LinkedIn Ads,Lead Generation,MENA,Returning Customers,Desktop,7844,100,12,480.35,2631.12
REC-001684,2025-05-27,CAMP-017,Product Demo Views,YouTube Ads,Product Education,North America,Enterprise Decision Makers,Mobile,21869,222,5,229.72,1652.19
REC-000903,2025-03-20,CAMP-009,Startup Founder Leads,LinkedIn Ads,Lead Generation,North America,New Customers,Mobile,1990,33,1,188.79,101.66
REC-001992,2025-06-25,CAMP-015,Monthly Product Digest,Email,Customer Nurture,North America,Small Business Owners,Desktop,5066,271,31,72.72,4456.85
REC-002643,2025-08-23,CAMP-023,Enterprise Pipeline Builder,LinkedIn Ads,Lead Generation,Europe,New Customers,Desktop,5261,84,9,498.38,1111.2
REC-001118,2025-04-08,CAMP-014,Win Back Customers,Email,Reactivation,MENA,Small Business Owners,Desktop,3172,176,30,47.55,4869.56
REC-004789,2026-02-21,CAMP-002,Brand Demand Capture,Google Ads,Brand Awareness,North America,New Customers,Desktop,11457,415,15,693.43,1065.62
REC-002051,2025-07-02,CAMP-019,Display Retargeting Loop,Display Ads,Retargeting,MENA,Enterprise Decision Makers,Mobile,28219,253,3,139.6,972.16
REC-003983,2025-12-14,CAMP-008,Executive Thought Leadership,LinkedIn Ads,Brand Awareness,MENA,New Customers,Desktop,8421,58,1,272.46,52.14
REC-001868,2025-06-14,CAMP-010,Short Video Discovery,TikTok Ads,Prospecting,Europe,Students & Young Professionals,Desktop,14277,255,4,186.35,272.83
REC-003208,2025-10-11,CAMP-006,Seasonal Offer Push,Meta Ads,Seasonal Promotion,Latin America,New Customers,Mobile,14805,446,14,386.04,1198.06
REC-003896,2025-12-07,CAMP-005,Cart Recovery Social,Meta Ads,Retargeting,Latin America,Students & Young Professionals,Mobile,23261,645,25,443.03,2017.13
REC-003468,2025-11-02,CAMP-021,Micro Creator Conversion,Influencer,Influencer Partnership,North America,Enterprise Decision Makers,Desktop,26683,566,31,717.99,8711.9
REC-000872,2025-03-18,CAMP-010,Short Video Discovery,TikTok Ads,Prospecting,North America,Enterprise Decision Makers,Mobile,37241,681,10,640.38,2872.71
REC-001289,2025-04-22,CAMP-014,Win Back Customers,Email,Reactivation,North America,Small Business Owners,Mobile,10447,977,152,133.96,23303.11
REC-003374,2025-10-25,CAMP-019,Display Retargeting Loop,Display Ads,Retargeting,North America,New Customers,Mobile,16859,129,3,96.73,321.31
REC-005344,2026-04-13,CAMP-010,Short Video Discovery,TikTok Ads,Prospecting,Asia-Pacific,Enterprise Decision Makers,Desktop,19754,245,5,172.9,1409.49
REC-003479,2025-11-03,CAMP-017,Product Demo Views,YouTube Ads,Product Education,Asia-Pacific,Small Business Owners,Desktop,35868,374,10,259.48,1654.77
REC-000727,2025-03-05,CAMP-013,Lifecycle Nurture,Email,Customer Nurture,North America,Students & Young Professionals,Mobile,15723,1126,100,177.3,7137.64
REC-003148,2025-10-06,CAMP-021,Micro Creator Conversion,Influencer,Influencer Partnership,Asia-Pacific,New Customers,Desktop,41001,1022,40,1018.36,4531.73
REC-002684,2025-08-27,CAMP-018,Programmatic Market Reach,Display Ads,Brand Awareness,Europe,New Customers,Tablet,15814,50,1,39.02,63.4
REC-004488,2026-01-26,CAMP-021,Micro Creator Conversion,Influencer,Influencer Partnership,Europe,New Customers,Desktop,28317,892,24,941.23,2452.69
REC-000404,2025-02-05,CAMP-004,Social Scale Prospecting,Meta Ads,Prospecting,MENA,New Customers,Mobile,13649,335,13,245.51,1234.82
REC-003835,2025-12-02,CAMP-019,Display Retargeting Loop,Display Ads,Retargeting,Asia-Pacific,New Customers,Mobile,54820,568,6,279.17,731.94
REC-005079,2026-03-20,CAMP-018,Programmatic Market Reach,Display Ads,Brand Awareness,MENA,Students & Young Professionals,Mobile,33333,102,1,81.31,38.34
REC-003133,2025-10-05,CAMP-006,Seasonal Offer Push,Meta Ads,Seasonal Promotion,Europe,Returning Customers,Mobile,25288,674,23,699.52,2516.06
REC-002887,2025-09-14,CAMP-016,Video Reach Accelerator,YouTube Ads,Brand Awareness,MENA,New Customers,Desktop,15893,127,1,92.85,81.15
REC-004431,2026-01-21,CAMP-004,Social Scale Prospecting,Meta Ads,Prospecting,North America,Enterprise Decision Makers,Mobile,15677,333,17,403.56,5623.75
REC-001439,2025-05-05,CAMP-005,Cart Recovery Social,Meta Ads,Retargeting,Asia-Pacific,Small Business Owners,Desktop,15987,466,36,497.57,5620.12
REC-002601,2025-08-20,CAMP-004,Social Scale Prospecting,Meta Ads,Prospecting,Asia-Pacific,Enterprise Decision Makers,Mobile,20608,568,25,473.91,7304.82
REC-001304,2025-04-23,CAMP-003,High Intent Retargeting,Google Ads,Retargeting,MENA,Enterprise Decision Makers,Mobile,6107,366,29,605.47,9404.49
REC-005430,2026-04-21,CAMP-014,Win Back Customers,Email,Reactivation,Europe,Small Business Owners,Desktop,16407,1089,190,178.19,31681.09
REC-006082,2026-06-17,CAMP-014,Win Back Customers,Email,Reactivation,MENA,New Customers,Desktop,8944,586,98,96.87,10929.11
REC-000412,2025-02-06,CAMP-001,Search Growth Engine,Google Ads,Always-on Acquisition,North America,New Customers,Mobile,5906,312,13,628.14,1071.91
REC-001237,2025-04-18,CAMP-001,Search Growth Engine,Google Ads,Always-on Acquisition,Europe,Enterprise Decision Makers,Desktop,18172,608,42,1137.25,11341.55
REC-006124,2026-06-21,CAMP-003,High Intent Retargeting,Google Ads,Retargeting,North America,Returning Customers,Desktop,4425,298,45,600.12,7149.33
REC-003499,2025-11-05,CAMP-016,Video Reach Accelerator,YouTube Ads,Brand Awareness,North America,New Customers,Desktop,16745,137,3,117.37,259.25
REC-003627,2025-11-15,CAMP-007,B2B Decision Makers,LinkedIn Ads,Lead Generation,North America,Students & Young Professionals,Desktop,1482,20,3,117.52,254.29
REC-002776,2025-09-04,CAMP-020,Creator Partnership Series,Influencer,Influencer Partnership,Latin America,Returning Customers,Desktop,63198,1594,75,1480.4,8193.53
REC-002481,2025-08-09,CAMP-003,High Intent Retargeting,Google Ads,Retargeting,Europe,Enterprise Decision Makers,Mobile,7426,435,29,857.6,9449.06
REC-003538,2025-11-08,CAMP-019,Display Retargeting Loop,Display Ads,Retargeting,Asia-Pacific,Students & Young Professionals,Tablet,31186,145,1,69.34,67.19
REC-000779,2025-03-10,CAMP-023,Enterprise Pipeline Builder,LinkedIn Ads,Lead Generation,North America,Students & Young Professionals,Desktop,7545,102,7,654.94,922.99
REC-002552,2025-08-16,CAMP-018,Programmatic Market Reach,Display Ads,Brand Awareness,North America,Students & Young Professionals,Tablet,32146,96,0,110.52,0.0
REC-005846,2026-05-27,CAMP-012,Youth Engagement Sprint,TikTok Ads,Engagement,MENA,Small Business Owners,Mobile,36668,601,13,438.34,1426.26
REC-000851,2025-03-16,CAMP-017,Product Demo Views,YouTube Ads,Product Education,Latin America,Students & Young Professionals,Mobile,27967,363,4,242.86,308.65
REC-002105,2025-07-07,CAMP-015,Monthly Product Digest,Email,Customer Nurture,Europe,Small Business Owners,Tablet,5166,265,14,69.88,1752.89
REC-003837,2025-12-02,CAMP-023,Enterprise Pipeline Builder,LinkedIn Ads,Lead Generation,North America,Students & Young Professionals,Desktop,9281,167,11,961.93,1124.56
REC-005519,2026-04-29,CAMP-007,B2B Decision Makers,LinkedIn Ads,Lead Generation,North America,Returning Customers,Mobile,3992,71,6,488.15,1110.92
REC-000848,2025-03-16,CAMP-013,Lifecycle Nurture,Email,Customer Nurture,North America,Returning Customers,Mobile,3954,317,32,62.4,3402.39
REC-004192,2025-12-31,CAMP-010,Short Video Discovery,TikTok Ads,Prospecting,Asia-Pacific,Small Business Owners,Mobile,38884,510,7,370.71,1117.65
REC-000597,2025-02-21,CAMP-011,Creator Product Launch,TikTok Ads,Product Launch,Europe,Students & Young Professionals,Tablet,23922,345,5,333.15,292.66
REC-005010,2026-03-14,CAMP-006,Seasonal Offer Push,Meta Ads,Seasonal Promotion,North America,Enterprise Decision Makers,Desktop,11271,225,14,256.32,3355.63
REC-003964,2025-12-13,CAMP-013,Lifecycle Nurture,Email,Customer Nurture,Europe,New Customers,Desktop,11524,649,55,135.18,5447.19
REC-006116,2026-06-20,CAMP-003,High Intent Retargeting,Google Ads,Retargeting,Europe,Students & Young Professionals,Desktop,5842,343,23,647.21,1709.71
REC-003307,2025-10-20,CAMP-003,High Intent Retargeting,Google Ads,Retargeting,MENA,Students & Young Professionals,Mobile,15841,1007,66,1374.8,6829.12
REC-003119,2025-10-04,CAMP-012,Youth Engagement Sprint,TikTok Ads,Engagement,North America,Returning Customers,Mobile,10167,113,3,134.13,237.06
REC-003245,2025-10-15,CAMP-023,Enterprise Pipeline Builder,LinkedIn Ads,Lead Generation,MENA,New Customers,Desktop,7499,95,10,397.74,1386.16
REC-002929,2025-09-17,CAMP-016,Video Reach Accelerator,YouTube Ads,Brand Awareness,North America,Small Business Owners,Mobile,24823,163,1,205.08,116.92
REC-005525,2026-04-29,CAMP-002,Brand Demand Capture,Google Ads,Brand Awareness,Europe,New Customers,Mobile,8963,263,8,391.42,641.96
REC-005157,2026-03-28,CAMP-014,Win Back Customers,Email,Reactivation,North America,Returning Customers,Mobile,13728,1225,196,159.19,26152.0
REC-001024,2025-03-31,CAMP-015,Monthly Product Digest,Email,Customer Nurture,Europe,New Customers,Desktop,11174,436,34,110.32,3031.59
REC-004734,2026-02-17,CAMP-015,Monthly Product Digest,Email,Customer Nurture,Europe,Students & Young Professionals,Desktop,5901,282,29,77.27,2134.71
REC-002049,2025-07-02,CAMP-016,Video Reach Accelerator,YouTube Ads,Brand Awareness,MENA,Enterprise Decision Makers,Desktop,12729,106,1,90.34,240.33
REC-000103,2025-01-10,CAMP-004,Social Scale Prospecting,Meta Ads,Prospecting,Europe,Returning Customers,Mobile,21908,450,15,484.22,1600.31
REC-001177,2025-04-12,CAMP-016,Video Reach Accelerator,YouTube Ads,Brand Awareness,Europe,Small Business Owners,Mobile,39669,262,4,203.19,417.37
REC-005548,2026-05-01,CAMP-005,Cart Recovery Social,Meta Ads,Retargeting,Europe,Small Business Owners,Desktop,12100,268,24,318.09,3075.53
REC-004307,2026-01-11,CAMP-021,Micro Creator Conversion,Influencer,Influencer Partnership,North America,New Customers,Mobile,20310,566,17,409.47,1881.22
REC-005910,2026-06-01,CAMP-012,Youth Engagement Sprint,TikTok Ads,Engagement,Europe,Small Business Owners,Mobile,14297,249,5,245.59,406.27
REC-004364,2026-01-16,CAMP-004,Social Scale Prospecting,Meta Ads,Prospecting,MENA,Students & Young Professionals,Desktop,9693,195,8,175.11,519.14
REC-000756,2025-03-07,CAMP-009,Startup Founder Leads,LinkedIn Ads,Lead Generation,MENA,Students & Young Professionals,Desktop,3930,45,3,177.44,309.29
REC-001595,2025-05-19,CAMP-010,Short Video Discovery,TikTok Ads,Prospecting,Asia-Pacific,New Customers,Mobile,23820,292,4,210.15,404.26
REC-000161,2025-01-14,CAMP-005,Cart Recovery Social,Meta Ads,Retargeting,Asia-Pacific,New Customers,Mobile,19171,632,30,538.27,2318.5
REC-005667,2026-05-12,CAMP-010,Short Video Discovery,TikTok Ads,Prospecting,Asia-Pacific,Students & Young Professionals,Desktop,16106,164,2,143.67,151.83
REC-003008,2025-09-24,CAMP-023,Enterprise Pipeline Builder,LinkedIn Ads,Lead Generation,Latin America,Enterprise Decision Makers,Tablet,8512,108,8,500.48,4165.64
REC-005133,2026-03-25,CAMP-001,Search Growth Engine,Google Ads,Always-on Acquisition,Asia-Pacific,Students & Young Professionals,Desktop,13560,590,37,906.06,2248.77
REC-005195,2026-03-31,CAMP-024,Mobile App Acquisition,Google Ads,App Acquisition,MENA,Students & Young Professionals,Mobile,13782,474,13,723.25,480.06
REC-005372,2026-04-16,CAMP-021,Micro Creator Conversion,Influencer,Influencer Partnership,Latin America,New Customers,Mobile,55828,2033,36,1233.37,3340.2
REC-004585,2026-02-04,CAMP-004,Social Scale Prospecting,Meta Ads,Prospecting,Europe,New Customers,Desktop,13391,216,7,235.52,532.91
REC-005237,2026-04-04,CAMP-012,Youth Engagement Sprint,TikTok Ads,Engagement,North America,Enterprise Decision Makers,Desktop,19865,270,9,260.52,1542.92
REC-000894,2025-03-20,CAMP-010,Short Video Discovery,TikTok Ads,Prospecting,North America,New Customers,Mobile,19298,298,4,301.61,380.69
REC-003766,2025-11-26,CAMP-021,Micro Creator Conversion,Influencer,Influencer Partnership,Asia-Pacific,Returning Customers,Mobile,45619,1832,69,1329.04,7704.51
REC-003398,2025-10-27,CAMP-022,Holiday Revenue Boost,Meta Ads,Seasonal Promotion,North America,New Customers,Mobile,7386,193,7,289.27,611.19
REC-004708,2026-02-14,CAMP-004,Social Scale Prospecting,Meta Ads,Prospecting,Asia-Pacific,Students & Young Professionals,Mobile,13736,220,6,196.22,396.5
REC-004602,2026-02-05,CAMP-015,Monthly Product Digest,Email,Customer Nurture,Europe,Returning Customers,Mobile,6038,427,63,75.68,7939.14
REC-005050,2026-03-17,CAMP-012,Youth Engagement Sprint,TikTok Ads,Engagement,Europe,New Customers,Mobile,35555,413,5,413.44,290.96
REC-002996,2025-09-22,CAMP-005,Cart Recovery Social,Meta Ads,Retargeting,North America,Returning Customers,Mobile,24071,725,36,934.31,4006.08
REC-004552,2026-02-01,CAMP-015,Monthly Product Digest,Email,Customer Nurture,North America,New Customers,Tablet,5075,239,13,57.3,1486.86
REC-001193,2025-04-14,CAMP-014,Win Back Customers,Email,Reactivation,Asia-Pacific,Students & Young Professionals,Mobile,13018,902,91,136.02,7081.5
REC-001934,2025-06-21,CAMP-012,Youth Engagement Sprint,TikTok Ads,Engagement,MENA,Returning Customers,Mobile,30340,444,13,336.53,1358.05
REC-000563,2025-02-18,CAMP-010,Short Video Discovery,TikTok Ads,Prospecting,Europe,New Customers,Mobile,27233,372,5,263.84,429.59
REC-000550,2025-02-17,CAMP-011,Creator Product Launch,TikTok Ads,Product Launch,Europe,Enterprise Decision Makers,Mobile,23818,546,18,351.34,4956.96
REC-001172,2025-04-12,CAMP-005,Cart Recovery Social,Meta Ads,Retargeting,Europe,Returning Customers,Mobile,5613,155,13,177.19,1803.11
REC-000488,2025-02-12,CAMP-005,Cart Recovery Social,Meta Ads,Retargeting,MENA,Small Business Owners,Mobile,17809,524,28,407.28,3838.66
REC-005348,2026-04-14,CAMP-015,Monthly Product Digest,Email,Customer Nurture,North America,Returning Customers,Mobile,11697,788,104,128.69,12721.93
REC-000930,2025-03-23,CAMP-013,Lifecycle Nurture,Email,Customer Nurture,Europe,New Customers,Desktop,11958,646,56,120.66,4563.7
REC-004033,2025-12-18,CAMP-016,Video Reach Accelerator,YouTube Ads,Brand Awareness,North America,Returning Customers,Mobile,43502,303,3,279.23,276.66
REC-000746,2025-03-06,CAMP-020,Creator Partnership Series,Influencer,Influencer Partnership,Europe,Students & Young Professionals,Tablet,17187,442,8,551.83,627.57
REC-001805,2025-06-08,CAMP-009,Startup Founder Leads,LinkedIn Ads,Lead Generation,Europe,Students & Young Professionals,Mobile,5934,119,5,693.69,450.27
REC-002463,2025-08-08,CAMP-004,Social Scale Prospecting,Meta Ads,Prospecting,Europe,Small Business Owners,Desktop,7643,143,7,155.29,1081.45
REC-001001,2025-03-29,CAMP-005,Cart Recovery Social,Meta Ads,Retargeting,Europe,Students & Young Professionals,Desktop,26611,796,37,752.78,2102.45
REC-002799,2025-09-06,CAMP-005,Cart Recovery Social,Meta Ads,Retargeting,Europe,New Customers,Mobile,21749,871,29,820.4,3121.75
REC-005850,2026-05-27,CAMP-020,Creator Partnership Series,Influencer,Influencer Partnership,Asia-Pacific,Small Business Owners,Desktop,38585,827,37,879.64,5945.44
REC-004416,2026-01-19,CAMP-018,Programmatic Market Reach,Display Ads,Brand Awareness,Asia-Pacific,Small Business Owners,Mobile,36828,183,1,120.85,77.2
REC-002749,2025-09-01,CAMP-008,Executive Thought Leadership,LinkedIn Ads,Brand Awareness,MENA,Small Business Owners,Mobile,8346,91,3,483.24,211.55
REC-004144,2025-12-27,CAMP-021,Micro Creator Conversion,Influencer,Influencer Partnership,MENA,Returning Customers,Mobile,11655,314,13,219.06,1831.01
REC-000910,2025-03-21,CAMP-023,Enterprise Pipeline Builder,LinkedIn Ads,Lead Generation,Europe,Returning Customers,Mobile,6856,121,16,538.72,2815.49
REC-000620,2025-02-23,CAMP-013,Lifecycle Nurture,Email,Customer Nurture,North America,Small Business Owners,Mobile,3439,232,23,49.58,3766.92
REC-000530,2025-02-15,CAMP-012,Youth Engagement Sprint,TikTok Ads,Engagement,Europe,New Customers,Mobile,17347,216,4,194.4,327.69
REC-002104,2025-07-07,CAMP-023,Enterprise Pipeline Builder,LinkedIn Ads,Lead Generation,Europe,Students & Young Professionals,Desktop,6022,104,10,576.54,1179.59
REC-004532,2026-01-30,CAMP-001,Search Growth Engine,Google Ads,Always-on Acquisition,North America,Enterprise Decision Makers,Mobile,9570,508,24,1106.27,5305.27
REC-006140,2026-06-22,CAMP-018,Programmatic Market Reach,Display Ads,Brand Awareness,Europe,Students & Young Professionals,Mobile,18370,60,0,66.39,0.0
REC-005183,2026-03-30,CAMP-017,Product Demo Views,YouTube Ads,Product Education,Latin America,Returning Customers,Desktop,34991,366,9,250.19,1350.05
REC-005364,2026-04-15,CAMP-003,High Intent Retargeting,Google Ads,Retargeting,Asia-Pacific,New Customers,Mobile,8386,572,47,751.17,6124.9
REC-005312,2026-04-11,CAMP-010,Short Video Discovery,TikTok Ads,Prospecting,Latin America,New Customers,Desktop,25564,390,11,266.13,925.63
REC-005980,2026-06-08,CAMP-009,Startup Founder Leads,LinkedIn Ads,Lead Generation,Europe,Small Business Owners,Desktop,5958,59,5,368.84,930.42
REC-002140,2025-07-10,CAMP-010,Short Video Discovery,TikTok Ads,Prospecting,North America,New Customers,Mobile,28726,459,7,496.99,761.3
REC-002604,2025-08-20,CAMP-005,Cart Recovery Social,Meta Ads,Retargeting,Europe,New Customers,Mobile,8967,244,11,247.45,888.52
REC-004214,2026-01-03,CAMP-005,Cart Recovery Social,Meta Ads,Retargeting,MENA,New Customers,Desktop,19212,737,50,699.92,4681.47
REC-004940,2026-03-07,CAMP-003,High Intent Retargeting,Google Ads,Retargeting,MENA,Returning Customers,Mobile,4255,348,47,473.71,6048.55
REC-006086,2026-06-17,CAMP-001,Search Growth Engine,Google Ads,Always-on Acquisition,Europe,Returning Customers,Desktop,9031,410,28,728.22,3808.37
REC-002444,2025-08-07,CAMP-017,Product Demo Views,YouTube Ads,Product Education,MENA,Small Business Owners,Mobile,22804,265,7,184.9,881.46
REC-003020,2025-09-24,CAMP-021,Micro Creator Conversion,Influencer,Influencer Partnership,MENA,Small Business Owners,Desktop,17125,408,22,502.79,3419.97
REC-001539,2025-05-13,CAMP-016,Video Reach Accelerator,YouTube Ads,Brand Awareness,MENA,Small Business Owners,Desktop,35694,270,5,227.8,643.87
REC-001790,2025-06-07,CAMP-014,Win Back Customers,Email,Reactivation,North America,Enterprise Decision Makers,Desktop,6130,246,46,78.13,16443.0
REC-004947,2026-03-08,CAMP-024,Mobile App Acquisition,Google Ads,App Acquisition,North America,Enterprise Decision Makers,Mobile,9006,437,23,808.7,4548.18
REC-000497,2025-02-12,CAMP-014,Win Back Customers,Email,Reactivation,Europe,Returning Customers,Mobile,6562,378,57,81.42,8951.8
REC-005221,2026-04-03,CAMP-018,Programmatic Market Reach,Display Ads,Brand Awareness,MENA,Students & Young Professionals,Mobile,27591,90,0,74.25,0.0
REC-005577,2026-05-04,CAMP-017,Product Demo Views,YouTube Ads,Product Education,Latin America,Returning Customers,Tablet,8048,69,0,49.67,0.0
REC-004761,2026-02-19,CAMP-001,Search Growth Engine,Google Ads,Always-on Acquisition,Latin America,Returning Customers,Desktop,14616,489,38,599.44,3955.08
REC-003328,2025-10-21,CAMP-004,Social Scale Prospecting,Meta Ads,Prospecting,Asia-Pacific,New Customers,Mobile,28135,716,16,546.83,1349.79
REC-000334,2025-01-30,CAMP-003,High Intent Retargeting,Google Ads,Retargeting,MENA,Returning Customers,Mobile,14212,761,70,921.7,12176.95
REC-000457,2025-02-09,CAMP-009,Startup Founder Leads,LinkedIn Ads,Lead Generation,North America,New Customers,Mobile,1655,21,3,170.74,412.34
REC-004350,2026-01-15,CAMP-019,Display Retargeting Loop,Display Ads,Retargeting,MENA,Small Business Owners,Mobile,42513,480,6,252.94,966.93
REC-002907,2025-09-15,CAMP-003,High Intent Retargeting,Google Ads,Retargeting,North America,Students & Young Professionals,Desktop,18026,774,52,1596.27,4931.86
REC-001424,2025-05-03,CAMP-019,Display Retargeting Loop,Display Ads,Retargeting,North America,Returning Customers,Mobile,39158,312,5,197.95,726.63
REC-003495,2025-11-05,CAMP-004,Social Scale Prospecting,Meta Ads,Prospecting,Europe,Returning Customers,Desktop,25112,329,14,317.17,1864.57
REC-003537,2025-11-08,CAMP-020,Creator Partnership Series,Influencer,Influencer Partnership,Asia-Pacific,Small Business Owners,Tablet,56435,1125,28,1446.32,3332.46
REC-001528,2025-05-13,CAMP-019,Display Retargeting Loop,Display Ads,Retargeting,Asia-Pacific,New Customers,Desktop,24435,166,3,97.1,363.75
REC-001296,2025-04-23,CAMP-020,Creator Partnership Series,Influencer,Influencer Partnership,Europe,Returning Customers,Mobile,43230,1177,43,1093.16,5107.12
REC-004959,2026-03-09,CAMP-006,Seasonal Offer Push,Meta Ads,Seasonal Promotion,Asia-Pacific,New Customers,Mobile,9273,207,6,204.23,621.86
REC-005455,2026-04-23,CAMP-024,Mobile App Acquisition,Google Ads,App Acquisition,Latin America,Enterprise Decision Makers,Desktop,14352,610,48,907.02,7016.89
REC-002277,2025-07-23,CAMP-019,Display Retargeting Loop,Display Ads,Retargeting,Latin America,New Customers,Desktop,32028,216,5,104.12,502.7
REC-005225,2026-04-03,CAMP-012,Youth Engagement Sprint,TikTok Ads,Engagement,Europe,Returning Customers,Desktop,8063,134,4,146.49,290.0
REC-003386,2025-10-26,CAMP-018,Programmatic Market Reach,Display Ads,Brand Awareness,MENA,Returning Customers,Mobile,36144,150,1,87.27,57.89
REC-001007,2025-03-29,CAMP-023,Enterprise Pipeline Builder,LinkedIn Ads,Lead Generation,north america,Returning Customers,Mobile,5934,104,13,656.03,2690.82
REC-000634,2025-02-24,CAMP-015,Monthly Product Digest,Email,Customer Nurture,North America,Small Business Owners,Desktop,11624,360,38,119.57,5618.39
REC-002213,2025-07-17,CAMP-016,Video Reach Accelerator,YouTube Ads,Brand Awareness,Europe,Returning Customers,Mobile,17444,130,2,95.13,214.61
REC-000044,2025-01-04,CAMP-024,Mobile App Acquisition,Google Ads,App Acquisition,North America,Returning Customers,Desktop,15250,691,40,1139.03,2440.33
REC-001305,2025-04-23,CAMP-003,High Intent Retargeting,Google Ads,Retargeting,North America,Returning Customers,Mobile,17323,819,103,1800.56,14149.81
REC-005120,2026-03-24,CAMP-006,Seasonal Offer Push,Meta Ads,Seasonal Promotion,MENA,Returning Customers,Desktop,21528,479,35,371.62,4832.57
REC-003688,2025-11-20,CAMP-005,Cart Recovery Social,Meta Ads,Retargeting,Europe,Small Business Owners,Desktop,27208,639,51,776.95,6026.38
REC-003660,2025-11-18,CAMP-008,Executive Thought Leadership,LinkedIn Ads,Brand Awareness,North America,New Customers,Mobile,10653,115,3,785.21,124.9
REC-002145,2025-07-11,CAMP-012,Youth Engagement Sprint,TikTok Ads,Engagement,Europe,Returning Customers,Tablet,11922,95,3,117.82,231.2
REC-005498,2026-04-27,CAMP-013,Lifecycle Nurture,Email,Customer Nurture,MENA,New Customers,Desktop,10916,710,62,130.27,6632.7
REC-001675,2025-05-26,CAMP-024,Mobile App Acquisition,Google Ads ,App Acquisition,Europe,Enterprise Decision Makers,Mobile,15658,464,25,833.21,4119.89
REC-000196,2025-01-17,CAMP-023,Enterprise Pipeline Builder,LinkedIn Ads,Lead Generation,North America,Returning Customers,Mobile,1788,39,2,226.14,432.96
REC-000248,2025-01-23,CAMP-012,Youth Engagement Sprint,TikTok Ads,Engagement,Europe,Returning Customers,Mobile,23286,365,8,389.14,673.28
REC-001115,2025-04-08,CAMP-009,Startup Founder Leads,LinkedIn Ads,Lead Generation,Europe,New Customers,Desktop,6977,68,5,395.11,562.31
REC-004365,2026-01-16,CAMP-004,Social Scale Prospecting,Meta Ads,Prospecting,Latin America,Returning Customers,Desktop,15007,321,25,313.41,2618.23
REC-003548,2025-11-09,CAMP-008,Executive Thought Leadership,LinkedIn Ads,Brand Awareness,North America,Small Business Owners,Mobile,4237,34,0,235.74,0.0
REC-005053,2026-03-18,CAMP-001,Search Growth Engine,Google Ads,Always-on Acquisition,MENA,Returning Customers,Mobile,10926,627,35,1061.73,4736.84
REC-002976,2025-09-21,CAMP-013,Lifecycle Nurture,Email,Customer Nurture,North America,Returning Customers,Mobile,4738,340,42,67.44,5684.35
REC-004505,2026-01-28,CAMP-017,Product Demo Views,YouTube Ads,Product Education,North America,New Customers,Desktop,31611,226,3,230.12,258.26
REC-002446,2025-08-07,CAMP-010,Short Video Discovery,TikTok Ads,Prospecting,Europe,Students & Young Professionals,Desktop,23467,300,5,263.94,361.52
REC-004382,2026-01-17,CAMP-023,Enterprise Pipeline Builder,LinkedIn Ads,Lead Generation,MENA,Small Business Owners,Mobile,6755,97,7,477.62,1655.42
REC-002645,2025-08-23,CAMP-001,Search Growth Engine,Google Ads,Always-on Acquisition,Asia-Pacific,Small Business Owners,Desktop,4273,162,10,236.21,1142.47
REC-001215,2025-04-16,CAMP-008,Executive Thought Leadership,LinkedIn Ads,Brand Awareness,Europe,Returning Customers,Desktop,7638,57,3,295.75,228.36
REC-001253,2025-04-19,CAMP-019,Display Retargeting Loop,Display Ads,Retargeting,North America,New Customers,Mobile,26913,285,2,180.85,224.26
REC-003415,2025-10-29,CAMP-016,Video Reach Accelerator,YouTube Ads,Brand Awareness,Asia-Pacific,Students & Young Professionals,Desktop,19241,160,2,144.04,107.13
REC-002081,2025-07-05,CAMP-024,Mobile App Acquisition,Google Ads,App Acquisition,MENA,Students & Young Professionals,Tablet,9336,286,9,387.43,462.81
REC-002867,2025-09-13,CAMP-007,B2B Decision Makers,LinkedIn Ads,Lead Generation,Europe,New Customers,Desktop,2538,30,3,143.45,445.63
REC-005361,2026-04-15,CAMP-004,Social Scale Prospecting,Meta Ads,Prospecting,North America,Small Business Owners,Mobile,14332,408,11,562.15,1659.86
REC-000417,2025-02-06,CAMP-021,Micro Creator Conversion,Influencer,Influencer Partnership,North America,New Customers,Desktop,53989,1210,44,1735.47,4129.88
REC-004328,2026-01-13,CAMP-004,Social Scale Prospecting,Meta Ads,Prospecting,Europe,Returning Customers,Desktop,11193,219,10,223.51,1411.02
REC-004014,2025-12-17,CAMP-012,Youth Engagement Sprint,TikTok Ads,Engagement,North America,Small Business Owners,Desktop,34608,467,9,470.55,1025.83
REC-002819,2025-09-08,CAMP-007,B2B Decision Makers,LinkedIn Ads,Lead Generation,Asia-Pacific,Students & Young Professionals,Mobile,5087,92,3,480.07,224.26
REC-001956,2025-06-23,CAMP-002,Brand Demand Capture,Google Ads,Brand Awareness,North America,Enterprise Decision Makers,Mobile,11996,433,16,698.4,2981.09
REC-000753,2025-03-07,CAMP-012,Youth Engagement Sprint,TikTok Ads,Engagement,Europe,New Customers,Mobile,21822,308,6,224.11,446.82
REC-005264,2026-04-06,CAMP-015,Monthly Product Digest,Email,Customer Nurture,North America,Small Business Owners,Mobile,7613,465,34,86.98,5531.56
REC-004390,2026-01-18,CAMP-008,Executive Thought Leadership,LinkedIn Ads,Brand Awareness,MENA,Small Business Owners,Desktop,3011,33,2,217.79,119.1
REC-000884,2025-03-19,CAMP-018,Programmatic Market Reach,Display Ads,Brand Awareness,MENA,Returning Customers,Mobile,26022,84,1,72.09,61.24
REC-001919,2025-06-19,CAMP-003,High Intent Retargeting,Google Ads,Retargeting,MENA,Students & Young Professionals,Mobile,14438,1059,50,1403.81,4963.74
REC-006235,2026-06-30,CAMP-021,Micro Creator Conversion,Influencer,Influencer Partnership,North America,Enterprise Decision Makers,Desktop,9042,197,8,241.36,2391.0
REC-001287,2025-04-22,CAMP-021,Micro Creator Conversion,Influencer,Influencer Partnership,MENA,New Customers,Mobile,14703,668,19,324.63,1549.58
REC-000621,2025-02-23,CAMP-002,Brand Demand Capture,Google Ads,Brand Awareness,North America,New Customers,Desktop,7280,205,10,364.84,811.27
REC-005966,2026-06-06,CAMP-003,High Intent Retargeting,Google Ads,Retargeting,Asia-Pacific,Returning Customers,Mobile,5807,461,41,662.9,6221.22
REC-002862,2025-09-12,CAMP-016,Video Reach Accelerator,YouTube Ads,Brand Awareness,MENA,Small Business Owners,Mobile,42042,328,4,266.66,390.25
REC-005601,2026-05-06,CAMP-007,B2B Decision Makers,LinkedIn Ads,Lead Generation,MENA,Returning Customers,Mobile,3590,64,5,322.15,937.16
REC-002262,2025-07-22,CAMP-013,Lifecycle Nurture,Email,Customer Nurture,MENA,New Customers,Mobile,13135,912,65,146.26,5009.25
REC-003959,2025-12-12,CAMP-001,Search Growth Engine,Google Ads,Always-on Acquisition,Latin America,Small Business Owners,Mobile,5299,284,17,354.44,2782.93
REC-000280,2025-01-25,CAMP-008,Executive Thought Leadership,LinkedIn Ads,Brand Awareness,North America,Enterprise Decision Makers,Desktop,6262,53,2,311.59,297.13
REC-001096,2025-04-06,CAMP-015,Monthly Product Digest,Email,Customer Nurture,MENA,Returning Customers,Mobile,8417,572,56,109.22,8076.21
REC-004264,2026-01-07,CAMP-017,Product Demo Views,YouTube Ads,Product Education,North America,New Customers,Mobile,36206,476,8,365.55,752.55
REC-004893,2026-03-03,CAMP-019,Display Retargeting Loop,Display Ads,Retargeting,Europe,Enterprise Decision Makers,Desktop,27852,225,4,160.5,1104.73
REC-002588,2025-08-19,CAMP-005,Cart Recovery Social,Meta Ads,Retargeting,Europe,Returning Customers,Tablet,19660,462,27,406.95,3203.12
REC-004093,2025-12-24,CAMP-012,Youth Engagement Sprint,TikTok Ads,Engagement,Europe,Students & Young Professionals,Mobile,39078,642,6,480.51,339.18
REC-003639,2025-11-16,CAMP-006,Seasonal Offer Push,Meta Ads,Seasonal Promotion,Latin America,Small Business Owners,Desktop,5997,92,4,94.89,488.97
REC-002918,2025-09-16,CAMP-018,Programmatic Market Reach,Display Ads,Brand Awareness,North America,Returning Customers,Desktop,35436,142,1,145.91,65.52
REC-006078,2026-06-16,CAMP-005,Cart Recovery Social,Meta Ads,Retargeting,Asia-Pacific,Students & Young Professionals,Mobile,18846,710,28,534.69,1602.83
REC-001270,2025-04-20,CAMP-024,Mobile App Acquisition,Google Ads,App Acquisition,North America,Students & Young Professionals,Mobile,5675,191,8,345.46,367.57
REC-005771,2026-05-20,CAMP-008,Executive Thought Leadership,LinkedIn Ads,Brand Awareness,North America,Small Business Owners,Mobile,2063,22,1,166.57,74.15
REC-002187,2025-07-15,CAMP-020,Creator Partnership Series,Influencer,Influencer Partnership,North America,Small Business Owners,Desktop,50843,1667,78,1319.14,9058.1
REC-003910,2025-12-08,CAMP-009,Startup Founder Leads,LinkedIn Ads,Lead Generation,Latin America,New Customers,Mobile,4477,83,6,297.68,721.97
REC-002476,2025-08-09,CAMP-012,Youth Engagement Sprint,TikTok Ads,Engagement,MENA,New Customers,Desktop,14453,178,4,139.98,305.59
REC-002268,2025-07-22,CAMP-020,Creator Partnership Series,Influencer,Influencer Partnership,MENA,Students & Young Professionals,Mobile,29730,790,19,666.91,1078.54
REC-000308,2025-01-27,CAMP-024,Mobile App Acquisition,Google Ads,App Acquisition,North America,New Customers,Mobile,5737,266,9,514.88,497.43
REC-000586,2025-02-20,CAMP-019,Display Retargeting Loop,Display Ads,Retargeting,North America,Enterprise Decision Makers,Mobile,39690,428,7,277.03,1951.27
REC-003935,2025-12-11,CAMP-017,Product Demo Views,YouTube Ads,Product Education,MENA,Students & Young Professionals,Desktop,41587,400,6,307.83,514.21
REC-006047,2026-06-14,CAMP-014,Win Back Customers,Email,Reactivation,Europe,New Customers,Desktop,5082,403,63,68.13,6675.65
REC-003337,2025-10-22,CAMP-010,Short Video Discovery,TikTok Ads,Prospecting,Latin America,Small Business Owners,Desktop,17535,236,5,190.76,784.25
REC-003450,2025-11-01,CAMP-022,Holiday Revenue Boost,Meta Ads,Seasonal Promotion,Europe,New Customers,Mobile,23370,521,18,570.35,1986.99
REC-002070,2025-07-03,CAMP-018,Programmatic Market Reach,Display Ads,Brand Awareness,MENA,Small Business Owners,Desktop,38751,148,1,76.4,63.15
REC-004871,2026-03-01,CAMP-016,Video Reach Accelerator,YouTube Ads,Brand Awareness,North America,New Customers,Mobile,31578,321,3,369.08,190.73
REC-002541,2025-08-15,CAMP-003,High Intent Retargeting,Google Ads,Retargeting,North America,Returning Customers,Desktop,7595,396,57,674.81,8823.51
REC-002659,2025-08-24,CAMP-012,Youth Engagement Sprint,TikTok Ads,Engagement,MENA,Enterprise Decision Makers,Mobile,19590,243,4,214.06,764.72
REC-002289,2025-07-24,CAMP-023,Enterprise Pipeline Builder,LinkedIn Ads,Lead Generation,North America,New Customers,Mobile,9734,176,15,1057.24,1931.14
REC-001803,2025-06-08,CAMP-023,Enterprise Pipeline Builder,LinkedIn Ads,Lead Generation,MENA,Students & Young Professionals,Mobile,5762,93,6,404.01,536.17
REC-001553,2025-05-15,CAMP-012,Youth Engagement Sprint,TikTok Ads,Engagement,Europe,Small Business Owners,Mobile,19120,263,4,217.94,404.94
REC-001393,2025-05-01,CAMP-007,B2B Decision Makers,LinkedIn Ads,Lead Generation,North America,Students & Young Professionals,Mobile,7560,146,8,1005.96,733.55
REC-002924,2025-09-17,CAMP-018,Programmatic Market Reach,Display Ads,Brand Awareness,North America,New Customers,Desktop,33914,118,1,94.01,62.73
REC-000869,2025-03-18,CAMP-015,Monthly Product Digest,Email,Customer Nurture,MENA,Enterprise Decision Makers,Desktop,12881,533,51,136.98,11484.36
REC-004115,2025-12-25,CAMP-018,Programmatic Market Reach,Display Ads,Brand Awareness,North America,Small Business Owners,Desktop,47117,182,1,116.4,70.07
REC-005398,2026-04-18,CAMP-003,High Intent Retargeting,Google Ads,Retargeting,MENA,New Customers,Mobile,3817,194,17,300.66,1914.39
REC-000858,2025-03-17,CAMP-018,Programmatic Market Reach,Display Ads,Brand Awareness,Europe,Small Business Owners,Desktop,43531,115,1,68.96,92.34
REC-005090,2026-03-21,CAMP-015,Monthly Product Digest,Email,Customer Nurture,MENA,New Customers,Desktop,7182,330,27,89.79,2396.17
REC-004882,2026-03-02,CAMP-013,Lifecycle Nurture,Email,Customer Nurture,Europe,Enterprise Decision Makers,Mobile,8777,584,73,105.74,22039.44
REC-001654,2025-05-25,CAMP-023,Enterprise Pipeline Builder,LinkedIn Ads,Lead Generation,North America,New Customers,Desktop,2729,36,3,229.11,421.32
REC-002927,2025-09-17,CAMP-009,Startup Founder Leads,LinkedIn Ads,Lead Generation,Latin America,Returning Customers,Desktop,5426,56,7,197.69,1129.84
REC-002735,2025-08-31,CAMP-005,Cart Recovery Social,Meta Ads,Retargeting,Europe,Enterprise Decision Makers,Mobile,17686,749,34,816.04,9165.48
REC-001232,2025-04-17,CAMP-019,Display Retargeting Loop,Display Ads,Retargeting,Asia-Pacific,Enterprise Decision Makers,Desktop,54213,430,9,219.24,3034.21
REC-005363,2026-04-15,CAMP-009,Startup Founder Leads,LinkedIn Ads,Lead Generation,Europe,New Customers,Mobile,8040,113,6,517.35,735.58
REC-003805,2025-11-29,CAMP-003,High Intent Retargeting,Google Ads,Retargeting,MENA,Students & Young Professionals,Mobile,15396,1205,87,1936.16,6849.51
REC-000828,2025-03-14,CAMP-003,High Intent Retargeting,Google Ads,Retargeting,Europe,Enterprise Decision Makers,Mobile,6673,419,32,834.61,10640.99
REC-005698,2026-05-14,CAMP-011,Creator Product Launch,TikTok Ads,Product Launch,Latin America,Returning Customers,Desktop,9916,178,8,116.2,829.3
REC-003352,2025-10-23,CAMP-014,Win Back Customers,Email,Reactivation,North America,Students & Young Professionals,Desktop,3981,238,31,53.63,2506.25
REC-002570,2025-08-17,CAMP-002,Brand Demand Capture,Google Ads,Brand Awareness,North America,Small Business Owners,Mobile,5614,185,7,418.99,722.42
REC-003874,2025-12-05,CAMP-005,Cart Recovery Social,Meta Ads,Retargeting,Latin America,Returning Customers,Mobile,8584,204,13,180.79,1708.16
REC-004873,2026-03-01,CAMP-023,Enterprise Pipeline Builder,LinkedIn Ads,Lead Generation,europe,New Customers,Mobile,2058,26,2,151.11,289.4
REC-004133,2025-12-26,CAMP-021,Micro Creator Conversion,Influencer,Influencer Partnership,Europe,Small Business Owners,Mobile,53120,2165,68,1909.01,9264.01
REC-003422,2025-10-30,CAMP-004,Social Scale Prospecting,Meta Ads,Prospecting,North America,Enterprise Decision Makers,Mobile,18052,350,13,400.13,3124.48
REC-000014,2025-01-01,CAMP-019,Display Retargeting Loop,Display Ads,Retargeting,MENA,New Customers,Mobile,16806,119,2,60.49,224.58
REC-005300,2026-04-10,CAMP-024,Mobile App Acquisition,Google Ads,App Acquisition,Asia-Pacific,Small Business Owners,Mobile,7579,317,14,495.31,1426.28
REC-001644,2025-05-24,CAMP-007,B2B Decision Makers,LinkedIn Ads,Lead Generation,North America,New Customers,Desktop,3645,54,5,374.39,659.91
REC-004486,2026-01-26,CAMP-005,Cart Recovery Social,Meta Ads,Retargeting,Europe,Enterprise Decision Makers,Mobile,21364,715,36,729.63,10488.54
REC-003410,2025-10-29,CAMP-014,Win Back Customers,Email,Reactivation,MENA,Enterprise Decision Makers,Desktop,8553,397,64,87.0,24462.66
REC-001076,2025-04-04,CAMP-016,Video Reach Accelerator,YouTube Ads,Brand Awareness,North America,Small Business Owners,Mobile,31462,259,2,265.73,203.08
REC-006045,2026-06-13,CAMP-003,High Intent Retargeting,Google Ads,Retargeting,Europe,Returning Customers,Desktop,4007,184,30,280.71,5201.2
REC-004712,2026-02-15,CAMP-014,Win Back Customers,Email,Reactivation,MENA,New Customers,Mobile,9151,667,75,102.61,7497.41
REC-003012,2025-09-24,CAMP-006,Seasonal Offer Push,Meta Ads,Seasonal Promotion,MENA,Small Business Owners,Mobile,20655,572,18,564.51,2221.52
REC-003581,2025-11-12,CAMP-017,Product Demo Views,YouTube Ads,Product Education,Europe,Returning Customers,Mobile,10858,132,3,131.4,334.82
REC-001935,2025-06-21,CAMP-023,Enterprise Pipeline Builder,LinkedIn Ads,Lead Generation,Asia-Pacific,Students & Young Professionals,Desktop,1678,22,1,117.51,103.75
REC-005831,2026-05-26,CAMP-013,Lifecycle Nurture,Email,Customer Nurture,North America,New Customers,Mobile,6004,412,38,85.75,3939.46
REC-004689,2026-02-13,CAMP-019,Display Retargeting Loop,Display Ads,Retargeting,North America,Small Business Owners,Desktop,21734,193,4,97.04,672.61
REC-005681,2026-05-13,CAMP-008,Executive Thought Leadership,LinkedIn Ads,Brand Awareness,Europe,Small Business Owners,Tablet,7685,78,3,419.14,213.86
REC-000119,2025-01-11,CAMP-014,Win Back Customers,Email,Reactivation,MENA,Small Business Owners,Mobile,9445,527,81,117.18,13360.85
REC-003375,2025-10-26,CAMP-013,Lifecycle Nurture,Email,Customer Nurture,MENA,Small Business Owners,Desktop,6767,422,57,75.66,8657.09
REC-000218,2025-01-19,CAMP-002,Brand Demand Capture,Google Ads,Brand Awareness,MENA,Enterprise Decision Makers,Desktop,7060,170,7,286.63,1257.36
REC-003395,2025-10-27,CAMP-016,Video Reach Accelerator,YouTube Ads,Brand Awareness,North America,Small Business Owners,Mobile,33977,339,3,297.77,303.44
REC-006204,2026-06-28,CAMP-019,Display Retargeting Loop,Display Ads,Retargeting,North America,Students & Young Professionals,Mobile,28258,272,2,164.75,166.51
REC-002229,2025-07-19,CAMP-004,Social Scale Prospecting,Meta Ads,Prospecting,Asia-Pacific,Students & Young Professionals,Mobile,20766,496,8,558.78,632.93
REC-002252,2025-07-21,CAMP-009,Startup Founder Leads,LinkedIn Ads,Lead Generation,Asia-Pacific,New Customers,Tablet,8613,108,5,585.1,641.79
REC-003377,2025-10-26,CAMP-001,Search Growth Engine,Google Ads,Always-on Acquisition,Europe,Enterprise Decision Makers,Mobile,13924,653,32,950.98,7564.85
REC-001898,2025-06-17,CAMP-013,Lifecycle Nurture,Email,Customer Nurture,Asia-Pacific,Returning Customers,Desktop,7724,381,79,84.44,7956.02
REC-003025,2025-09-25,CAMP-001,Search Growth Engine,Google Ads,Always-on Acquisition,North America,Small Business Owners,Desktop,15794,645,50,1273.63,7245.16
REC-000071,2025-01-07,CAMP-017,Product Demo Views,YouTube Ads,Product Education,North America,Returning Customers,Mobile,20425,257,6,259.89,888.27
REC-002936,2025-09-18,CAMP-002,Brand Demand Capture,Google Ads,Brand Awareness,MENA,Returning Customers,Mobile,10203,408,22,538.97,1647.09
REC-001108,2025-04-07,CAMP-003,High Intent Retargeting,Google Ads,Retargeting,Europe,Returning Customers,Desktop,12967,730,66,1067.57,8213.04
REC-003752,2025-11-25,CAMP-023,Enterprise Pipeline Builder,LinkedIn Ads,Lead Generation,North America,Returning Customers,Mobile,4900,97,10,665.83,1859.44
REC-005471,2026-04-24,CAMP-003,High Intent Retargeting,Google Ads,Retargeting,Europe,Returning Customers,Mobile,9379,573,60,948.76,9780.11
REC-003576,2025-11-11,CAMP-012,Youth Engagement Sprint,TikTok Ads,Engagement,Latin America,Small Business Owners,Desktop,12622,126,3,133.88,335.29
REC-004631,2026-02-08,CAMP-008,Executive Thought Leadership,LinkedIn Ads,Brand Awareness,Asia-Pacific,New Customers,Mobile,6072,54,1,284.31,51.75
REC-003936,2025-12-11,CAMP-009,Startup Founder Leads,LinkedIn Ads,Lead Generation,North America,Returning Customers,Tablet,12677,145,14,808.55,2636.16
REC-005892,2026-05-31,CAMP-019,Display Retargeting Loop,Display Ads,Retargeting,MENA,Returning Customers,Desktop,38991,301,8,177.1,1254.29
REC-005208,2026-04-01,CAMP-021,Micro Creator Conversion,Influencer,Influencer Partnership,North America,New Customers,Tablet,49327,1008,22,1568.38,2070.01
REC-004165,2025-12-29,CAMP-012,Youth Engagement Sprint,TikTok Ads,Engagement,Latin America,Returning Customers,Mobile,22808,329,7,206.82,514.5
REC-001145,2025-04-10,CAMP-018,Programmatic Market Reach,Display Ads,Brand Awareness,MENA,Returning Customers,Desktop,37519,137,2,118.51,159.24
REC-005408,2026-04-19,CAMP-017,Product Demo Views,YouTube Ads,Product Education,North America,Enterprise Decision Makers,Mobile,20091,171,4,161.8,1156.55
REC-005353,2026-04-14,CAMP-009,Startup Founder Leads,LinkedIn Ads,Lead Generation,Latin America,Small Business Owners,Desktop,4192,56,4,193.12,689.0
REC-004428,2026-01-20,CAMP-021,Micro Creator Conversion,Influencer,Influencer Partnership,Europe,New Customers,Mobile,19567,665,15,545.86,1247.61
REC-001836,2025-06-11,CAMP-007,B2B Decision Makers,LinkedIn Ads,Lead Generation,MENA,Enterprise Decision Makers,Desktop,2267,39,4,189.14,1480.23
REC-004119,2025-12-25,CAMP-007,B2B Decision Makers,LinkedIn Ads,Lead Generation,North America,New Customers,Mobile,6477,74,5,492.45,709.96
REC-005063,2026-03-18,CAMP-012,Youth Engagement Sprint,TikTok Ads,Engagement,Europe,Returning Customers,Desktop,38076,552,13,441.81,1170.83
REC-001572,2025-05-16,CAMP-017,Product Demo Views,YouTube Ads,Product Education,MENA,Returning Customers,Desktop,19690,197,7,177.76,1028.96
REC-005634,2026-05-09,CAMP-005,Cart Recovery Social,Meta Ads,Retargeting,Europe,Small Business Owners,Desktop,18966,646,50,568.23,8204.12
REC-002384,2025-08-02,CAMP-014,Win Back Customers,Email,Reactivation,North America,Small Business Owners,Desktop,8775,682,143,106.27,25896.49
REC-003918,2025-12-09,CAMP-020,Creator Partnership Series,Influencer,Influencer Partnership,Europe,Students & Young Professionals,Mobile,42675,1158,23,790.47,1557.54
REC-001373,2025-04-29,CAMP-009,Startup Founder Leads,LinkedIn Ads,Lead Generation,North America,Students & Young Professionals,Mobile,4116,72,5,380.37,370.02
REC-003251,2025-10-15,CAMP-007,B2B Decision Makers,LinkedIn Ads,Lead Generation,North America,New Customers,Mobile,7884,143,9,1021.62,1248.0
REC-001610,2025-05-21,CAMP-003,High Intent Retargeting,Google Ads,Retargeting,MENA,Students & Young Professionals,Mobile,4995,331,21,512.04,1855.51
REC-003351,2025-10-23,CAMP-001,Search Growth Engine,Google Ads,Always-on Acquisition,Europe,Small Business Owners,Mobile,18726,842,36,1190.69,5061.46
REC-000975,2025-03-27,CAMP-016,Video Reach Accelerator,YouTube Ads,Brand Awareness,MENA,Small Business Owners,Desktop,15271,109,2,122.92,235.48
REC-000648,2025-02-25,CAMP-021,Micro Creator Conversion,Influencer,Influencer Partnership,Europe,Returning Customers,Tablet,10738,225,12,326.21,1490.56
REC-002365,2025-07-31,CAMP-021,Micro Creator Conversion,Influencer,Influencer Partnership,Latin America,New Customers,Mobile,21623,782,23,567.66,2318.35
REC-001427,2025-05-03,CAMP-005,Cart Recovery Social,Meta Ads,Retargeting,North America,Small Business Owners,Mobile,9429,343,23,323.18,2682.27
REC-003482,2025-11-03,CAMP-013,Lifecycle Nurture,Email,Customer Nurture,Europe,Returning Customers,Desktop,4045,219,43,60.27,4739.87
REC-001248,2025-04-18,CAMP-021,Micro Creator Conversion,Influencer,Influencer Partnership,Europe,Small Business Owners,Desktop,46843,1182,50,1479.13,7017.45
REC-001737,2025-06-01,CAMP-016,Video Reach Accelerator,YouTube Ads,Brand Awareness,MENA,Small Business Owners,Mobile,27031,196,1,151.81,87.62
REC-000654,2025-02-26,CAMP-023,Enterprise Pipeline Builder,LinkedIn Ads,Lead Generation,Europe,Returning Customers,Desktop,4757,73,9,320.56,1963.94
REC-004399,2026-01-18,CAMP-004,Social Scale Prospecting,Meta Ads,Prospecting,Europe,Small Business Owners,Desktop,14376,219,7,211.15,915.18
REC-002165,2025-07-13,CAMP-016,Video Reach Accelerator,YouTube Ads,Brand Awareness,MENA,Returning Customers,Mobile,22342,146,0,126.67,0.0
REC-001199,2025-04-15,CAMP-001,Search Growth Engine,Google Ads,Always-on Acquisition,Asia-Pacific,New Customers,Mobile,18980,712,46,1140.76,5151.19
REC-004392,2026-01-18,CAMP-001,Search Growth Engine,Google Ads,Always-on Acquisition,Europe,Returning Customers,Mobile,11180,561,33,893.17,3276.31
REC-004154,2025-12-28,CAMP-007,B2B Decision Makers,LinkedIn Ads,Lead Generation,Asia-Pacific,Small Business Owners,Desktop,7469,79,7,392.24,1146.15
REC-001149,2025-04-10,CAMP-024,Mobile App Acquisition,Google Ads,App Acquisition,MENA,Small Business Owners,Desktop,21919,824,40,1327.7,3445.73
REC-003442,2025-10-31,CAMP-008,Executive Thought Leadership,LinkedIn Ads,Brand Awareness,Europe,Returning Customers,Mobile,6006,72,4,410.13,291.86
REC-004849,2026-02-27,CAMP-014,Win Back Customers,Email,Reactivation,North America,New Customers,Mobile,9512,661,71,118.09,6785.58
REC-003049,2025-09-27,CAMP-021,Micro Creator Conversion,Influencer,Influencer Partnership,Europe,Small Business Owners,Mobile,10635,351,15,247.04,1759.32
REC-002208,2025-07-17,CAMP-020,Creator Partnership Series,Influencer,Influencer Partnership,Latin America,Returning Customers,Mobile,15942,649,28,331.75,3656.05
REC-004732,2026-02-17,CAMP-008,Executive Thought Leadership,LinkedIn Ads,Brand Awareness,Europe,New Customers,Desktop,2783,26,1,178.58,46.58
REC-004335,2026-01-13,CAMP-013,Lifecycle Nurture,Email,Customer Nurture,Europe,New Customers,Desktop,14723,647,77,163.75,7885.2
REC-002931,2025-09-17,CAMP-020,Creator Partnership Series,Influencer,Influencer Partnership,Asia-Pacific,Returning Customers,Mobile,9766,231,8,274.95,1116.48
REC-003348,2025-10-23,CAMP-007,B2B Decision Makers,LinkedIn Ads,Lead Generation,Europe,New Customers,Mobile,6432,93,8,406.12,1041.62
REC-002452,2025-08-07,CAMP-024,Mobile App Acquisition,Google Ads,App Acquisition,North America,Small Business Owners,Mobile,5608,260,11,576.72,770.81
REC-001445,2025-05-05,CAMP-003,High Intent Retargeting,Google Ads,Retargeting,North America,Students & Young Professionals,Tablet,5190,232,10,361.03,863.39
REC-005686,2026-05-14,CAMP-010,Short Video Discovery,TikTok Ads,Prospecting,Latin America,Students & Young Professionals,Tablet,21616,261,3,194.4,254.64
REC-005521,2026-04-29,CAMP-018,Programmatic Market Reach,Display Ads,Brand Awareness,Europe,New Customers,Mobile,24387,118,0,91.03,0.0
REC-005753,2026-05-19,CAMP-001,Search Growth Engine,Google Ads,Always-on Acquisition,North America,Small Business Owners,Mobile,4273,223,11,402.37,1276.58
REC-005096,2026-03-22,CAMP-020,Creator Partnership Series,Influencer,Influencer Partnership,North America,Returning Customers,Tablet,41851,1439,33,1105.94,3208.83
REC-005900,2026-05-31,CAMP-023,Enterprise Pipeline Builder,LinkedIn Ads,Lead Generation,North America,Small Business Owners,Mobile,4778,79,6,525.48,1207.35
REC-004984,2026-03-11,CAMP-013,Lifecycle Nurture,Email,Customer Nurture,Asia-Pacific,New Customers,Tablet,2952,161,14,41.33,1065.7
REC-006212,2026-06-28,CAMP-002,Brand Demand Capture,Google Ads,Brand Awareness,Europe,Students & Young Professionals,Desktop,9567,307,8,591.84,343.55
REC-002873,2025-09-13,CAMP-019,Display Retargeting Loop,Display Ads,Retargeting,North America,Returning Customers,Mobile,19785,206,4,131.7,498.9
REC-004284,2026-01-09,CAMP-020,Creator Partnership Series,Influencer,Influencer Partnership,North America,Enterprise Decision Makers,Mobile,52470,1768,69,1233.8,18647.23
REC-002432,2025-08-05,CAMP-001,Search Growth Engine,Google Ads,Always-on Acquisition,Asia-Pacific,Returning Customers,Tablet,5230,250,16,470.65,2334.69
REC-000467,2025-02-10,CAMP-011,Creator Product Launch,TikTok Ads,Product Launch,Asia-Pacific,Enterprise Decision Makers,Desktop,19480,405,10,249.88,2312.82
REC-001187,2025-04-13,CAMP-009,Startup Founder Leads,LinkedIn Ads,Lead Generation,MENA,New Customers,Mobile,5541,83,6,400.26,891.81
REC-004268,2026-01-07,CAMP-016,Video Reach Accelerator,YouTube Ads,Brand Awareness,MENA,Small Business Owners,Mobile,22493,171,1,130.18,90.46
REC-003689,2025-11-20,CAMP-005,Cart Recovery Social,Meta Ads,Retargeting,Asia-Pacific,Small Business Owners,Mobile,26382,970,64,945.88,8339.32
REC-002519,2025-08-13,CAMP-005,Cart Recovery Social,Meta Ads,Retargeting,MENA,New Customers,Desktop,26759,955,72,862.9,5896.22
REC-005074,2026-03-20,CAMP-024,Mobile App Acquisition,Google Ads,App Acquisition,MENA,New Customers,Mobile,4834,160,5,291.65,326.51
REC-003315,2025-10-20,CAMP-013,Lifecycle Nurture,Email,Customer Nurture,Asia-Pacific,Returning Customers,Desktop,2970,172,37,56.24,4356.57
REC-000938,2025-03-23,CAMP-014,Win Back Customers,Email,Reactivation,MENA,Small Business Owners,Mobile,8083,700,92,102.08,17704.01
REC-004513,2026-01-28,CAMP-009,Startup Founder Leads,LinkedIn Ads,Lead Generation,Europe,Students & Young Professionals,Mobile,2091,26,1,167.79,90.41
REC-002250,2025-07-21,CAMP-010,Short Video Discovery,TikTok Ads,Prospecting,Asia-Pacific,Small Business Owners,Desktop,20234,347,7,309.23,891.09
REC-000158,2025-01-14,CAMP-010,Short Video Discovery,TikTok Ads,Prospecting,Europe,Returning Customers,Desktop,25098,303,6,218.91,736.93
REC-005808,2026-05-24,CAMP-002,Brand Demand Capture,Google Ads,Brand Awareness,Asia-Pacific,Enterprise Decision Makers,Desktop,2980,90,4,143.63,941.86
REC-002788,2025-09-05,CAMP-020,Creator Partnership Series,Influencer,Influencer Partnership,North America,Small Business Owners,Mobile,23043,672,18,515.01,2472.25
REC-002439,2025-08-06,CAMP-013,Lifecycle Nurture,Email,Customer Nurture,North America,Small Business Owners,Desktop,8139,482,42,88.99,6547.36
REC-004271,2026-01-08,CAMP-017,Product Demo Views,YouTube Ads,Product Education,North America,Students & Young Professionals,Desktop,12524,132,2,149.12,161.7
REC-002569,2025-08-17,CAMP-019,Display Retargeting Loop,Display Ads,Retargeting,MENA,Small Business Owners,Mobile,12178,116,2,67.38,280.04
REC-006016,2026-06-11,CAMP-001,Search Growth Engine,Google Ads,Always-on Acquisition,North America,Returning Customers,Desktop,12805,465,35,775.28,4821.61
REC-004810,2026-02-23,CAMP-019,Display Retargeting Loop,Display Ads,Retargeting,North America,New Customers,Mobile,26134,237,4,150.32,420.83
REC-005202,2026-04-01,CAMP-008,Executive Thought Leadership,LinkedIn Ads,Brand Awareness,Europe,Returning Customers,Mobile,4582,41,1,232.59,63.15
REC-000189,2025-01-17,CAMP-019,Display Retargeting Loop,Display Ads,Retargeting,Asia-Pacific,New Customers,Mobile,12231,76,1,56.17,86.65
REC-005767,2026-05-20,CAMP-005,Cart Recovery Social,Meta Ads,Retargeting,Asia-Pacific,Students & Young Professionals,Mobile,26653,731,25,573.48,1609.81
REC-002858,2025-09-11,CAMP-018,Programmatic Market Reach,Display Ads,Brand Awareness,Europe,New Customers,Mobile,48752,166,1,139.26,62.95
REC-002961,2025-09-19,CAMP-003,High Intent Retargeting,Google Ads,Retargeting,MENA,New Customers,Mobile,12676,667,36,983.2,4975.16
REC-004245,2026-01-05,CAMP-024,Mobile App Acquisition,Google Ads,App Acquisition,North America,Small Business Owners,Desktop,4352,181,10,321.5,1040.63
REC-004210,2026-01-02,CAMP-020,Creator Partnership Series,Influencer,Influencer Partnership,Latin America,Small Business Owners,Desktop,28083,1009,50,608.33,8107.69
REC-003234,2025-10-13,CAMP-007,B2B Decision Makers,LinkedIn Ads,Lead Generation,Asia-Pacific,Enterprise Decision Makers,Mobile,5304,98,8,572.66,3156.8
REC-003621,2025-11-15,CAMP-024,Mobile App Acquisition,Google Ads,App Acquisition,Asia-Pacific,Returning Customers,Mobile,19765,767,41,1285.41,3431.94
REC-000186,2025-01-16,CAMP-015,Monthly Product Digest,Email,Customer Nurture,MENA,Returning Customers,Mobile,9926,460,57,99.57,8178.4
REC-005497,2026-04-27,CAMP-013,Lifecycle Nurture,Email,Customer Nurture,Europe,Enterprise Decision Makers,Mobile,3873,247,23,64.94,6891.18
REC-003547,2025-11-09,CAMP-017,Product Demo Views,YouTube Ads,Product Education,Asia-Pacific,Returning Customers,Desktop,6750,76,2,84.72,269.07
REC-002192,2025-07-15,CAMP-005,Cart Recovery Social,Meta Ads,Retargeting,Europe,New Customers,Mobile,8570,268,12,304.31,1080.77
REC-003354,2025-10-23,CAMP-009,Startup Founder Leads,LinkedIn Ads,Lead Generation,North America,Small Business Owners,Desktop,1301,14,2,83.07,355.29
REC-003500,2025-11-05,CAMP-009,Startup Founder Leads,LinkedIn Ads,Lead Generation,MENA,New Customers,Mobile,4002,67,4,390.72,493.74
REC-000769,2025-03-09,CAMP-008,Executive Thought Leadership,LinkedIn Ads,Brand Awareness,North America,Small Business Owners,Desktop,2073,11,2,97.53,164.29
REC-005805,2026-05-23,CAMP-024,Mobile App Acquisition,Google Ads,App Acquisition,MENA,Small Business Owners,Mobile,17527,676,38,862.14,3749.95
REC-001892,2025-06-16,CAMP-003,High Intent Retargeting,Google Ads,Retargeting,Latin America,New Customers,Desktop,12654,683,67,852.48,8032.34
REC-003362,2025-10-24,CAMP-005,Cart Recovery Social,Meta Ads,Retargeting,Latin America,Small Business Owners,Desktop,13567,358,23,248.4,3426.65
REC-000489,2025-02-12,CAMP-013,Lifecycle Nurture,Email,Customer Nurture,North America,Small Business Owners,Mobile,9304,743,80,114.89,9827.65
REC-001048,2025-04-02,CAMP-008,Executive Thought Leadership,LinkedIn Ads,Brand Awareness,Latin America,Returning Customers,Mobile,3071,37,1,183.88,50.99
REC-003594,2025-11-13,CAMP-013,Lifecycle Nurture,Email,Customer Nurture,Latin America,Small Business Owners,Mobile,11012,937,80,134.73,12472.61
REC-004069,2025-12-21,CAMP-006,Seasonal Offer Push,Meta Ads,Seasonal Promotion,Europe,Students & Young Professionals,Mobile,20456,525,14,590.27,905.7
REC-002477,2025-08-09,CAMP-018,Programmatic Market Reach,Display Ads,Brand Awareness,Europe,New Customers,Desktop,41408,146,0,138.63,0.0
REC-005421,2026-04-20,CAMP-002,Brand Demand Capture,Google Ads,Brand Awareness,North America,Small Business Owners,Tablet,16294,410,16,676.3,1547.71
REC-000331,2025-01-30,CAMP-013,Lifecycle Nurture,Email,Customer Nurture,Europe,New Customers,Mobile,11256,896,70,132.96,7932.33
REC-002072,2025-07-04,CAMP-018,Programmatic Market Reach,Display Ads,Brand Awareness,MENA,New Customers,Mobile,30342,92,1,70.19,57.79
REC-004829,2026-02-25,CAMP-007,B2B Decision Makers,LinkedIn Ads,Lead Generation,MENA,New Customers,Mobile,1883,27,2,110.67,277.58
REC-000428,2025-02-07,CAMP-019,Display Retargeting Loop,Display Ads,Retargeting,North America,New Customers,Desktop,37749,262,5,197.81,533.69
REC-002562,2025-08-16,CAMP-010,Short Video Discovery,TikTok Ads,Prospecting,Europe,Small Business Owners,Desktop,30008,324,7,198.78,869.61
REC-002227,2025-07-18,CAMP-012,Youth Engagement Sprint,TikTok Ads,Engagement,North America,Small Business Owners,Desktop,16817,176,4,194.65,344.89
REC-005640,2026-05-10,CAMP-001,Search Growth Engine,Google Ads,Always-on Acquisition,Latin America,Small Business Owners,Tablet,10444,483,23,689.09,3315.05
REC-003297,2025-10-19,CAMP-023,Enterprise Pipeline Builder,LinkedIn Ads,Lead Generation,Europe,Students & Young Professionals,Mobile,1321,28,3,174.76,321.68
REC-002707,2025-08-29,CAMP-016,Video Reach Accelerator,YouTube Ads,Brand Awareness,Asia-Pacific,New Customers,Mobile,13749,116,1,131.17,88.53
REC-002013,2025-06-28,CAMP-021,Micro Creator Conversion,Influencer,Influencer Partnership,Latin America,New Customers,Desktop,7575,229,10,194.36,953.43
REC-002624,2025-08-22,CAMP-018,Programmatic Market Reach,Display Ads,Brand Awareness,Asia-Pacific,New Customers,Desktop,24805,100,2,96.6,106.97
REC-001019,2025-03-31,CAMP-002,Brand Demand Capture,Google Ads,Brand Awareness,Latin America,Small Business Owners,Mobile,14946,511,23,743.48,2126.72
REC-003888,2025-12-07,CAMP-017,Product Demo Views,YouTube Ads,Product Education,Europe,New Customers,Desktop,36236,337,6,256.27,539.21
REC-004609,2026-02-06,CAMP-015,Monthly Product Digest,Email,Customer Nurture,MENA,Enterprise Decision Makers,Desktop,13033,534,68,139.51,21252.14
REC-000870,2025-03-18,CAMP-012,Youth Engagement Sprint,TikTok Ads,Engagement,North America,Small Business Owners,Mobile,11734,218,4,269.94,359.68
REC-002242,2025-07-20,CAMP-014,Win Back Customers,Email,Reactivation,Asia-Pacific,New Customers,Mobile,10972,607,70,121.08,9562.03
REC-000538,2025-02-16,CAMP-019,Display Retargeting Loop,Display Ads,Retargeting,North America,Enterprise Decision Makers,Desktop,12601,78,2,89.62,564.45
REC-003306,2025-10-20,CAMP-002,Brand Demand Capture,Google Ads,Brand Awareness,MENA,New Customers,Mobile,3818,155,3,269.28,190.68
REC-004478,2026-01-25,CAMP-016,Video Reach Accelerator,YouTube Ads,Brand Awareness,North America,Returning Customers,Mobile,25917,230,1,239.41,92.83
REC-001518,2025-05-12,CAMP-021,Micro Creator Conversion,Influencer,Influencer Partnership,MENA,New Customers,Mobile,40791,1179,34,821.9,3248.59
REC-002234,2025-07-19,CAMP-019,Display Retargeting Loop,Display Ads,Retargeting,Europe,Enterprise Decision Makers,Desktop,25476,204,7,134.72,2315.02
REC-001942,2025-06-21,CAMP-003,High Intent Retargeting,Google Ads,Retargeting,Europe,Students & Young Professionals,Mobile,3661,276,15,458.2,1440.55
REC-004684,2026-02-13,CAMP-020,Creator Partnership Series,Influencer,Influencer Partnership,MENA,Returning Customers,Desktop,25250,693,37,827.4,4649.52
REC-003062,2025-09-28,CAMP-016,Video Reach Accelerator,YouTube Ads,Brand Awareness,MENA,Enterprise Decision Makers,Mobile,19800,193,4,183.04,713.76
REC-002914,2025-09-16,CAMP-013,Lifecycle Nurture,Email,Customer Nurture,MENA,Students & Young Professionals,Mobile,4907,322,16,59.7,979.45
REC-002485,2025-08-10,CAMP-009,Startup Founder Leads,LinkedIn Ads,Lead Generation,North America,Small Business Owners,Desktop,4292,60,6,388.71,1193.35
REC-005665,2026-05-12,CAMP-011,Creator Product Launch,TikTok Ads,Product Launch,North America,New Customers,Desktop,9332,138,3,146.63,282.5
REC-000157,2025-01-14,CAMP-019,Display Retargeting Loop,Display Ads,Retargeting,North America,New Customers,Desktop,35079,272,5,204.96,607.4
REC-002045,2025-07-01,CAMP-005,Cart Recovery Social,Meta Ads,Retargeting,Latin America,Students & Young Professionals,Mobile,16878,528,21,357.51,1577.73
REC-005544,2026-05-01,CAMP-010,Short Video Discovery,TikTok Ads,Prospecting,Asia-Pacific,Students & Young Professionals,Desktop,16970,239,5,190.27,387.58
REC-005615,2026-05-07,CAMP-017,Product Demo Views,YouTube Ads,Product Education,MENA,Returning Customers,Mobile,8031,108,3,125.52,411.67
REC-004920,2026-03-05,CAMP-010,Short Video Discovery,TikTok Ads,Prospecting,Asia-Pacific,New Customers,Desktop,8585,114,2,88.1,191.96
REC-000264,2025-01-24,CAMP-014,Win Back Customers,Email,Reactivation,Europe,Students & Young Professionals,Desktop,3491,215,34,45.19,2935.57
REC-002076,2025-07-04,CAMP-002,Brand Demand Capture,Google Ads,Brand Awareness,MENA,New Customers,Desktop,12367,311,16,522.28,1277.76
REC-000064,2025-01-06,CAMP-021,Micro Creator Conversion,Influencer,Influencer Partnership,MENA,Enterprise Decision Makers,Desktop,51883,1348,74,1531.44,21754.89
REC-003632,2025-11-16,CAMP-016,Video Reach Accelerator,YouTube Ads,Brand Awareness,Latin America,New Customers,Mobile,31709,264,3,192.85,212.87
REC-002287,2025-07-24,CAMP-017,Product Demo Views,YouTube Ads,Product Education,Europe,New Customers,Mobile,14883,153,3,181.34,343.2
REC-000692,2025-03-01,CAMP-003,High Intent Retargeting,Google Ads,Retargeting,MENA,Returning Customers,Mobile,16544,1185,108,1914.04,19182.65
REC-003687,2025-11-20,CAMP-002,Brand Demand Capture,Google Ads,Brand Awareness,Latin America,New Customers,Mobile,10969,463,13,549.46,819.33
REC-002648,2025-08-24,CAMP-015,Monthly Product Digest,Email,Customer Nurture,MENA,Returning Customers,Desktop,9728,499,91,104.86,9273.2
REC-004697,2026-02-14,CAMP-009,Startup Founder Leads,LinkedIn Ads,Lead Generation,Latin America,New Customers,Mobile,8129,95,4,433.79,527.09
REC-002078,2025-07-04,CAMP-007,B2B Decision Makers,LinkedIn Ads,Lead Generation,Europe,New Customers,Tablet,6527,95,6,544.9,605.3
REC-000253,2025-01-23,CAMP-013,Lifecycle Nurture,Email,Customer Nurture,North America,Returning Customers,Mobile,14278,964,164,161.66,17459.58
REC-003527,2025-11-07,CAMP-024,Mobile App Acquisition,Google Ads,App Acquisition,Asia-Pacific,New Customers,Desktop,13245,482,22,709.38,1322.96
REC-004987,2026-03-12,CAMP-007,B2B Decision Makers,LinkedIn Ads,Lead Generation,Asia-Pacific,Students & Young Professionals,Mobile,11580,207,10,1063.54,775.52
REC-000923,2025-03-22,CAMP-013,Lifecycle Nurture,Email,Customer Nurture,North America,Students & Young Professionals,Desktop,4447,252,23,64.88,1617.64
REC-005104,2026-03-22,CAMP-017,Product Demo Views,YouTube Ads,Product Education,Asia-Pacific,New Customers,Desktop,29705,369,9,245.64,889.24
REC-003625,2025-11-15,CAMP-014,Win Back Customers,Email,Reactivation,Asia-Pacific,Enterprise Decision Makers,Mobile,2339,192,25,43.45,7403.68
REC-001989,2025-06-25,CAMP-010,Short Video Discovery,TikTok Ads,Prospecting,MENA,Students & Young Professionals,Mobile,12580,210,3,160.09,201.78
REC-004107,2025-12-25,CAMP-013,Lifecycle Nurture,Email,Customer Nurture,MENA,Students & Young Professionals,Mobile,4496,283,20,64.81,1580.16
REC-005440,2026-04-21,CAMP-015,Monthly Product Digest,Email,Customer Nurture,Asia-Pacific,Enterprise Decision Makers,Mobile,10698,637,53,114.82,12093.55
REC-002669,2025-08-25,CAMP-008,Executive Thought Leadership,LinkedIn Ads,Brand Awareness,Europe,Students & Young Professionals,Desktop,6701,55,2,330.8,58.56
REC-004541,2026-01-31,CAMP-008,Executive Thought Leadership,LinkedIn Ads,Brand Awareness,MENA,New Customers,Mobile,1232,12,1,77.73,39.65
REC-005636,2026-05-09,CAMP-007,B2B Decision Makers,LinkedIn Ads,Lead Generation,North America,Enterprise Decision Makers,Desktop,7954,99,12,566.84,4146.07
REC-001555,2025-05-15,CAMP-023,Enterprise Pipeline Builder,LinkedIn Ads,Lead Generation,North America,Small Business Owners,Desktop,2109,26,4,178.25,999.64
REC-000668,2025-02-27,CAMP-008,Executive Thought Leadership,LinkedIn Ads,Brand Awareness,North America,Returning Customers,Desktop,5104,44,3,347.46,199.45
REC-005783,2026-05-22,CAMP-024,Mobile App Acquisition,Google Ads,App Acquisition,Asia-Pacific,Returning Customers,Desktop,11993,280,24,497.61,1622.04
REC-002131,2025-07-09,CAMP-014,Win Back Customers,Email,Reactivation,Europe,Students & Young Professionals,Mobile,5537,495,54,81.43,5089.7
REC-005275,2026-04-07,CAMP-005,Cart Recovery Social,Meta Ads,Retargeting,North America,Students & Young Professionals,Mobile,24751,826,26,855.88,1789.53
REC-002313,2025-07-26,CAMP-004,Social Scale Prospecting,Meta Ads,Prospecting,North America,Enterprise Decision Makers,Tablet,14288,258,10,362.04,2720.89
REC-001577,2025-05-17,CAMP-008,Executive Thought Leadership,LinkedIn Ads,Brand Awareness,Europe,Returning Customers,Desktop,9323,67,3,471.31,190.17
REC-003329,2025-10-21,CAMP-005,Cart Recovery Social,Meta Ads,Retargeting,North America,Returning Customers,Mobile,5101,152,8,208.09,1016.72
REC-002723,2025-08-30,CAMP-014,Win Back Customers,Email,Reactivation,North America,Students & Young Professionals,Mobile,10062,889,84,121.74,7696.0
REC-003294,2025-10-19,CAMP-003,High Intent Retargeting,Google Ads,Retargeting,Asia-Pacific,New Customers,Desktop,3597,245,15,376.56,1870.78
REC-001214,2025-04-16,CAMP-006,Seasonal Offer Push,Meta Ads,Seasonal Promotion,North America,Returning Customers,Desktop,15146,399,23,412.13,3353.28
REC-004142,2025-12-27,CAMP-023,Enterprise Pipeline Builder,LinkedIn Ads,Lead Generation,MENA,Returning Customers,Mobile,8820,132,18,532.4,3092.66
REC-005291,2026-04-09,CAMP-017,Product Demo Views,YouTube Ads,Product Education,North America,New Customers,Desktop,30330,233,4,229.42,411.82
REC-004626,2026-02-07,CAMP-012,Youth Engagement Sprint,TikTok Ads,Engagement,MENA,Students & Young Professionals,Mobile,13119,212,2,170.97,90.74
REC-003963,2025-12-13,CAMP-013,Lifecycle Nurture,Email,Customer Nurture,Asia-Pacific,Small Business Owners,Mobile,2936,217,24,49.45,2934.76
REC-002734,2025-08-31,CAMP-005,Cart Recovery Social,Meta Ads,Retargeting,North America,Students & Young Professionals,Mobile,18642,582,25,764.42,2119.54
REC-005345,2026-04-13,CAMP-010,Short Video Discovery,TikTok Ads,Prospecting,Asia-Pacific,Students & Young Professionals,Mobile,28857,568,7,346.36,468.37
REC-002266,2025-07-22,CAMP-002,Brand Demand Capture,Google Ads,Brand Awareness,MENA,Small Business Owners,Desktop,9065,279,14,369.99,1448.06
REC-003671,2025-11-19,CAMP-014,Win Back Customers,Email,Reactivation,MENA,New Customers,Mobile,12307,853,126,149.63,13045.21
REC-005913,2026-06-01,CAMP-003,High Intent Retargeting,Google Ads,Retargeting,Europe,Small Business Owners,Desktop,14555,590,45,830.64,6446.74
REC-005011,2026-03-14,CAMP-019,Display Retargeting Loop,Display Ads,Retargeting,Latin America,Returning Customers,Tablet,42996,291,6,148.1,941.22
REC-004991,2026-03-12,CAMP-010,Short Video Discovery,TikTok Ads,Prospecting,MENA,Small Business Owners,Mobile,8396,154,3,120.73,481.34
REC-002711,2025-08-29,CAMP-004,Social Scale Prospecting,Meta Ads,Prospecting,Asia-Pacific,Small Business Owners,Mobile,19463,422,11,399.36,1446.71
REC-003568,2025-11-10,CAMP-019,Display Retargeting Loop,Display Ads,Retargeting,Latin America,New Customers,Desktop,16040,117,2,51.91,192.82
REC-005961,2026-06-06,CAMP-015,Monthly Product Digest,Email,Customer Nurture,Latin America,New Customers,Desktop,9522,468,28,101.56,2389.35
REC-004059,2025-12-21,CAMP-002,Brand Demand Capture,Google Ads,Brand Awareness,North America,New Customers,Mobile,20186,892,27,1415.67,1505.42
REC-003789,2025-11-28,CAMP-008,Executive Thought Leadership,LinkedIn Ads,Brand Awareness,Asia-Pacific,Enterprise Decision Makers,Mobile,9340,94,4,408.7,489.61
REC-005252,2026-04-05,CAMP-004,Social Scale Prospecting,Meta Ads,Prospecting,Europe,Returning Customers,Mobile,20099,444,18,552.97,2500.62
REC-004837,2026-02-26,CAMP-001,Search Growth Engine,Google Ads,Always-on Acquisition,North America,Students & Young Professionals,Mobile,7910,346,14,728.17,1000.95
REC-005562,2026-05-03,CAMP-010,Short Video Discovery,TikTok Ads,Prospecting,North America,Enterprise Decision Makers,Desktop,5732,81,2,82.91,593.17
REC-005992,2026-06-09,CAMP-023,Enterprise Pipeline Builder,LinkedIn Ads,Lead Generation,Latin America,Small Business Owners,Mobile,8247,135,9,568.45,2038.81
REC-001349,2025-04-27,CAMP-023,Enterprise Pipeline Builder,LinkedIn Ads,Lead Generation,Europe,Returning Customers,Desktop,2142,28,5,156.39,862.87
REC-001129,2025-04-09,CAMP-010,Short Video Discovery,TikTok Ads,Prospecting,MENA,Small Business Owners,Mobile,36861,649,19,427.9,2586.47
REC-001660,2025-05-25,CAMP-018,Programmatic Market Reach,Display Ads,Brand Awareness,Europe,Returning Customers,Desktop,10462,39,1,55.97,68.76
REC-005203,2026-04-01,CAMP-008,Executive Thought Leadership,LinkedIn Ads,Brand Awareness,Europe,Small Business Owners,Mobile,1851,22,1,139.68,70.22
REC-005097,2026-03-22,CAMP-007,B2B Decision Makers,LinkedIn Ads,Lead Generation,Europe,Small Business Owners,Desktop,4093,63,7,274.98,1113.46
REC-004517,2026-01-29,CAMP-008,Executive Thought Leadership,LinkedIn Ads,Brand Awareness,Latin America,Small Business Owners,Mobile,7094,91,3,495.25,215.01
REC-000752,2025-03-07,CAMP-005,Cart Recovery Social,Meta Ads,Retargeting,Latin America,New Customers,Mobile,29235,835,47,752.45,4669.38
REC-000020,2025-01-02,CAMP-014,Win Back Customers,Email,Reactivation,North America,New Customers,Desktop,9823,624,135,105.72,13544.68
REC-004450,2026-01-23,CAMP-012,Youth Engagement Sprint,TikTok Ads,Engagement,MENA,Returning Customers,Mobile,24348,409,9,252.22,821.29
REC-000163,2025-01-14,CAMP-020,Creator Partnership Series,Influencer,Influencer Partnership,Europe,Small Business Owners,Mobile,18217,517,14,464.18,1591.43
REC-005184,2026-03-30,CAMP-017,Product Demo Views,YouTube Ads,Product Education,North America,New Customers,Mobile,27338,305,5,309.84,471.66
REC-003206,2025-10-11,CAMP-018,Programmatic Market Reach,Display Ads,Brand Awareness,MENA,Students & Young Professionals,Mobile,39126,142,0,82.38,0.0
REC-004997,2026-03-12,CAMP-016,Video Reach Accelerator,YouTube Ads,Brand Awareness,Europe,Small Business Owners,Desktop,14513,80,0,75.46,0.0
REC-004080,2025-12-22,CAMP-009,Startup Founder Leads,LinkedIn Ads,Lead Generation,Asia-Pacific,Small Business Owners,Mobile,5531,66,4,394.17,628.34
REC-001858,2025-06-13,CAMP-003,High Intent Retargeting,Google Ads,Retargeting,Asia-Pacific,New Customers,Desktop,7373,450,38,720.37,3985.39
REC-003990,2025-12-15,CAMP-012,Youth Engagement Sprint,TikTok Ads,Engagement,North America,New Customers,Mobile,27357,435,8,405.75,471.05
REC-006005,2026-06-10,CAMP-003,High Intent Retargeting,Google Ads,Retargeting,MENA,New Customers,Desktop,3449,238,19,436.89,1899.22
REC-000144,2025-01-13,CAMP-019,Display Retargeting Loop,Display Ads,Retargeting,MENA,New Customers,Desktop,13849,124,3,50.8,357.76
REC-002613,2025-08-21,CAMP-008,Executive Thought Leadership,LinkedIn Ads,Brand Awareness,MENA,Students & Young Professionals,Desktop,3354,34,2,211.22,68.41
REC-000455,2025-02-09,CAMP-008,Executive Thought Leadership,LinkedIn Ads,Brand Awareness,Asia-Pacific,New Customers,Mobile,1714,19,0,94.58,0.0
REC-004337,2026-01-13,CAMP-015,Monthly Product Digest,Email,Customer Nurture,Europe,Students & Young Professionals,Mobile,3049,166,12,49.42,992.07
REC-003057,2025-09-28,CAMP-015,Monthly Product Digest,Email,Customer Nurture,Latin America,New Customers,Desktop,7649,284,34,87.62,3216.1
REC-000797,2025-03-12,CAMP-010,Short Video Discovery,TikTok Ads,Prospecting,Europe,Returning Customers,Desktop,35830,475,14,358.44,1756.4
REC-001256,2025-04-19,CAMP-018,Programmatic Market Reach,Display Ads,Brand Awareness,Asia-Pacific,Returning Customers,Mobile,44075,182,1,123.4,70.82
REC-003108,2025-10-03,CAMP-019,Display Retargeting Loop,Display Ads,Retargeting,Europe,Small Business Owners,Desktop,21300,146,3,93.29,377.87
REC-004630,2026-02-08,CAMP-017,Product Demo Views,YouTube Ads,Product Education,Asia-Pacific,Students & Young Professionals,Desktop,13627,127,1,117.08,69.0
REC-004916,2026-03-05,CAMP-001,Search Growth Engine,Google Ads,Always-on Acquisition,Asia-Pacific,New Customers,Mobile,18806,1014,53,1417.15,4014.49
REC-003139,2025-10-05,CAMP-023,Enterprise Pipeline Builder,LinkedIn Ads,Lead Generation,Asia-Pacific,Students & Young Professionals,Tablet,9004,106,5,421.86,495.07
REC-006044,2026-06-13,CAMP-003,High Intent Retargeting,Google Ads,Retargeting,MENA,New Customers,Tablet,14072,903,38,1281.15,3560.75
REC-001209,2025-04-15,CAMP-012,Youth Engagement Sprint,TikTok Ads,Engagement,MENA,Small Business Owners,Desktop,32652,378,9,331.84,1046.1
REC-001537,2025-05-13,CAMP-007,B2B Decision Makers,LinkedIn Ads,Lead Generation,Europe,Enterprise Decision Makers,Mobile,5030,89,8,469.21,3179.96
REC-002774,2025-09-04,CAMP-017,Product Demo Views,YouTube Ads,Product Education,Latin America,Small Business Owners,Mobile,24996,329,6,255.94,876.85
REC-005867,2026-05-28,CAMP-014,Win Back Customers,Email,Reactivation,North America,Returning Customers,Mobile,7531,582,109,100.11,18660.93
REC-004912,2026-03-05,CAMP-006,Seasonal Offer Push,Meta Ads,Seasonal Promotion,North America,Returning Customers,Mobile,21611,470,21,617.73,3016.4
REC-000368,2025-02-02,CAMP-021,Micro Creator Conversion,Influencer,Influencer Partnership,North America,New Customers,Mobile,10473,318,11,297.5,965.44
REC-002573,2025-08-18,CAMP-020,Creator Partnership Series,Influencer,Influencer Partnership,Asia-Pacific,Returning Customers,Mobile,45921,1724,53,1372.21,6305.86
REC-001501,2025-05-11,CAMP-018,Programmatic Market Reach,Display Ads,Brand Awareness,MENA,Returning Customers,Mobile,21862,84,0,52.65,0.0
REC-004148,2025-12-28,CAMP-010,Short Video Discovery,TikTok Ads,Prospecting,Europe,Enterprise Decision Makers,Desktop,14534,202,5,131.34,1544.96
REC-001433,2025-05-04,CAMP-010,Short Video Discovery,TikTok Ads,Prospecting,MENA,Students & Young Professionals,Desktop,19483,269,4,232.15,262.49
REC-000504,2025-02-13,CAMP-003,High Intent Retargeting,Google Ads,Retargeting,Latin America,Small Business Owners,Mobile,11681,736,67,1046.7,11985.15
REC-000493,2025-02-12,CAMP-024,Mobile App Acquisition,Google Ads,App Acquisition,North America,New Customers,Mobile,10410,423,18,704.51,1052.01
REC-001311,2025-04-24,CAMP-012,Youth Engagement Sprint,TikTok Ads,Engagement,Asia-Pacific,Enterprise Decision Makers,Desktop,23807,336,12,264.74,2590.49
REC-000733,2025-03-05,CAMP-005,Cart Recovery Social,Meta Ads,Retargeting,MENA,Returning Customers,Mobile,25097,977,53,896.41,5634.78
REC-000721,2025-03-04,CAMP-024,Mobile App Acquisition,Google Ads,App Acquisition,North America,Returning Customers,Mobile,10253,404,21,702.8,1446.69
REC-001056,2025-04-03,CAMP-017,Product Demo Views,YouTube Ads,Product Education,North America,New Customers,Mobile,30178,431,5,351.27,514.91
REC-004047,2025-12-19,CAMP-020,Creator Partnership Series,Influencer,Influencer Partnership,Europe,Small Business Owners,Mobile,24435,635,25,511.65,3768.23
REC-000285,2025-01-26,CAMP-001,Search Growth Engine,Google Ads,Always-on Acquisition,North America,New Customers,Mobile,8374,387,19,644.81,1769.08
REC-001742,2025-06-02,CAMP-021,Micro Creator Conversion,Influencer,Influencer Partnership,North America,New Customers,Mobile,13815,429,9,273.79,822.42
REC-004108,2025-12-25,CAMP-017,Product Demo Views,YouTube Ads,Product Education,Europe,New Customers,Desktop,19604,199,5,202.47,485.36
REC-003349,2025-10-23,CAMP-013,Lifecycle Nurture,Email,Customer Nurture,North America,Enterprise Decision Makers,Mobile,7014,447,44,96.0,12269.41
REC-005812,2026-05-24,CAMP-017,Product Demo Views,YouTube Ads,Product Education,North America,Students & Young Professionals,Desktop,22618,171,2,169.1,153.48
REC-004907,2026-03-04,CAMP-019,Display Retargeting Loop,Display Ads,Retargeting,Europe,Students & Young Professionals,Mobile,34400,248,3,179.11,262.5
REC-003426,2025-10-30,CAMP-020,Creator Partnership Series,Influencer,Influencer Partnership,North America,Returning Customers,Desktop,9181,192,11,188.37,1599.4
REC-001429,2025-05-04,CAMP-013,Lifecycle Nurture,Email,Customer Nurture,Asia-Pacific,Returning Customers,Desktop,2731,145,19,39.64,2785.37
REC-003520,2025-11-07,CAMP-010,Short Video Discovery,TikTok Ads,Prospecting,North America,Returning Customers,Mobile,18462,253,6,214.37,790.11
REC-003759,2025-11-26,CAMP-020,Creator Partnership Series,Influencer,Influencer Partnership,Europe,New Customers,Tablet,50333,1203,38,1238.45,3986.76
REC-006213,2026-06-28,CAMP-002,Brand Demand Capture,Google Ads,Brand Awareness,North America,Small Business Owners,Desktop,6106,185,10,397.22,1200.79
REC-002218,2025-07-18,CAMP-020,Creator Partnership Series,Influencer,Influencer Partnership,North America,Students & Young Professionals,Mobile,38712,1465,25,973.05,1781.64
REC-000598,2025-02-21,CAMP-019,Display Retargeting Loop,Display Ads,Retargeting,Asia-Pacific,Enterprise Decision Makers,Mobile,42682,286,7,125.92,1951.41
REC-001470,2025-05-07,CAMP-010,Short Video Discovery,TikTok Ads,Prospecting,North America,Students & Young Professionals,Tablet,21900,230,4,229.0,233.87
REC-001816,2025-06-09,CAMP-019,Display Retargeting Loop,Display Ads,Retargeting,North America,New Customers,Mobile,33071,232,4,163.18,384.17
REC-004081,2025-12-22,CAMP-009,Startup Founder Leads,LinkedIn Ads,Lead Generation,Europe,Returning Customers,Mobile,1755,21,2,118.01,368.65
REC-004048,2025-12-19,CAMP-001,Search Growth Engine,Google Ads,Always-on Acquisition,North America,Students & Young Professionals,Desktop,5860,194,9,371.55,746.53
REC-004972,2026-03-10,CAMP-012,Youth Engagement Sprint,TikTok Ads,Engagement,MENA,New Customers,Desktop,9342,88,3,80.34,183.9
REC-006032,2026-06-12,CAMP-004,Social Scale Prospecting,Meta Ads,Prospecting,Europe,Students & Young Professionals,Mobile,19883,391,11,346.18,810.27
REC-003478,2025-11-03,CAMP-017,Product Demo Views,YouTube Ads,Product Education,Asia-Pacific,Returning Customers,Mobile,8242,100,2,118.01,283.57
REC-002560,2025-08-16,CAMP-002,Brand Demand Capture,Google Ads,Brand Awareness,North America,Returning Customers,Mobile,12078,407,17,938.83,1279.48
REC-003883,2025-12-06,CAMP-009,Startup Founder Leads,LinkedIn Ads,Lead Generation,North America,New Customers,Mobile,7690,106,5,745.93,645.57
REC-004606,2026-02-05,CAMP-014,Win Back Customers,Email,Reactivation,North America,New Customers,Mobile,10344,669,57,122.88,6083.74
REC-002656,2025-08-24,CAMP-005,Cart Recovery Social,Meta Ads,Retargeting,Latin America,Returning Customers,Desktop,16426,460,44,322.6,5115.64
REC-005564,2026-05-03,CAMP-008,Executive Thought Leadership,LinkedIn Ads,Brand Awareness,Europe,Students & Young Professionals,Tablet,2482,16,0,113.58,0.0
REC-001312,2025-04-24,CAMP-008,Executive Thought Leadership,LinkedIn Ads,Brand Awareness,Europe,Enterprise Decision Makers,Desktop,1693,12,1,78.35,139.07
REC-002655,2025-08-24,CAMP-019,Display Retargeting Loop,Display Ads,Retargeting,Asia-Pacific,Students & Young Professionals,Mobile,30061,291,2,177.36,126.68
REC-005403,2026-04-18,CAMP-007,B2B Decision Makers,LinkedIn Ads,Lead Generation,North America,New Customers,Mobile,7562,142,13,745.66,1751.75
REC-003437,2025-10-31,CAMP-016,Video Reach Accelerator,YouTube Ads,Brand Awareness,Asia-Pacific,New Customers,Mobile,19292,166,1,133.94,59.87
REC-003366,2025-10-25,CAMP-020,Creator Partnership Series,Influencer,Influencer Partnership,North America,Students & Young Professionals,Tablet,21961,399,9,580.66,756.87
REC-002993,2025-09-22,CAMP-006,Seasonal Offer Push,Meta Ads,Seasonal Promotion,North America,New Customers,Tablet,18901,282,8,348.82,826.65
REC-002381,2025-08-01,CAMP-008,Executive Thought Leadership,LinkedIn Ads,Brand Awareness,Europe,Small Business Owners,Tablet,6537,40,2,224.19,134.07
REC-004164,2025-12-29,CAMP-010,Short Video Discovery,TikTok Ads,Prospecting,North America,Returning Customers,Desktop,37734,512,19,372.74,2380.89
REC-005244,2026-04-05,CAMP-013,Lifecycle Nurture,Email,Customer Nurture,North America,Small Business Owners,Desktop,12280,739,84,135.52,12551.49
REC-002191,2025-07-15,CAMP-023,Enterprise Pipeline Builder,LinkedIn Ads,Lead Generation,Asia-Pacific,Small Business Owners,Mobile,6328,99,7,483.72,1477.59
REC-002062,2025-07-03,CAMP-007,B2B Decision Makers,LinkedIn Ads,Lead Generation,Asia-Pacific,Returning Customers,Mobile,7874,109,13,522.3,2087.77
REC-000451,2025-02-09,CAMP-016,Video Reach Accelerator,YouTube Ads,Brand Awareness,Asia-Pacific,Students & Young Professionals,Mobile,16244,129,0,93.21,0.0
REC-001203,2025-04-15,CAMP-013,Lifecycle Nurture,Email,Customer Nurture,Latin America,New Customers,Desktop,9762,460,45,99.24,3432.95
REC-002625,2025-08-22,CAMP-004,Social Scale Prospecting,Meta Ads,Prospecting,Latin America,Students & Young Professionals,Mobile,10859,285,6,263.93,342.09
REC-005272,2026-04-07,CAMP-006,Seasonal Offer Push,Meta Ads,Seasonal Promotion,North America,Students & Young Professionals,Mobile,22646,607,17,605.03,1223.32
REC-000077,2025-01-07,CAMP-024,Mobile App Acquisition,Google Ads,App Acquisition,North America,New Customers,Desktop,7002,333,22,603.76,1215.55
REC-002629,2025-08-22,CAMP-012,Youth Engagement Sprint,TikTok Ads,Engagement,Europe,Returning Customers,Desktop,15253,217,7,215.8,619.99
REC-002523,2025-08-13,CAMP-023,Enterprise Pipeline Builder,LinkedIn Ads,Lead Generation,Asia-Pacific,Returning Customers,Mobile,4902,79,6,462.04,1051.51
REC-000729,2025-03-05,CAMP-001,Search Growth Engine,Google Ads,Always-on Acquisition,Asia-Pacific,Enterprise Decision Makers,Mobile,11060,503,26,793.98,8183.81
REC-005204,2026-04-01,CAMP-023,Enterprise Pipeline Builder,LinkedIn Ads,Lead Generation,Europe,Returning Customers,Tablet,9301,152,13,744.92,2365.46
REC-004923,2026-03-06,CAMP-002,Brand Demand Capture,Google Ads,Brand Awareness,Asia-Pacific,New Customers,Mobile,9113,412,14,678.57,862.54
REC-000099,2025-01-09,CAMP-023,Enterprise Pipeline Builder,LinkedIn Ads,Lead Generation,Asia-Pacific,Small Business Owners,Mobile,4895,93,7,454.24,1614.34
REC-000912,2025-03-21,CAMP-016,Video Reach Accelerator,YouTube Ads,Brand Awareness,Europe,Students & Young Professionals,Desktop,10889,67,1,82.99,65.96
REC-000740,2025-03-06,CAMP-017,Product Demo Views,YouTube Ads,Product Education,Latin America,Returning Customers,Mobile,38308,396,8,287.08,975.47
REC-000507,2025-02-13,CAMP-011,Creator Product Launch,TikTok Ads,Product Launch,Asia-Pacific,Small Business Owners,Mobile,9047,173,4,121.56,497.86
REC-001683,2025-05-27,CAMP-021,Micro Creator Conversion,Influencer,Influencer Partnership,North America,Enterprise Decision Makers,Mobile,50546,1808,74,1333.88,23313.49
REC-002083,2025-07-05,CAMP-021,Micro Creator Conversion,Influencer,Influencer Partnership,North America,Students & Young Professionals,Mobile,28632,1138,29,822.85,1981.04
REC-001601,2025-05-20,CAMP-010,Short Video Discovery,TikTok Ads,Prospecting,MENA,Small Business Owners,Mobile,8102,168,3,110.88,488.22
REC-006026,2026-06-12,CAMP-024,Mobile App Acquisition,Google Ads,App Acquisition,Asia-Pacific,New Customers,Mobile,11998,566,14,968.31,744.92
REC-003855,2025-12-04,CAMP-001,Search Growth Engine,Google Ads,Always-on Acquisition,MENA,Students & Young Professionals,Mobile,9705,356,12,494.93,820.75
REC-004851,2026-02-27,CAMP-017,Product Demo Views,YouTube Ads,Product Education,North America,New Customers,Mobile,32242,364,6,319.51,725.49
REC-005884,2026-05-30,CAMP-004,Social Scale Prospecting,Meta Ads,Prospecting,Latin America,New Customers,Mobile,6006,150,4,134.58,432.05
REC-002512,2025-08-12,CAMP-003,High Intent Retargeting,Google Ads,Retargeting,MENA,New Customers,Mobile,16398,865,55,1307.56,6801.81
REC-001774,2025-06-05,CAMP-012,Youth Engagement Sprint,TikTok Ads,Engagement,Latin America,New Customers,Desktop,24522,226,5,177.96,391.73
REC-002124,2025-07-09,CAMP-019,Display Retargeting Loop,Display Ads,Retargeting,North America,Small Business Owners,Desktop,13928,117,2,93.38,326.49
REC-005648,2026-05-10,CAMP-018,Programmatic Market Reach,Display Ads,Brand Awareness,Europe,New Customers,Tablet,32618,90,1,91.16,47.01
REC-001274,2025-04-21,CAMP-020,Creator Partnership Series,Influencer,Influencer Partnership,MENA,Small Business Owners,Desktop,25473,826,32,534.61,4804.94
REC-003698,2025-11-21,CAMP-005,Cart Recovery Social,Meta Ads,Retargeting,Europe,New Customers,Mobile,9614,366,17,355.44,1649.43
REC-002356,2025-07-30,CAMP-016,Video Reach Accelerator,YouTube Ads,Brand Awareness,Europe,New Customers,Mobile,23755,180,2,174.87,117.71
REC-005965,2026-06-06,CAMP-012,Youth Engagement Sprint,TikTok Ads,Engagement,MENA,Small Business Owners,Desktop,11943,192,4,169.94,388.53
REC-004135,2025-12-27,CAMP-018,Programmatic Market Reach,Display Ads,Brand Awareness,North America,Small Business Owners,Desktop,35524,120,1,79.13,83.15
REC-006145,2026-06-23,CAMP-008,Executive Thought Leadership,LinkedIn Ads,Brand Awareness,Europe,Students & Young Professionals,Mobile,1864,16,0,141.85,0.0
REC-004451,2026-01-23,CAMP-023,Enterprise Pipeline Builder,LinkedIn Ads,Lead Generation,MENA,New Customers,Mobile,7682,170,9,686.23,1283.88
REC-000476,2025-02-11,CAMP-023,Enterprise Pipeline Builder,LinkedIn Ads,Lead Generation,MENA,New Customers,Desktop,9318,155,17,631.21,2099.15
REC-004386,2026-01-17,CAMP-019,Display Retargeting Loop,Display Ads,Retargeting,MENA,Students & Young Professionals,Mobile,41764,335,5,167.71,374.13
REC-000149,2025-01-13,CAMP-020,Creator Partnership Series,Influencer,Influencer Partnership,Latin America,Small Business Owners,Mobile,41741,1096,47,728.61,5335.57
REC-000793,2025-03-11,CAMP-010,Short Video Discovery,TikTok Ads,Prospecting,Europe,Small Business Owners,Mobile,40328,721,15,459.97,2471.2
REC-001050,2025-04-02,CAMP-021,Micro Creator Conversion,Influencer,Influencer Partnership,Latin America,Returning Customers,Desktop,40025,1331,72,764.7,7231.29
REC-004994,2026-03-12,CAMP-002,Brand Demand Capture,Google Ads,Brand Awareness,Europe,New Customers,Mobile,15883,495,16,959.16,1046.41
REC-000330,2025-01-30,CAMP-013,Lifecycle Nurture,Email,Customer Nurture,MENA,New Customers,Desktop,13517,698,50,141.83,4403.52
REC-004213,2026-01-03,CAMP-016,Video Reach Accelerator,YouTube Ads,Brand Awareness,Europe,Returning Customers,Mobile,27506,208,3,180.2,275.07
REC-005198,2026-04-01,CAMP-005,Cart Recovery Social,Meta Ads,Retargeting,North America,Students & Young Professionals,Mobile,15970,453,20,551.17,1678.23
REC-002318,2025-07-27,CAMP-001,Search Growth Engine,Google Ads,Always-on Acquisition,Europe,New Customers,Desktop,10666,526,39,1035.7,4374.33
REC-000178,2025-01-16,CAMP-013,Lifecycle Nurture,Email,Customer Nurture,North America,New Customers,Mobile,12544,960,84,152.87,8479.28
REC-005555,2026-05-02,CAMP-010,Short Video Discovery,TikTok Ads,Prospecting,Latin America,Students & Young Professionals,Desktop,24540,334,5,248.01,386.2
REC-001842,2025-06-12,CAMP-024,Mobile App Acquisition,Google Ads,App Acquisition,Europe,New Customers,Desktop,12127,368,18,602.53,932.99
REC-004407,2026-01-19,CAMP-016,Video Reach Accelerator,YouTube Ads,Brand Awareness,North America,Students & Young Professionals,Desktop,10853,92,1,129.47,57.18
REC-000745,2025-03-06,CAMP-024,Mobile App Acquisition,Google Ads,App Acquisition,North America,New Customers,Mobile,11199,441,23,790.07,1175.94
REC-006200,2026-06-28,CAMP-010,Short Video Discovery,TikTok Ads,Prospecting,Europe,Students & Young Professionals,Desktop,7609,115,2,118.32,141.21
REC-000843,2025-03-16,CAMP-015,Monthly Product Digest,Email,Customer Nurture,Europe,Students & Young Professionals,Desktop,9216,593,37,109.81,2565.54
REC-003763,2025-11-26,CAMP-018,Programmatic Market Reach,Display Ads,Brand Awareness,Europe,Small Business Owners,Mobile,13050,49,0,50.18,0.0
REC-000231,2025-01-21,CAMP-015,Monthly Product Digest,Email,Customer Nurture,North America,New Customers,Desktop,11602,609,68,133.67,7611.32
REC-001226,2025-04-17,CAMP-003,High Intent Retargeting,Google Ads,Retargeting,North America,Small Business Owners,Mobile,12756,701,49,1582.75,8990.5
REC-002483,2025-08-10,CAMP-014,Win Back Customers,Email,Reactivation,MENA,New Customers,Mobile,4098,208,16,56.09,1512.5
REC-003859,2025-12-04,CAMP-008,Executive Thought Leadership,LinkedIn Ads,Brand Awareness,Latin America,New Customers,Mobile,10527,80,2,330.22,85.22
REC-005337,2026-04-13,CAMP-014,Win Back Customers,Email,Reactivation,North America,Returning Customers,Desktop,12566,814,160,137.73,25838.68
REC-005106,2026-03-23,CAMP-009,Startup Founder Leads,LinkedIn Ads,Lead Generation,North America,Returning Customers,Desktop,3491,37,5,254.57,634.44
REC-004162,2025-12-29,CAMP-005,Cart Recovery Social,Meta Ads,Retargeting,Asia-Pacific,Small Business Owners,Desktop,23997,799,65,599.94,7326.95
REC-002598,2025-08-20,CAMP-009,Startup Founder Leads,LinkedIn Ads,Lead Generation,Europe,Students & Young Professionals,Mobile,3093,42,3,235.11,284.17
REC-003831,2025-12-01,CAMP-007,B2B Decision Makers,LinkedIn Ads,Lead Generation,MENA,New Customers,Tablet,4285,56,3,302.43,427.17
REC-000154,2025-01-14,CAMP-001,Search Growth Engine,Google Ads,Always-on Acquisition,Latin America,Enterprise Decision Makers,Desktop,15530,767,47,979.81,15020.88
REC-005423,2026-04-20,CAMP-003,High Intent Retargeting,Google Ads,Retargeting,Latin America,Students & Young Professionals,Desktop,13572,683,52,877.86,5177.19
REC-002178,2025-07-14,CAMP-002,Brand Demand Capture,Google Ads,Brand Awareness,Europe,New Customers,Mobile,7752,347,11,688.52,628.95
REC-000811,2025-03-13,CAMP-012,Youth Engagement Sprint,TikTok Ads,Engagement,North America,Small Business Owners,Mobile,15444,196,4,224.05,421.31
REC-006177,2026-06-26,CAMP-021,Micro Creator Conversion,Influencer,Influencer Partnership,Latin America,Small Business Owners,Desktop,48420,1461,63,1205.7,10555.25
REC-003797,2025-11-29,CAMP-014,Win Back Customers,Email,Reactivation,MENA,Returning Customers,Tablet,11079,664,103,113.61,15581.24
REC-001827,2025-06-10,CAMP-018,Programmatic Market Reach,Display Ads,Brand Awareness,MENA,Students & Young Professionals,Desktop,22689,63,0,61.51,0.0
REC-004467,2026-01-24,CAMP-023,Enterprise Pipeline Builder,LinkedIn Ads,Lead Generation,Europe,Returning Customers,Mobile,2195,45,5,248.83,941.66
REC-003157,2025-10-07,CAMP-005,Cart Recovery Social,Meta Ads,Retargeting,North America,Small Business Owners,Mobile,15743,690,52,672.77,6786.92
REC-002726,2025-08-30,CAMP-009,Startup Founder Leads,LinkedIn Ads,Lead Generation,North America,New Customers,Desktop,2510,34,2,239.44,226.03
REC-003429,2025-10-30,CAMP-006,Seasonal Offer Push,Meta Ads,Seasonal Promotion,MENA,Small Business Owners,Tablet,14351,359,15,365.17,2178.83
REC-001027,2025-03-31,CAMP-017,Product Demo Views,YouTube Ads,Product Education,North America,Returning Customers,Mobile,16061,177,5,191.04,745.3
REC-005976,2026-06-07,CAMP-013,Lifecycle Nurture,Email,Customer Nurture,MENA,Students & Young Professionals,Mobile,10927,544,31,123.43,2138.17
REC-001132,2025-04-09,CAMP-009,Startup Founder Leads,LinkedIn Ads,Lead Generation,Europe,Enterprise Decision Makers,Mobile,9823,153,15,874.88,4468.93
REC-001166,2025-04-11,CAMP-012,Youth Engagement Sprint,TikTok Ads,Engagement,Asia-Pacific,Small Business Owners,Mobile,9611,176,3,172.5,264.19
REC-004017,2025-12-17,CAMP-013,Lifecycle Nurture,Email,Customer Nurture,North America,Small Business Owners,Mobile,15933,1287,133,172.27,22283.18
REC-005217,2026-04-02,CAMP-013,Lifecycle Nurture,Email,Customer Nurture,Asia-Pacific,Returning Customers,Mobile,11669,867,121,125.03,14327.62
REC-003459,2025-11-01,CAMP-002,Brand Demand Capture,Google Ads,Brand Awareness,North America,New Customers,Mobile,5178,172,6,333.87,468.44
REC-004321,2026-01-12,CAMP-002,Brand Demand Capture,Google Ads,Brand Awareness,MENA,Small Business Owners,Desktop,16802,552,31,664.95,3095.5
REC-005638,2026-05-10,CAMP-019,Display Retargeting Loop,Display Ads,Retargeting,MENA,New Customers,Mobile,10759,112,2,55.78,187.52
REC-001323,2025-04-25,CAMP-007,B2B Decision Makers,LinkedIn Ads,Lead Generation,MENA,Small Business Owners,Mobile,8890,125,10,532.26,1891.85
REC-004113,2025-12-25,CAMP-005,Cart Recovery Social,Meta Ads,Retargeting,North America,Small Business Owners,Mobile,20297,793,56,920.56,6944.16
REC-000792,2025-03-11,CAMP-002,Brand Demand Capture,Google Ads,Brand Awareness,Europe,Returning Customers,Mobile,15190,505,28,842.8,2666.11
REC-002332,2025-07-28,CAMP-004,Social Scale Prospecting,Meta Ads,Prospecting,North America,Small Business Owners,Mobile,6141,164,4,242.81,585.57
REC-003969,2025-12-13,CAMP-008,Executive Thought Leadership,LinkedIn Ads,Brand Awareness,Europe,Small Business Owners,Mobile,3359,34,1,196.26,61.22
REC-001578,2025-05-17,CAMP-008,Executive Thought Leadership,LinkedIn Ads,Brand Awareness,Europe,New Customers,Desktop,7924,71,1,460.53,55.2
REC-005666,2026-05-12,CAMP-016,Video Reach Accelerator,YouTube Ads,Brand Awareness,Asia-Pacific,Returning Customers,Mobile,26515,210,2,167.85,202.74
REC-005298,2026-04-10,CAMP-016,Video Reach Accelerator,YouTube Ads,Brand Awareness,Europe,New Customers,Mobile,26329,153,1,156.28,85.79
REC-001917,2025-06-19,CAMP-008,Executive Thought Leadership,LinkedIn Ads,Brand Awareness,MENA,Small Business Owners,Mobile,1367,15,1,113.29,86.63
REC-004758,2026-02-19,CAMP-002,Brand Demand Capture,Google Ads,Brand Awareness,MENA,Enterprise Decision Makers,Mobile,9830,479,15,636.88,2384.64
REC-004607,2026-02-06,CAMP-016,Video Reach Accelerator,YouTube Ads,Brand Awareness,Europe,Returning Customers,Mobile,13596,148,3,166.6,327.84
REC-006087,2026-06-17,CAMP-020,Creator Partnership Series,Influencer,Influencer Partnership,North America,Enterprise Decision Makers,Mobile,10561,278,12,257.16,2637.37
REC-001422,2025-05-03,CAMP-009,Startup Founder Leads,LinkedIn Ads,Lead Generation,Asia-Pacific,Small Business Owners,Desktop,3412,51,5,317.52,844.19
REC-004216,2026-01-03,CAMP-009,Startup Founder Leads,LinkedIn Ads,Lead Generation,North America,Small Business Owners,Tablet,5432,49,4,331.6,686.92
REC-000604,2025-02-22,CAMP-020,Creator Partnership Series,Influencer,Influencer Partnership,Europe,Small Business Owners,Tablet,30810,624,17,918.03,2658.48
REC-003300,2025-10-19,CAMP-004,Social Scale Prospecting,Meta Ads,Prospecting,MENA,Small Business Owners,Tablet,19179,375,17,303.64,2847.47
REC-003567,2025-11-10,CAMP-005,Cart Recovery Social,Meta Ads,Retargeting,Europe,New Customers,Mobile,20827,795,53,705.12,4817.63
REC-000509,2025-02-13,CAMP-020,Creator Partnership Series,Influencer,Influencer Partnership,Latin America,Students & Young Professionals,Mobile,12022,322,9,387.4,544.92
REC-006050,2026-06-14,CAMP-019,Display Retargeting Loop,Display Ads,Retargeting,MENA,Returning Customers,Desktop,19037,133,4,61.06,436.38
REC-001812,2025-06-09,CAMP-016,Video Reach Accelerator,YouTube Ads,Brand Awareness,North America,Small Business Owners,Mobile,11716,86,0,106.45,0.0
REC-002269,2025-07-22,CAMP-020,Creator Partnership Series,Influencer,Influencer Partnership,North America,Students & Young Professionals,Mobile,45456,1556,39,1426.5,2882.11
REC-003117,2025-10-03,CAMP-012,Youth Engagement Sprint,TikTok Ads,Engagement,Latin America,Small Business Owners,Mobile,8444,97,1,97.6,117.32
REC-003851,2025-12-03,CAMP-014,Win Back Customers,Email,Reactivation,Asia-Pacific,Small Business Owners,Desktop,9312,598,73,113.35,14250.26
REC-006211,2026-06-28,CAMP-024,Mobile App Acquisition,Google Ads,App Acquisition,North America,Students & Young Professionals,Mobile,16297,658,21,1186.25,953.51
REC-000689,2025-03-01,CAMP-021,Micro Creator Conversion,Influencer,Influencer Partnership,North America,New Customers,Mobile,42526,1463,52,1072.76,5401.36
REC-001342,2025-04-26,CAMP-009,Startup Founder Leads,LinkedIn Ads,Lead Generation,MENA,Returning Customers,Desktop,7658,126,16,531.45,2922.74
REC-002003,2025-06-27,CAMP-005,Cart Recovery Social,Meta Ads,Retargeting,Asia-Pacific,Enterprise Decision Makers,Desktop,10396,383,28,410.89,6634.49
REC-001642,2025-05-24,CAMP-018,Programmatic Market Reach,Display Ads,Brand Awareness,Europe,Small Business Owners,Desktop,10109,33,0,41.55,0.0
REC-002839,2025-09-10,CAMP-009,Startup Founder Leads,LinkedIn Ads,Lead Generation,Asia-Pacific,Returning Customers,Desktop,6892,94,14,470.34,2556.91
REC-003474,2025-11-03,CAMP-004,Social Scale Prospecting,Meta Ads,Prospecting,Asia-Pacific,Small Business Owners,Mobile,8996,143,4,155.56,459.05
REC-004421,2026-01-20,CAMP-017,Product Demo Views,YouTube Ads,Product Education,Asia-Pacific,Returning Customers,Mobile,39957,436,9,344.37,971.68
REC-002939,2025-09-18,CAMP-003,High Intent Retargeting,Google Ads,Retargeting,Europe,Students & Young Professionals,Mobile,10972,771,55,1315.66,4182.16
REC-003288,2025-10-18,CAMP-016,Video Reach Accelerator,YouTube Ads,Brand Awareness,Asia-Pacific,New Customers,Mobile,27884,285,3,253.59,187.33
REC-004360,2026-01-16,CAMP-012,Youth Engagement Sprint,TikTok Ads,Engagement,Latin America,Returning Customers,Mobile,9702,174,3,147.27,306.76
REC-002088,2025-07-05,CAMP-014,Win Back Customers,Email,Reactivation,Europe,New Customers,Desktop,6943,519,87,85.92,11265.91
REC-005491,2026-04-26,CAMP-013,Lifecycle Nurture,Email,Customer Nurture,Europe,New Customers,Mobile,10049,518,44,102.56,3976.25
REC-006028,2026-06-12,CAMP-002,Brand Demand Capture,Google Ads,Brand Awareness,MENA,Small Business Owners,Mobile,5466,228,10,282.62,1051.75
REC-000619,2025-02-23,CAMP-011,Creator Product Launch,TikTok Ads,Product Launch,Europe,Small Business Owners,Mobile,5930,126,3,123.35,389.35
REC-004289,2026-01-09,CAMP-018,Programmatic Market Reach,Display Ads,Brand Awareness,North America,Small Business Owners,Tablet,10715,35,0,44.8,0.0
REC-001390,2025-04-30,CAMP-001,Search Growth Engine,Google Ads,Always-on Acquisition,North America,Enterprise Decision Makers,Tablet,5994,252,16,576.18,4887.1
REC-005336,2026-04-13,CAMP-014,Win Back Customers,Email,Reactivation,Europe,Students & Young Professionals,Mobile,13049,679,64,129.51,5691.6
REC-003600,2025-11-13,CAMP-003,High Intent Retargeting,Google Ads,Retargeting,Asia-Pacific,New Customers,Desktop,25133,1212,106,2089.08,12688.29
REC-006037,2026-06-13,CAMP-019,Display Retargeting Loop,Display Ads,Retargeting,Latin America,Small Business Owners,Desktop,36432,324,5,130.47,701.58
REC-003916,2025-12-09,CAMP-023,Enterprise Pipeline Builder,LinkedIn Ads,Lead Generation,Europe,New Customers,Mobile,10288,222,12,1133.74,2126.83
REC-001840,2025-06-11,CAMP-008,Executive Thought Leadership,LinkedIn Ads,Brand Awareness,Europe,Students & Young Professionals,Mobile,2831,28,1,188.0,41.92
REC-004884,2026-03-02,CAMP-014,Win Back Customers,Email,Reactivation,MENA,New Customers,Mobile,4326,253,24,52.25,2761.64
REC-005707,2026-05-15,CAMP-020,Creator Partnership Series,Influencer,Influencer Partnership,MENA,Enterprise Decision Makers,Mobile,41212,1537,59,1256.96,18642.52
REC-000246,2025-01-22,CAMP-018,Programmatic Market Reach,Display Ads,Brand Awareness,Europe,Returning Customers,Desktop,42845,104,1,77.79,57.24
REC-004536,2026-01-30,CAMP-012,Youth Engagement Sprint,TikTok Ads,Engagement,Latin America,Returning Customers,Desktop,8978,90,2,70.51,173.68
REC-002427,2025-08-05,CAMP-023,Enterprise Pipeline Builder,LinkedIn Ads,Lead Generation,Europe,Enterprise Decision Makers,Mobile,3946,77,9,338.7,3902.4
REC-003263,2025-10-16,CAMP-009,Startup Founder Leads,LinkedIn Ads,Lead Generation,Europe,Students & Young Professionals,Mobile,8062,99,4,583.67,303.48
REC-001605,2025-05-20,CAMP-003,High Intent Retargeting,Google Ads,Retargeting,North America,New Customers,Mobile,11581,855,63,1934.88,7856.35
REC-001765,2025-06-04,CAMP-018,Programmatic Market Reach,Display Ads,Brand Awareness,North America,Returning Customers,Desktop,41850,123,0,103.69,0.0
REC-004221,2026-01-03,CAMP-020,Creator Partnership Series,Influencer,Influencer Partnership,North America,Enterprise Decision Makers,Desktop,25931,770,38,477.37,10424.25
REC-000251,2025-01-23,CAMP-007,B2B Decision Makers,LinkedIn Ads,Lead Generation,Asia-Pacific,Enterprise Decision Makers,Mobile,6643,109,7,578.31,2807.32
REC-003841,2025-12-02,CAMP-017,Product Demo Views,YouTube Ads,Product Education,Asia-Pacific,Returning Customers,Mobile,10270,131,4,137.89,526.25
REC-003438,2025-10-31,CAMP-005,Cart Recovery Social,Meta Ads,Retargeting,Europe,New Customers,Desktop,16034,371,26,412.35,2579.38
REC-003674,2025-11-19,CAMP-016,Video Reach Accelerator,YouTube Ads,Brand Awareness,MENA,Enterprise Decision Makers,Desktop,37944,209,4,180.64,969.64
REC-002792,2025-09-06,CAMP-021,Micro Creator Conversion,Influencer,Influencer Partnership,Asia-Pacific,Returning Customers,Mobile,35629,1508,78,1175.77,11387.8
REC-004659,2026-02-10,CAMP-013,Lifecycle Nurture,Email,Customer Nurture,Latin America,Small Business Owners,Mobile,4284,223,21,63.75,3425.31
REC-003149,2025-10-06,CAMP-014,Win Back Customers,Email,Reactivation,North America,Students & Young Professionals,Desktop,13910,826,109,153.66,11177.6
REC-005465,2026-04-24,CAMP-010,Short Video Discovery,TikTok Ads,Prospecting,North America,Enterprise Decision Makers,Desktop,18800,249,9,275.93,2079.6
REC-006049,2026-06-14,CAMP-013,Lifecycle Nurture,Email,Customer Nurture,MENA,Returning Customers,Mobile,1629,129,17,29.27,2259.57
REC-002447,2025-08-07,CAMP-011,Creator Product Launch,TikTok Ads,Product Launch,North America,New Customers,Desktop,26419,545,16,524.77,1646.27
REC-003996,2025-12-15,CAMP-021,Micro Creator Conversion,Influencer,Influencer Partnership,Europe,New Customers,Desktop,64892,2016,76,2111.64,7190.89
REC-005006,2026-03-13,CAMP-007,B2B Decision Makers,LinkedIn Ads,Lead Generation,Asia-Pacific,Returning Customers,Desktop,2396,30,5,152.32,913.49
REC-003778,2025-11-27,CAMP-005,Cart Recovery Social,META ADS,Retargeting,North America,Students & Young Professionals,Mobile,17270,654,22,787.97,1826.25
REC-000405,2025-02-05,CAMP-012,Youth Engagement Sprint,TikTok Ads,Engagement,MENA,Students & Young Professionals,Desktop,29442,457,7,330.54,363.41
REC-003097,2025-10-01,CAMP-022,Holiday Revenue Boost,Meta Ads,Seasonal Promotion,MENA,Returning Customers,Mobile,22564,542,29,436.24,3400.69
REC-005917,2026-06-02,CAMP-014,Win Back Customers,Email,Reactivation,Asia-Pacific,New Customers,Mobile,4531,369,34,72.01,3481.17
REC-003169,2025-10-08,CAMP-006,Seasonal Offer Push,Meta Ads,Seasonal Promotion,MENA,Small Business Owners,Desktop,19607,467,22,483.88,2486.53
REC-000210,2025-01-19,CAMP-009,Startup Founder Leads,LinkedIn Ads,Lead Generation,North America,Returning Customers,Desktop,5187,76,7,488.44,957.87
REC-002174,2025-07-14,CAMP-021,Micro Creator Conversion,Influencer,Influencer Partnership,MENA,Returning Customers,Mobile,16008,553,26,496.95,3677.16
REC-000945,2025-03-24,CAMP-021,Micro Creator Conversion,Influencer,Influencer Partnership,North America,Small Business Owners,Desktop,41412,1140,64,1329.33,9115.85
REC-000111,2025-01-10,CAMP-024,Mobile App Acquisition,Google Ads,App Acquisition,North America,Small Business Owners,Mobile,7478,221,12,370.25,1038.52
REC-001606,2025-05-20,CAMP-016,Video Reach Accelerator,YouTube Ads,Brand Awareness,MENA,Small Business Owners,Mobile,13903,113,1,113.43,109.74
REC-000221,2025-01-20,CAMP-018,Programmatic Market Reach,Display Ads,Brand Awareness,Latin America,Small Business Owners,Mobile,34435,110,1,78.7,62.44
REC-000244,2025-01-22,CAMP-012,Youth Engagement Sprint,TikTok Ads,Engagement,Europe,Returning Customers,Tablet,28879,357,8,365.69,630.39
REC-002820,2025-09-08,CAMP-008,Executive Thought Leadership,LinkedIn Ads,Brand Awareness,Europe,Enterprise Decision Makers,Desktop,2824,17,2,104.25,245.94
REC-000785,2025-03-11,CAMP-004,Social Scale Prospecting,Meta Ads,Prospecting,North America,New Customers,Mobile,22025,415,12,498.37,1075.13
REC-000991,2025-03-28,CAMP-012,Youth Engagement Sprint,TikTok Ads,Engagement,Latin America,Returning Customers,Desktop,12022,139,3,105.04,289.12
REC-005035,2026-03-16,CAMP-007,B2B Decision Makers,LinkedIn Ads,Lead Generation,Latin America,Small Business Owners,Desktop,5726,92,9,437.54,1302.29
REC-002461,2025-08-08,CAMP-023,Enterprise Pipeline Builder,LINKEDIN ADS,Lead Generation,Asia-Pacific,New Customers,Mobile,3145,56,5,252.11,853.41
REC-005434,2026-04-21,CAMP-005,Cart Recovery Social,Meta Ads,Retargeting,Asia-Pacific,New Customers,Mobile,7383,269,10,317.02,929.35
REC-005757,2026-05-19,CAMP-020,Creator Partnership Series,Influencer,Influencer Partnership,MENA,Returning Customers,Mobile,42427,1660,50,923.96,6092.96
REC-002466,2025-08-08,CAMP-007,B2B Decision Makers,LinkedIn Ads,Lead Generation,North America,New Customers,Desktop,3932,54,5,309.33,744.94
REC-000324,2025-01-29,CAMP-004,Social Scale Prospecting,Meta Ads,Prospecting,MENA,Small Business Owners,Desktop,19368,274,10,227.1,1488.08
REC-005903,2026-06-01,CAMP-014,Win Back Customers,Email,Reactivation,North America,Students & Young Professionals,Desktop,12944,991,120,157.73,10021.67
REC-004806,2026-02-23,CAMP-013,Lifecycle Nurture,Email,Customer Nurture,Asia-Pacific,Students & Young Professionals,Desktop,8900,488,52,98.23,3897.73
REC-005557,2026-05-02,CAMP-011,Creator Product Launch,TikTok Ads,Product Launch,MENA,New Customers,Mobile,23137,404,7,328.49,528.23
REC-000739,2025-03-05,CAMP-021,Micro Creator Conversion,Influencer,Influencer Partnership,North America,New Customers,Mobile,22358,690,19,754.35,1971.67
REC-004750,2026-02-18,CAMP-002,Brand Demand Capture,Google Ads,Brand Awareness,North America,New Customers,Desktop,9472,210,8,467.99,576.16
REC-004597,2026-02-05,CAMP-007,B2B Decision Makers,LinkedIn Ads,Lead Generation,Europe,New Customers,Mobile,5788,127,9,707.67,1216.15
REC-006210,2026-06-28,CAMP-024,Mobile App Acquisition,Google Ads,App Acquisition,Europe,Returning Customers,Mobile,16436,860,58,1322.64,4575.89
REC-003638,2025-11-16,CAMP-011,Creator Product Launch,TikTok Ads,Product Launch,Europe,Students & Young Professionals,Desktop,29729,566,12,360.15,716.48
REC-002681,2025-08-26,CAMP-015,Monthly Product Digest,Email,Customer Nurture,Europe,Small Business Owners,Desktop,13407,808,125,139.77,16113.09
REC-003165,2025-10-08,CAMP-023,Enterprise Pipeline Builder,LinkedIn Ads,Lead Generation,Europe,New Customers,Mobile,5600,103,8,512.75,1206.96
REC-005466,2026-04-24,CAMP-010,Short Video Discovery,TikTok Ads,Prospecting,North America,Students & Young Professionals,Mobile,34331,408,5,385.59,415.28
REC-005762,2026-05-20,CAMP-013,Lifecycle Nurture,Email,Customer Nurture,Europe,New Customers,Mobile,16091,935,55,170.03,4778.22
REC-002557,2025-08-16,CAMP-014,Win Back Customers,Email,Reactivation,MENA,Students & Young Professionals,Mobile,6087,531,35,85.91,3079.57
REC-004974,2026-03-10,CAMP-023,Enterprise Pipeline Builder,LinkedIn Ads,Lead Generation,MENA,Returning Customers,Desktop,2272,44,6,243.61,1284.01
REC-001789,2025-06-07,CAMP-014,Win Back Customers,Email,Reactivation,Latin America,Small Business Owners,Desktop,7419,505,58,91.17,11839.1
REC-002946,2025-09-19,CAMP-018,Programmatic Market Reach,Display Ads,Brand Awareness,Europe,Students & Young Professionals,Desktop,23798,101,0,70.36,0.0
REC-002751,2025-09-02,CAMP-009,Startup Founder Leads,LinkedIn Ads,Lead Generation,MENA,Small Business Owners,Desktop,6253,63,7,326.37,1329.19
REC-002492,2025-08-10,CAMP-011,Creator Product Launch,TikTok Ads,Product Launch,MENA,Returning Customers,Mobile,10908,148,5,93.03,725.79
REC-001568,2025-05-16,CAMP-024,Mobile App Acquisition,Google Ads,App Acquisition,MENA,Small Business Owners,Mobile,4778,184,11,261.65,963.84
REC-005523,2026-04-29,CAMP-006,Seasonal Offer Push,Meta Ads,Seasonal Promotion,North America,Small Business Owners,Mobile,28854,736,25,940.0,3563.19
REC-002306,2025-07-26,CAMP-002,Brand Demand Capture,Google Ads,Brand Awareness,Asia-Pacific,New Customers,Desktop,7241,200,9,342.12,499.14
REC-003134,2025-10-05,CAMP-006,Seasonal Offer Push,Meta Ads,Seasonal Promotion,North America,Small Business Owners,Tablet,5581,96,4,110.33,491.94
REC-003523,2025-11-07,CAMP-011,Creator Product Launch,TikTok Ads,Product Launch,North America,Small Business Owners,Desktop,24219,440,12,428.77,1835.12
REC-003260,2025-10-16,CAMP-010,Short Video Discovery,TikTok Ads,Prospecting,Europe,Enterprise Decision Makers,Mobile,16942,329,8,308.5,2361.18
REC-004477,2026-01-25,CAMP-016,Video Reach Accelerator,YouTube Ads,Brand Awareness,Europe,Returning Customers,Desktop,10628,88,2,99.17,154.79
REC-001562,2025-05-15,CAMP-013,Lifecycle Nurture,Email,Customer Nurture,Europe,Small Business Owners,Mobile,7355,536,67,87.68,10436.53
REC-003879,2025-12-06,CAMP-015,Monthly Product Digest,Email,Customer Nurture,Europe,Returning Customers,Desktop,4995,291,43,70.42,6159.39
REC-000725,2025-03-04,CAMP-006,Seasonal Offer Push,Meta Ads,Seasonal Promotion,MENA,New Customers,Mobile,12219,352,9,345.76,1027.06
REC-000441,2025-02-08,CAMP-020,Creator Partnership Series,Influencer,Influencer Partnership,Europe,Returning Customers,Mobile,17182,617,34,373.7,3605.66
REC-005470,2026-04-24,CAMP-015,Monthly Product Digest,Email,Customer Nurture,Europe,Enterprise Decision Makers,Desktop,2310,110,13,37.71,3922.75
REC-000469,2025-02-10,CAMP-001,Search Growth Engine,Google Ads,Always-on Acquisition,Latin America,Returning Customers,Mobile,15090,693,51,938.19,7399.74
REC-000669,2025-02-27,CAMP-015,Monthly Product Digest,Email,Customer Nurture,Europe,Returning Customers,Mobile,3093,222,16,48.96,2024.08
REC-005399,2026-04-18,CAMP-021,Micro Creator Conversion,Influencer,Influencer Partnership,North America,New Customers,Tablet,13367,403,12,454.0,1310.67
REC-001456,2025-05-06,CAMP-017,Product Demo Views,YouTube Ads,Product Education,Asia-Pacific,Enterprise Decision Makers,Mobile,20840,280,6,273.94,1607.29
REC-000326,2025-01-29,CAMP-023,Enterprise Pipeline Builder,LinkedIn Ads,Lead Generation,North America,New Customers,Desktop,7344,92,14,571.09,2521.07
REC-004391,2026-01-18,CAMP-019,Display Retargeting Loop,Display Ads,Retargeting,Asia-Pacific,Small Business Owners,Tablet,12959,85,1,66.87,148.88
REC-002718,2025-08-30,CAMP-016,Video Reach Accelerator,YouTube Ads,Brand Awareness,North America,Students & Young Professionals,Mobile,30742,266,1,302.63,60.43
REC-003163,2025-10-08,CAMP-021,Micro Creator Conversion,Influencer,Influencer Partnership,Latin America,Students & Young Professionals,Mobile,33742,957,26,885.72,1581.64
REC-004145,2025-12-27,CAMP-021,Micro Creator Conversion,Influencer,Influencer Partnership,MENA,Students & Young Professionals,Desktop,54711,1846,48,1260.5,3761.88
REC-005923,2026-06-02,CAMP-002,Brand Demand Capture,Google Ads,Brand Awareness,Europe,Small Business Owners,Mobile,7336,276,11,500.92,1048.49
REC-005260,2026-04-06,CAMP-006,Seasonal Offer Push,Meta Ads,Seasonal Promotion,Europe,Returning Customers,Tablet,5609,91,4,118.73,444.08
REC-004358,2026-01-15,CAMP-007,B2B Decision Makers,LinkedIn Ads,Lead Generation,Europe,New Customers,Desktop,2272,37,4,179.64,597.59
REC-001780,2025-06-05,CAMP-001,Search Growth Engine,Google Ads,Always-on Acquisition,Europe,Small Business Owners,Mobile,21885,1260,61,2112.07,9791.19
REC-000117,2025-01-11,CAMP-015,Monthly Product Digest,Email,Customer Nurture,North America,Students & Young Professionals,Mobile,4896,213,14,72.16,1098.16
REC-005718,2026-05-16,CAMP-007,B2B Decision Makers,LinkedIn Ads,Lead Generation,MENA,Students & Young Professionals,Desktop,6247,101,6,382.13,491.1
REC-001430,2025-05-04,CAMP-013,Lifecycle Nurture,Email,Customer Nurture,Europe,Returning Customers,Mobile,4778,399,56,57.34,7142.95
REC-000024,2025-01-02,CAMP-009,Startup Founder Leads,LinkedIn Ads,Lead Generation,North America,Returning Customers,Mobile,5248,94,11,631.6,2088.71
REC-001261,2025-04-19,CAMP-009,Startup Founder Leads,LinkedIn Ads,Lead Generation,Europe,Small Business Owners,Tablet,2781,29,1,187.78,183.26
REC-000322,2025-01-29,CAMP-003,High Intent Retargeting,Google Ads,Retargeting,North America,Small Business Owners,Desktop,11318,512,63,898.93,10456.82
REC-001912,2025-06-18,CAMP-012,Youth Engagement Sprint,TikTok Ads,Engagement,MENA,Students & Young Professionals,Desktop,27972,265,5,236.45,200.9
REC-003280,2025-10-18,CAMP-020,Creator Partnership Series,Influencer,Influencer Partnership,MENA,Small Business Owners,Desktop,41269,1318,59,1306.64,8069.5
REC-000443,2025-02-08,CAMP-005,Cart Recovery Social,Meta Ads,Retargeting,North America,Students & Young Professionals,Desktop,9107,283,9,376.92,664.45
REC-005513,2026-04-28,CAMP-021,Micro Creator Conversion,Influencer,Influencer Partnership,Latin America,Students & Young Professionals,Mobile,30343,973,18,1015.71,1121.1
REC-002345,2025-07-29,CAMP-005,Cart Recovery Social,Meta Ads,Retargeting,Europe,Enterprise Decision Makers,Mobile,12566,527,31,571.77,7048.92
REC-001310,2025-04-24,CAMP-009,Startup Founder Leads,LinkedIn Ads,Lead Generation,Asia-Pacific,Returning Customers,Desktop,6232,76,10,314.24,1312.62
REC-005405,2026-04-18,CAMP-016,Video Reach Accelerator,YouTube Ads,Brand Awareness,North America,New Customers,Desktop,28353,245,2,211.83,136.28
REC-004023,2025-12-18,CAMP-024,Mobile App Acquisition,Google Ads,App Acquisition,north america,Students & Young Professionals,Mobile,7702,353,9,754.93,360.38
REC-004638,2026-02-08,CAMP-004,Social Scale Prospecting,Meta Ads,Prospecting,Latin America,Students & Young Professionals,Mobile,12745,216,5,153.44,350.37
REC-001945,2025-06-22,CAMP-018,Programmatic Market Reach,Display Ads,Brand Awareness,North America,Returning Customers,Desktop,10072,24,1,59.79,67.22
REC-003207,2025-10-11,CAMP-013,Lifecycle Nurture,Email,Customer Nurture,Europe,Students & Young Professionals,Mobile,9221,640,52,117.39,3354.39
REC-003461,2025-11-02,CAMP-016,Video Reach Accelerator,YouTube Ads,Brand Awareness,Latin America,New Customers,Desktop,25957,118,1,95.19,69.16
REC-003013,2025-09-24,CAMP-017,Product Demo Views,YouTube Ads,Product Education,North America,Returning Customers,Desktop,29341,193,7,228.87,801.03
REC-002417,2025-08-04,CAMP-010,Short Video Discovery,TikTok Ads,Prospecting,Asia-Pacific,Students & Young Professionals,Desktop,23066,322,4,243.28,327.81
REC-002437,2025-08-06,CAMP-011,Creator Product Launch,TikTok Ads,Product Launch,Asia-Pacific,Returning Customers,Mobile,20706,434,10,354.42,1196.74
REC-006110,2026-06-19,CAMP-024,Mobile App Acquisition,Google Ads,App Acquisition,North America,Returning Customers,Desktop,13787,413,32,868.55,2478.43
REC-004528,2026-01-30,CAMP-018,Programmatic Market Reach,Display Ads,Brand Awareness,Asia-Pacific,New Customers,Desktop,28196,72,1,41.04,63.9
REC-005968,2026-06-06,CAMP-019,Display Retargeting Loop,Display Ads,Retargeting,North America,New Customers,Mobile,19127,140,1,108.62,123.5
REC-003363,2025-10-24,CAMP-005,Cart Recovery Social,Meta Ads,Retargeting,MENA,Students & Young Professionals,Mobile,19887,580,23,498.73,1859.86
REC-003292,2025-10-19,CAMP-017,Product Demo Views,YouTube Ads,Product Education,Europe,New Customers,Desktop,30852,395,9,315.45,854.45
REC-003205,2025-10-11,CAMP-008,Executive Thought Leadership,LinkedIn Ads,Brand Awareness,North America,Enterprise Decision Makers,Desktop,6869,68,4,453.74,478.89
REC-004846,2026-02-26,CAMP-015,Monthly Product Digest,Email,Customer Nurture,North America,New Customers,Mobile,4625,204,15,54.22,1305.62
REC-004645,2026-02-09,CAMP-015,Monthly Product Digest,email,Customer Nurture,Asia-Pacific,Enterprise Decision Makers,Tablet,11411,612,57,121.13,16921.13
REC-001907,2025-06-17,CAMP-024,Mobile App Acquisition,Google Ads,App Acquisition,North America,Enterprise Decision Makers,Mobile,14076,736,34,1635.16,5444.15
REC-006062,2026-06-15,CAMP-023,Enterprise Pipeline Builder,LinkedIn Ads,Lead Generation,MENA,New Customers,Mobile,5769,107,8,506.38,1342.37
REC-004553,2026-02-01,CAMP-008,Executive Thought Leadership,LinkedIn Ads,Brand Awareness,North America,New Customers,Desktop,3396,21,1,142.87,56.74
REC-004234,2026-01-05,CAMP-019,Display Retargeting Loop,Display Ads,Retargeting,Europe,Students & Young Professionals,Mobile,37161,414,5,213.14,346.0
REC-000581,2025-02-19,CAMP-021,Micro Creator Conversion,Influencer,Influencer Partnership,Europe,Enterprise Decision Makers,Desktop,38815,877,37,1003.26,10444.78
REC-006232,2026-06-30,CAMP-015,Monthly Product Digest,Email,Customer Nurture,Asia-Pacific,Returning Customers,Mobile,2687,134,12,54.04,1317.27
REC-005087,2026-03-21,CAMP-010,Short Video Discovery,TikTok Ads,Prospecting,MENA,Students & Young Professionals,Tablet,28835,341,4,208.16,228.53
REC-001613,2025-05-21,CAMP-013,Lifecycle Nurture,Email,Customer Nurture,Europe,Students & Young Professionals,Desktop,5861,428,47,80.95,2621.83
REC-005060,2026-03-18,CAMP-006,Seasonal Offer Push,Meta Ads,Seasonal Promotion,North America,New Customers,Desktop,12738,253,10,284.24,1115.88
REC-003580,2025-11-11,CAMP-013,Lifecycle Nurture,Email,Customer Nurture,Asia-Pacific,Returning Customers,Mobile,9215,612,61,97.07,7669.74
REC-004469,2026-01-25,CAMP-010,Short Video Discovery,TikTok Ads,Prospecting,Europe,Students & Young Professionals,Mobile,17151,301,4,276.12,316.41
REC-003606,2025-11-14,CAMP-007,B2B Decision Makers,LinkedIn Ads,Lead Generation,Europe,Small Business Owners,Mobile,5056,60,6,348.07,1105.38
REC-000622,2025-02-23,CAMP-010,Short Video Discovery,TikTok Ads,Prospecting,Latin America,New Customers,Desktop,24740,318,7,200.29,532.83
REC-004397,2026-01-18,CAMP-021,Micro Creator Conversion,Influencer,Influencer Partnership,Asia-Pacific,New Customers,Mobile,18313,594,16,500.57,1557.07
REC-006151,2026-06-24,CAMP-018,Programmatic Market Reach,Display Ads,Brand Awareness,MENA,Returning Customers,Mobile,44889,201,2,136.3,113.13
REC-005395,2026-04-18,CAMP-017,Product Demo Views,YouTube Ads,Product Education,Latin America,New Customers,Tablet,24157,236,4,156.42,391.49
REC-001778,2025-06-05,CAMP-016,Video Reach Accelerator,YouTube Ads,Brand Awareness,Europe,New Customers,Mobile,28852,177,1,158.53,74.98
REC-002616,2025-08-21,CAMP-015,Monthly Product Digest,Email,Customer Nurture,Asia-Pacific,New Customers,Desktop,7500,350,24,84.94,2314.74
REC-005432,2026-04-21,CAMP-023,Enterprise Pipeline Builder,LinkedIn Ads,Lead Generation,Europe,Returning Customers,Desktop,5880,65,10,340.21,1700.62
REC-004623,2026-02-07,CAMP-010,Short Video Discovery,TikTok Ads,Prospecting,MENA,Students & Young Professionals,Mobile,8830,133,2,95.48,154.45
REC-003713,2025-11-22,CAMP-005,Cart Recovery Social,Meta Ads,Retargeting,North America,Small Business Owners,Mobile,24192,1081,73,1313.36,8805.02
REC-003850,2025-12-03,CAMP-022,Holiday Revenue Boost,Meta Ads,Seasonal Promotion,MENA,Students & Young Professionals,Desktop,21673,394,15,382.3,935.05
REC-001137,2025-04-09,CAMP-006,Seasonal Offer Push,Meta Ads,Seasonal Promotion,Asia-Pacific,Returning Customers,Desktop,17876,403,30,400.79,4185.73
REC-001517,2025-05-12,CAMP-011,Creator Product Launch,TikTok Ads,Product Launch,Europe,Enterprise Decision Makers,Desktop,25583,487,19,439.88,4405.53
REC-003070,2025-09-29,CAMP-018,Programmatic Market Reach,Display Ads,Brand Awareness,North America,New Customers,Desktop,25419,81,1,75.79,45.51
REC-006198,2026-06-27,CAMP-023,Enterprise Pipeline Builder,linkedin ads,Lead Generation,Europe,Students & Young Professionals,Mobile,3444,67,4,330.75,450.68
REC-005352,2026-04-14,CAMP-010,Short Video Discovery,TikTok Ads,Prospecting,North America,Returning Customers,Mobile,28185,371,10,306.69,1189.16
REC-001343,2025-04-27,CAMP-005,Cart Recovery Social,Meta Ads,Retargeting,Asia-Pacific,New Customers,Desktop,23995,705,49,608.83,5195.89
REC-003414,2025-10-29,CAMP-003,High Intent Retargeting,Google Ads,Retargeting,North America,Returning Customers,Mobile,17180,995,132,2043.91,21518.58
REC-000420,2025-02-06,CAMP-003,High Intent Retargeting,Google Ads,Retargeting,North America,Small Business Owners,Desktop,14290,761,94,1477.98,16829.15
REC-001475,2025-05-08,CAMP-017,Product Demo Views,YouTube Ads,Product Education,North America,Returning Customers,Mobile,7840,106,2,127.48,219.78
REC-006216,2026-06-29,CAMP-004,Social Scale Prospecting,Meta Ads,Prospecting,Asia-Pacific,New Customers,Mobile,23071,546,16,483.09,1291.21
REC-000615,2025-02-22,CAMP-001,Search Growth Engine,Google Ads,Always-on Acquisition,MENA,New Customers,Tablet,10999,281,13,411.15,1047.28
REC-001181,2025-04-13,CAMP-001,Search Growth Engine,Google Ads,Always-on Acquisition,MENA,Small Business Owners,Mobile,3709,150,7,239.23,787.87
REC-002197,2025-07-16,CAMP-009,Startup Founder Leads,LinkedIn Ads,Lead Generation,Europe,Returning Customers,Desktop,5137,58,8,317.13,1035.69
REC-000642,2025-02-25,CAMP-001,Search Growth Engine,Google Ads,Always-on Acquisition,North America,New Customers,Mobile,11577,467,18,899.13,1416.27
REC-003914,2025-12-09,CAMP-018,Programmatic Market Reach,Display Ads,Brand Awareness,MENA,Returning Customers,Tablet,62983,155,1,110.23,77.55
REC-000230,2025-01-21,CAMP-002,Brand Demand Capture,Google Ads,Brand Awareness,Asia-Pacific,Students & Young Professionals,Desktop,4538,126,4,232.13,205.2
REC-003154,2025-10-07,CAMP-002,Brand Demand Capture,Google Ads,Brand Awareness,North America,Small Business Owners,Desktop,22408,871,42,1435.03,5082.57
REC-002127,2025-07-09,CAMP-008,Executive Thought Leadership,LinkedIn Ads,Brand Awareness,North America,Returning Customers,Mobile,1435,18,0,130.48,0.0
REC-000431,2025-02-07,CAMP-020,Creator Partnership Series,Influencer,Influencer Partnership,Europe,Returning Customers,Desktop,47005,1119,67,869.81,7834.81
REC-001703,2025-05-29,CAMP-003,High Intent Retargeting,Google Ads,Retargeting,Europe,Enterprise Decision Makers,Desktop,17420,992,112,1391.66,44678.62
REC-002438,2025-08-06,CAMP-011,Creator Product Launch,TikTok Ads,Product Launch,North America,Students & Young Professionals,Desktop,7303,116,3,124.43,180.69
REC-001212,2025-04-16,CAMP-015,Monthly Product Digest,Email,Customer Nurture,Europe,Small Business Owners,Mobile,16217,1191,138,176.49,22535.43
REC-004740,2026-02-17,CAMP-016,Video Reach Accelerator,YouTube Ads,Brand Awareness,MENA,Enterprise Decision Makers,Desktop,21442,165,2,140.21,401.18
REC-003331,2025-10-22,CAMP-005,Cart Recovery Social,Meta Ads,Retargeting,Latin America,Students & Young Professionals,Mobile,25046,829,29,691.4,2331.95
REC-006115,2026-06-20,CAMP-019,Display Retargeting Loop,Display Ads,Retargeting,Europe,Students & Young Professionals,Mobile,41271,400,5,220.41,428.14
REC-003730,2025-11-23,CAMP-007,B2B Decision Makers,LinkedIn Ads,Lead Generation,North America,New Customers,Mobile,3143,63,5,430.85,626.4
REC-000398,2025-02-05,CAMP-008,Executive Thought Leadership,LinkedIn Ads,Brand Awareness,North America,Enterprise Decision Makers,Desktop,5893,44,2,264.27,312.49
REC-005210,2026-04-01,CAMP-002,Brand Demand Capture,Google Ads,Brand Awareness,North America,Students & Young Professionals,Mobile,12460,525,11,1016.67,637.39
REC-000936,2025-03-23,CAMP-015,Monthly Product Digest,Email,Customer Nurture,North America,Returning Customers,Desktop,13704,559,61,142.46,7882.64
REC-000052,2025-01-05,CAMP-016,Video Reach Accelerator,YouTube Ads,Brand Awareness,MENA,Students & Young Professionals,Mobile,9342,59,0,56.86,0.0
REC-002525,2025-08-13,CAMP-018,Programmatic Market Reach,Display Ads,Brand Awareness,Asia-Pacific,New Customers,Mobile,13616,48,1,56.67,51.23
REC-002054,2025-07-02,CAMP-023,Enterprise Pipeline Builder,LinkedIn Ads,Lead Generation,North America,New Customers,Mobile,7940,179,16,991.53,2670.38
REC-000306,2025-01-27,CAMP-015,Monthly Product Digest,Email,Customer Nurture,Europe,Returning Customers,Mobile,11584,671,77,121.77,8695.12
REC-002701,2025-08-28,CAMP-010,Short Video Discovery,TikTok Ads,Prospecting,Asia-Pacific,New Customers,Desktop,21495,375,6,291.52,640.56
REC-003381,2025-10-26,CAMP-012,Youth Engagement Sprint,TikTok Ads,Engagement,North America,New Customers,Mobile,23605,289,2,287.51,125.63
REC-005303,2026-04-10,CAMP-019,Display Retargeting Loop,Display Ads,Retargeting,Asia-Pacific,Small Business Owners,Desktop,33992,194,4,104.28,721.65
REC-004355,2026-01-15,CAMP-014,Win Back Customers,Email,Reactivation,North America,New Customers,Desktop,3261,218,35,44.41,4730.67
REC-002804,2025-09-07,CAMP-003,High Intent Retargeting,Google Ads,Retargeting,MENA,Returning Customers,Mobile,16080,1164,108,1651.05,16370.01
REC-002482,2025-08-10,CAMP-016,Video Reach Accelerator,YouTube Ads,Brand Awareness,North America,Students & Young Professionals,Desktop,11517,103,0,146.89,0.0
REC-004429,2026-01-20,CAMP-021,Micro Creator Conversion,Influencer,Influencer Partnership,Europe,Small Business Owners,Mobile,43012,1134,45,1011.56,5397.93
REC-005629,2026-05-09,CAMP-009,Startup Founder Leads,LinkedIn Ads,Lead Generation,Asia-Pacific,Students & Young Professionals,Mobile,2486,29,1,151.53,98.32
REC-004762,2026-02-19,CAMP-003,High Intent Retargeting,Google Ads,Retargeting,MENA,Students & Young Professionals,Mobile,14794,1164,68,1736.69,5568.02
REC-003614,2025-11-14,CAMP-009,Startup Founder Leads,LinkedIn Ads,Lead Generation,North America,Enterprise Decision Makers,Desktop,6580,90,7,551.97,1999.24
REC-001205,2025-04-15,CAMP-016,Video Reach Accelerator,YouTube Ads,Brand Awareness,Asia-Pacific,Small Business Owners,Desktop,37764,263,3,183.78,344.93
REC-001086,2025-04-05,CAMP-005,Cart Recovery Social,Meta Ads,Retargeting,MENA,Students & Young Professionals,Mobile,10374,348,13,388.07,1100.02
REC-001320,2025-04-25,CAMP-003,High Intent Retargeting,Google Ads,Retargeting,Asia-Pacific,Small Business Owners,Desktop,12166,673,71,1011.87,10273.57
REC-005005,2026-03-13,CAMP-004,Social Scale Prospecting,Meta Ads,Prospecting,Latin America,Returning Customers,Mobile,18087,536,30,468.72,3521.58
REC-000006,2025-01-01,CAMP-014,Win Back Customers,Email,Reactivation,Europe,New Customers,Mobile,5552,491,49,76.55,5493.64
REC-000155,2025-01-14,CAMP-001,Search Growth Engine,Google Ads,Always-on Acquisition,Europe,Enterprise Decision Makers,Desktop,7044,219,18,355.32,5517.37
REC-005323,2026-04-12,CAMP-010,Short Video Discovery,TikTok Ads,Prospecting,MENA,Enterprise Decision Makers,Desktop,25854,303,12,206.24,3077.13
REC-006208,2026-06-28,CAMP-008,Executive Thought Leadership,LinkedIn Ads,Brand Awareness,Asia-Pacific,Enterprise Decision Makers,Mobile,1244,14,0,125.18,0.0
REC-004425,2026-01-20,CAMP-007,B2B Decision Makers,LinkedIn Ads,Lead Generation,Europe,Students & Young Professionals,Mobile,1214,23,0,121.57,0.0
REC-004548,2026-02-01,CAMP-011,Creator Product Launch,TikTok Ads,Product Launch,Europe,New Customers,Desktop,14383,297,10,218.61,843.94
REC-003588,2025-11-12,CAMP-012,Youth Engagement Sprint,TikTok Ads,Engagement,Europe,Small Business Owners,Desktop,37476,380,7,314.89,662.2
REC-004443,2026-01-22,CAMP-024,Mobile App Acquisition,Google Ads,App Acquisition,North America,New Customers,Mobile,15773,444,13,912.64,839.53
REC-005671,2026-05-12,CAMP-019,Display Retargeting Loop,Display Ads,Retargeting,Europe,Students & Young Professionals,Mobile,17133,188,1,88.12,81.07
REC-004305,2026-01-10,CAMP-010,Short Video Discovery,TikTok Ads,Prospecting,MENA,Students & Young Professionals,Desktop,12360,228,3,161.13,236.57
REC-002119,2025-07-08,CAMP-004,Social Scale Prospecting,Meta Ads,Prospecting,Europe,New Customers,Desktop,17578,375,16,338.45,1615.73
REC-001170,2025-04-12,CAMP-007,B2B Decision Makers,LinkedIn Ads,Lead Generation,Europe,New Customers,Desktop,1213,21,2,124.19,253.36
REC-005962,2026-06-06,CAMP-008,Executive Thought Leadership,LinkedIn Ads,Brand Awareness,MENA,Enterprise Decision Makers,Desktop,4805,54,3,303.45,429.3
REC-006111,2026-06-19,CAMP-024,Mobile App Acquisition,Google Ads,App Acquisition,North America,Small Business Owners,Tablet,15902,454,25,977.57,2266.1
REC-000399,2025-02-05,CAMP-008,Executive Thought Leadership,LinkedIn Ads,Brand Awareness,Europe,New Customers,Mobile,1633,17,0,129.5,0.0
REC-000951,2025-03-24,CAMP-016,Video Reach Accelerator,YouTube Ads,Brand Awareness,Asia-Pacific,Returning Customers,Desktop,34378,266,5,193.62,499.8
REC-005008,2026-03-13,CAMP-023,Enterprise Pipeline Builder,LinkedIn Ads,Lead Generation,North America,Enterprise Decision Makers,Mobile,5436,111,11,629.99,5046.88
REC-003497,2025-11-05,CAMP-019,Display Retargeting Loop,Display Ads,Retargeting,Europe,Small Business Owners,Mobile,35911,369,6,206.33,1008.25
REC-003325,2025-10-21,CAMP-009,Startup Founder Leads,LinkedIn Ads,Lead Generation,Europe,New Customers,Mobile,5774,69,5,363.76,693.05
REC-005186,2026-03-30,CAMP-015,Monthly Product Digest,Email,Customer Nurture,Europe,Small Business Owners,Desktop,5655,250,26,79.11,3727.66
REC-002988,2025-09-22,CAMP-024,Mobile App Acquisition,Google Ads,App Acquisition,Asia-Pacific,Returning Customers,Desktop,12281,362,27,545.49,1812.69
REC-002240,2025-07-20,CAMP-001,Search Growth Engine,Google Ads,Always-on Acquisition,Latin America,New Customers,Desktop,4409,173,11,230.44,847.44
REC-004430,2026-01-21,CAMP-004,Social Scale Prospecting,Meta Ads,Prospecting,Europe,Enterprise Decision Makers,Desktop,21663,415,21,357.04,5132.93
REC-004480,2026-01-25,CAMP-015,Monthly Product Digest,Email,Customer Nurture,MENA,New Customers,Mobile,7419,483,34,81.95,2762.82
REC-004400,2026-01-18,CAMP-004,Social Scale Prospecting,Meta Ads,Prospecting,North America,Returning Customers,Mobile,17897,335,13,335.83,1382.97
REC-001948,2025-06-22,CAMP-012,Youth Engagement Sprint,TikTok Ads,Engagement,North America,Enterprise Decision Makers,Desktop,10267,113,4,138.02,933.4
REC-003634,2025-11-16,CAMP-024,Mobile App Acquisition,Google Ads,App Acquisition,Europe,Returning Customers,Mobile,9280,349,26,717.32,2258.32
REC-000880,2025-03-19,CAMP-024,Mobile App Acquisition,Google Ads,App Acquisition,Europe,Students & Young Professionals,Mobile,14378,728,27,1004.57,1178.31
REC-004497,2026-01-27,CAMP-024,Mobile App Acquisition,Google Ads,App Acquisition,North America,New Customers,Desktop,5725,186,8,313.46,440.36
REC-003262,2025-10-16,CAMP-007,B2B Decision Makers,LinkedIn Ads,Lead Generation,MENA,New Customers,Mobile,2717,40,4,215.04,576.03
REC-002513,2025-08-12,CAMP-003,High Intent Retargeting,Google Ads,Retargeting,MENA,Returning Customers,Mobile,13838,691,53,1014.13,6340.98
REC-000738,2025-03-05,CAMP-021,Micro Creator Conversion,Influencer,Influencer Partnership,North America,New Customers,Mobile,22852,901,29,618.82,3184.38
REC-004078,2025-12-22,CAMP-007,B2B Decision Makers,LinkedIn Ads,Lead Generation,Asia-Pacific,Returning Customers,Desktop,3387,51,6,211.15,837.73
REC-001598,2025-05-19,CAMP-009,Startup Founder Leads,LinkedIn Ads,Lead Generation,MENA,Returning Customers,Mobile,1713,28,2,148.74,265.18
REC-005161,2026-03-28,CAMP-017,Product Demo Views,YouTube Ads,Product Education,Europe,Returning Customers,Mobile,14578,212,4,200.29,507.44
REC-004653,2026-02-10,CAMP-005,Cart Recovery Social,Meta Ads,Retargeting,North America,New Customers,Desktop,24193,663,53,861.65,4551.08
REC-002923,2025-09-17,CAMP-010,Short Video Discovery,TikTok Ads,Prospecting,Europe,Enterprise Decision Makers,Desktop,14454,196,5,178.47,1590.92
REC-003582,2025-11-12,CAMP-003,High Intent Retargeting,Google Ads,Retargeting,Latin America,Small Business Owners,Desktop,26332,1259,119,1531.89,16912.9
REC-001837,2025-06-11,CAMP-007,B2B Decision Makers,LinkedIn Ads,Lead Generation,Europe,Returning Customers,Mobile,3139,61,7,360.08,1186.63
REC-004179,2025-12-30,CAMP-004,Social Scale Prospecting,Meta Ads,Prospecting,Europe,Students & Young Professionals,Tablet,16923,243,4,209.94,232.06
REC-005619,2026-05-08,CAMP-004,Social Scale Prospecting,Meta Ads,Prospecting,MENA,Small Business Owners,Desktop,27141,426,18,402.33,2374.47
REC-002040,2025-07-01,CAMP-003,High Intent Retargeting,Google Ads,Retargeting,Latin America,Returning Customers,Mobile,4961,409,38,474.96,5974.66
REC-004635,2026-02-08,CAMP-023,Enterprise Pipeline Builder,LinkedIn Ads,Lead Generation,Asia-Pacific,Enterprise Decision Makers,Mobile,2786,42,3,200.83,1105.96
REC-001824,2025-06-10,CAMP-009,Startup Founder Leads,LinkedIn Ads,Lead Generation,North America,Small Business Owners,Desktop,5541,81,7,462.75,1180.81
REC-002505,2025-08-12,CAMP-016,Video Reach Accelerator,YouTube Ads,Brand Awareness,Asia-Pacific,New Customers,Mobile,14733,127,2,117.74,146.13
REC-001123,2025-04-08,CAMP-017,Product Demo Views,YouTube Ads,Product Education,MENA,Enterprise Decision Makers,Mobile,25381,253,5,167.56,1732.07
REC-003267,2025-10-16,CAMP-021,Micro Creator Conversion,Influencer,Influencer Partnership,North America,Returning Customers,Mobile,44189,1863,96,923.12,10759.22
REC-004735,2026-02-17,CAMP-003,High Intent Retargeting,Google Ads,Retargeting,MENA,Students & Young Professionals,Mobile,15114,1288,101,1696.27,7724.48
REC-002176,2025-07-14,CAMP-016,Video Reach Accelerator,YouTube Ads,Brand Awareness,MENA,Returning Customers,Desktop,32330,208,3,170.17,285.29
REC-004800,2026-02-22,CAMP-005,Cart Recovery Social,Meta Ads,Retargeting,Europe,Students & Young Professionals,Desktop,10348,307,13,368.87,1029.05
REC-003431,2025-10-30,CAMP-023,Enterprise Pipeline Builder,LinkedIn Ads,Lead Generation,North America,Students & Young Professionals,Mobile,5165,67,2,349.54,261.25
REC-001514,2025-05-11,CAMP-020,Creator Partnership Series,Influencer,Influencer Partnership,Europe,New Customers,Desktop,20081,665,23,423.13,1995.44
REC-001712,2025-05-30,CAMP-012,Youth Engagement Sprint,TikTok Ads,Engagement,MENA,New Customers,Mobile,19970,356,6,276.91,391.11
REC-000437,2025-02-08,CAMP-009,Startup Founder Leads,LinkedIn Ads,Lead Generation,Europe,Returning Customers,Mobile,5077,72,4,347.26,702.48
REC-004827,2026-02-25,CAMP-018,Programmatic Market Reach,Display Ads,Brand Awareness,North America,Students & Young Professionals,Mobile,42862,225,1,162.3,33.44
REC-005066,2026-03-19,CAMP-007,B2B Decision Makers,LinkedIn Ads,Lead Generation,North America,New Customers,Tablet,4916,58,4,353.92,560.05
REC-005599,2026-05-06,CAMP-016,Video Reach Accelerator,YouTube Ads,Brand Awareness,North America,Small Business Owners,Desktop,19105,154,2,205.84,261.88
REC-003197,2025-10-10,CAMP-016,Video Reach Accelerator,YouTube Ads,Brand Awareness,Europe,Students & Young Professionals,Desktop,23062,162,3,143.71,160.46
REC-004778,2026-02-21,CAMP-015,Monthly Product Digest,Email,Customer Nurture,Asia-Pacific,Returning Customers,Tablet,7813,307,26,82.39,3211.51
REC-001633,2025-05-23,CAMP-019,Display Retargeting Loop,Display Ads,Retargeting,Europe,Students & Young Professionals,Desktop,22966,123,3,108.93,273.11
REC-003456,2025-11-01,CAMP-001,Search Growth Engine,Google Ads,Always-on Acquisition,North America,New Customers,Desktop,9195,445,20,878.7,2183.35
REC-003159,2025-10-07,CAMP-020,Creator Partnership Series,Influencer,Influencer Partnership,Asia-Pacific,Small Business Owners,Mobile,32743,1237,44,1154.67,7096.35
REC-001659,2025-05-25,CAMP-004,Social Scale Prospecting,Meta Ads,Prospecting,Asia-Pacific,Small Business Owners,Desktop,5725,122,6,151.86,954.9
REC-003040,2025-09-26,CAMP-008,Executive Thought Leadership,LinkedIn Ads,Brand Awareness,North America,Returning Customers,Mobile,5094,48,2,384.01,147.67
REC-004332,2026-01-13,CAMP-018,Programmatic Market Reach,Display Ads,Brand Awareness,North America,New Customers,Desktop,24172,69,0,68.45,0.0
REC-005633,2026-05-09,CAMP-012,Youth Engagement Sprint,TikTok Ads,Engagement,Europe,Small Business Owners,Mobile,23156,317,5,353.03,582.53
REC-004028,2025-12-18,CAMP-012,Youth Engagement Sprint,TikTok Ads,Engagement,North America,Returning Customers,Desktop,44351,731,26,813.8,2206.18
REC-004881,2026-03-02,CAMP-012,Youth Engagement Sprint,TikTok Ads,Engagement,Latin America,Students & Young Professionals,Desktop,12236,186,3,153.02,151.44
REC-004699,2026-02-14,CAMP-021,Micro Creator Conversion,Influencer,Influencer Partnership,Latin America,Students & Young Professionals,Desktop,31702,870,30,767.34,1958.59
REC-005896,2026-05-31,CAMP-004,Social Scale Prospecting,Meta Ads,Prospecting,North America,Enterprise Decision Makers,Desktop,8620,120,5,156.02,1173.79
REC-000209,2025-01-19,CAMP-016,Video Reach Accelerator,YouTube Ads,Brand Awareness,MENA,New Customers,Mobile,8522,73,1,54.59,69.04
REC-000089,2025-01-08,CAMP-018,Programmatic Market Reach,Display Ads,Brand Awareness,Europe,New Customers,Mobile,46251,200,1,178.13,64.3
REC-003541,2025-11-08,CAMP-015,Monthly Product Digest,Email,Customer Nurture,Latin America,New Customers,Mobile,8377,501,33,98.71,3049.1
REC-005522,2026-04-29,CAMP-018,Programmatic Market Reach,Display Ads,Brand Awareness,Latin America,Small Business Owners,Mobile,16539,68,1,62.49,76.48
REC-003451,2025-11-01,CAMP-015,Monthly Product Digest,Email,Customer Nurture,Europe,Returning Customers,Mobile,2946,133,12,38.45,1198.31
REC-000850,2025-03-16,CAMP-014,Win Back Customers,Email,Reactivation,Asia-Pacific,New Customers,Mobile,11710,749,113,128.64,10510.36
REC-002349,2025-07-30,CAMP-024,Mobile App Acquisition,Google Ads,App Acquisition,North America,Returning Customers,Mobile,19865,906,65,1645.24,5352.98
REC-005933,2026-06-03,CAMP-001,Search Growth Engine,Google Ads,Always-on Acquisition,North America,Returning Customers,Desktop,16128,695,51,1113.49,6031.85
REC-000749,2025-03-07,CAMP-006,Seasonal Offer Push,Meta Ads,Seasonal Promotion,North America,Small Business Owners,Desktop,20945,499,22,510.42,2464.87
REC-003659,2025-11-18,CAMP-013,Lifecycle Nurture,Email,Customer Nurture,North America,New Customers,Mobile,3106,234,24,42.73,1949.13
REC-004531,2026-01-30,CAMP-021,Micro Creator Conversion,Influencer,Influencer Partnership,Asia-Pacific,Students & Young Professionals,Desktop,32622,779,22,688.11,1864.92
REC-004664,2026-02-11,CAMP-020,Creator Partnership Series,Influencer,Influencer Partnership,MENA,New Customers,Mobile,46988,1599,45,1379.79,4188.35
REC-004888,2026-03-02,CAMP-018,Programmatic Market Reach,Display Ads,Brand Awareness,MENA,Small Business Owners,Desktop,30917,79,1,85.39,68.27
REC-006020,2026-06-11,CAMP-009,Startup Founder Leads,LinkedIn Ads,Lead Generation,Latin America,New Customers,Mobile,2265,35,3,177.1,355.37
REC-003707,2025-11-22,CAMP-003,High Intent Retargeting,Google Ads,Retargeting,MENA,Small Business Owners,Mobile,19284,1269,130,2077.36,19729.94
REC-004786,2026-02-21,CAMP-017,Product Demo Views,YouTube Ads,Product Education,North America,Small Business Owners,Mobile,25591,239,3,268.58,434.27
REC-003574,2025-11-11,CAMP-022,Holiday Revenue Boost,Meta Ads,Seasonal Promotion,North America,New Customers,Mobile,10908,233,11,304.02,1177.67
REC-001736,2025-06-01,CAMP-016,Video Reach Accelerator,YouTube Ads,Brand Awareness,Europe,New Customers,Mobile,11341,80,1,66.99,60.07
REC-002609,2025-08-20,CAMP-019,Display Retargeting Loop,Display Ads,Retargeting,North America,Enterprise Decision Makers,Desktop,36548,250,8,152.2,2215.31
REC-003419,2025-10-29,CAMP-013,Lifecycle Nurture,Email,Customer Nurture,Asia-Pacific,Students & Young Professionals,Desktop,14712,1012,74,156.32,4133.1
REC-001693,2025-05-28,CAMP-013,Lifecycle Nurture,Email,Customer Nurture,Latin America,New Customers,Tablet,8047,425,27,101.05,2940.31
REC-005810,2026-05-24,CAMP-009,Startup Founder Leads,LinkedIn Ads,Lead Generation,MENA,Enterprise Decision Makers,Mobile,1457,27,3,121.33,1232.96
REC-001832,2025-06-11,CAMP-001,Search Growth Engine,Google Ads,Always-on Acquisition,North America,Returning Customers,Mobile,15175,734,47,1241.06,5015.46
REC-000160,2025-01-14,CAMP-013,Lifecycle Nurture,Email,Customer Nurture,North America,Small Business Owners,Desktop,5187,273,45,72.3,5371.43
REC-001301,2025-04-23,CAMP-009,Startup Founder Leads,LinkedIn Ads,Lead Generation,Europe,Returning Customers,Desktop,3176,33,3,167.68,478.11
REC-001732,2025-06-01,CAMP-013,Lifecycle Nurture,Email,Customer Nurture,North America,Students & Young Professionals,Mobile,7489,396,32,91.97,1974.04
REC-004254,2026-01-06,CAMP-015,Monthly Product Digest,Email,Customer Nurture,MENA,Enterprise Decision Makers,Mobile,11475,749,74,124.14,17143.94
REC-005076,2026-03-20,CAMP-014,Win Back Customers,Email,Reactivation,Asia-Pacific,New Customers,Desktop,10994,486,73,118.77,8195.6
REC-000367,2025-02-02,CAMP-021,Micro Creator Conversion,Influencer,Influencer Partnership,MENA,Students & Young Professionals,Desktop,9520,321,10,301.39,683.8
REC-003490,2025-11-04,CAMP-013,Lifecycle Nurture,Email,Customer Nurture,Europe,Small Business Owners,Mobile,16830,978,78,180.89,10009.02
REC-002387,2025-08-02,CAMP-019,Display Retargeting Loop,Display Ads,Retargeting,MENA,Returning Customers,Mobile,12228,123,1,82.59,134.96
REC-006097,2026-06-18,CAMP-017,Product Demo Views,YouTube Ads,Product Education,MENA,New Customers,Mobile,34327,368,5,300.47,551.9
REC-000775,2025-03-10,CAMP-024,Mobile App Acquisition,Google Ads,App Acquisition,Europe,Enterprise Decision Makers,Desktop,4553,166,8,268.21,1208.49
REC-006214,2026-06-29,CAMP-024,Mobile App Acquisition,Google Ads,App Acquisition,North America,Students & Young Professionals,Mobile,11627,615,21,1297.76,1019.05
REC-001671,2025-05-26,CAMP-008,Executive Thought Leadership,LinkedIn Ads,Brand Awareness,Europe,Small Business Owners,Mobile,5584,66,3,395.36,239.12
REC-001495,2025-05-10,CAMP-023,Enterprise Pipeline Builder,LinkedIn Ads,Lead Generation,MENA,Students & Young Professionals,Tablet,8050,111,5,543.55,647.66
REC-000708,2025-03-03,CAMP-021,Micro Creator Conversion,Influencer,Influencer Partnership,Asia-Pacific,New Customers,Mobile,22488,842,23,707.02,2143.02
REC-005389,2026-04-17,CAMP-014,Win Back Customers,Email,Reactivation,Asia-Pacific,Students & Young Professionals,Mobile,11787,724,45,128.5,3558.67
REC-004177,2025-12-30,CAMP-010,Short Video Discovery,TikTok Ads,Prospecting,Asia-Pacific,New Customers,Desktop,11339,163,3,131.36,311.89
REC-000558,2025-02-18,CAMP-008,Executive Thought Leadership,LinkedIn Ads,Brand Awareness,MENA,New Customers,Mobile,5135,56,1,246.58,50.39
REC-000079,2025-01-07,CAMP-018,Programmatic Market Reach,Display Ads,Brand Awareness,MENA,New Customers,Mobile,36215,167,1,115.84,62.58
REC-000217,2025-01-19,CAMP-018,Programmatic Market Reach,Display Ads,Brand Awareness,North America,Returning Customers,Desktop,28783,107,2,70.73,160.6
REC-000754,2025-03-07,CAMP-012,Youth Engagement Sprint,TikTok Ads,Engagement,North America,Returning Customers,Desktop,11275,106,3,99.83,218.17
REC-002696,2025-08-28,CAMP-024,Mobile App Acquisition,Google Ads,App Acquisition,North America,New Customers,Mobile,10155,311,12,686.46,691.15
REC-002431,2025-08-05,CAMP-001,Search Growth Engine,Google Ads,Always-on Acquisition,North America,Small Business Owners,Mobile,6569,324,13,521.93,2146.99
REC-001112,2025-04-07,CAMP-004,Social Scale Prospecting,Meta Ads,Prospecting,North America,Returning Customers,Mobile,20884,441,13,578.04,1458.19
REC-004503,2026-01-27,CAMP-003,High Intent Retargeting,Google Ads,Retargeting,Europe,Returning Customers,Mobile,8483,691,59,1106.33,9524.77
REC-005813,2026-05-24,CAMP-018,Programmatic Market Reach,Display Ads,Brand Awareness,Asia-Pacific,New Customers,Desktop,38651,163,1,116.36,47.42
REC-001629,2025-05-22,CAMP-016,Video Reach Accelerator,YouTube Ads,Brand Awareness,Europe,New Customers,Desktop,15564,127,1,148.0,71.98
REC-001966,2025-06-23,CAMP-007,B2B Decision Makers,LinkedIn Ads,Lead Generation,Europe,Enterprise Decision Makers,Mobile,5381,67,5,412.83,1819.17
REC-000090,2025-01-08,CAMP-013,Lifecycle Nurture,Email,Customer Nurture,MENA,Students & Young Professionals,Mobile,3729,213,14,47.16,1150.81
REC-005171,2026-03-29,CAMP-024,Mobile App Acquisition,Google Ads,App Acquisition,Europe,New Customers,Desktop,6168,163,10,262.36,671.2
REC-001542,2025-05-14,CAMP-011,Creator Product Launch,TikTok Ads,Product Launch,Asia-Pacific,New Customers,Mobile,8009,143,3,134.47,303.73
REC-002290,2025-07-24,CAMP-018,Programmatic Market Reach,Display Ads,Brand Awareness,North America,Students & Young Professionals,Mobile,8401,28,0,41.28,0.0
REC-002653,2025-08-24,CAMP-001,Search Growth Engine,Google Ads,Always-on Acquisition,North America,Returning Customers,Mobile,2827,155,10,300.89,1427.67
REC-002035,2025-06-30,CAMP-013,Lifecycle Nurture,Email,Customer Nurture,MENA,New Customers,Mobile,2433,162,15,42.03,1670.25
REC-001726,2025-05-31,CAMP-002,Brand Demand Capture,Google Ads,Brand Awareness,Europe,Small Business Owners,Mobile,20221,700,21,1033.01,2237.41
REC-002169,2025-07-13,CAMP-019,Display Retargeting Loop,Display Ads,Retargeting,Europe,Small Business Owners,Mobile,28180,286,4,167.83,572.45
REC-003976,2025-12-14,CAMP-004,Social Scale Prospecting,Meta Ads,Prospecting,Asia-Pacific,Enterprise Decision Makers,Desktop,24850,428,27,409.7,7000.61
REC-003950,2025-12-12,CAMP-018,Programmatic Market Reach,Display Ads,Brand Awareness,North America,New Customers,Mobile,21235,74,0,76.35,0.0
REC-003878,2025-12-06,CAMP-007,B2B Decision Makers,LinkedIn Ads,Lead Generation,MENA,New Customers,Mobile,10773,180,10,772.25,1271.65
REC-006004,2026-06-10,CAMP-003,High Intent Retargeting,Google Ads,Retargeting,MENA,New Customers,Desktop,14469,951,75,1505.7,9402.87
REC-000242,2025-01-22,CAMP-009,Startup Founder Leads,LinkedIn Ads,Lead Generation,Asia-Pacific,New Customers,Mobile,3844,70,6,298.3,886.83
REC-004652,2026-02-10,CAMP-019,Display Retargeting Loop,Display Ads,Retargeting,Europe,Students & Young Professionals,Desktop,14302,120,1,89.49,66.69
REC-005376,2026-04-16,CAMP-004,Social Scale Prospecting,Meta Ads,Prospecting,Europe,Students & Young Professionals,Mobile,5026,116,3,125.0,254.85
REC-002274,2025-07-23,CAMP-013,Lifecycle Nurture,Email,Customer Nurture,MENA,Small Business Owners,Mobile,5576,294,26,69.58,3316.62
REC-000049,2025-01-05,CAMP-023,Enterprise Pipeline Builder,LinkedIn Ads,Lead Generation,Latin America,Students & Young Professionals,Mobile,4338,90,7,360.96,835.45
REC-000993,2025-03-28,CAMP-021,Micro Creator Conversion,Influencer,Influencer Partnership,Europe,New Customers,Desktop,14300,440,20,411.83,1842.32
REC-004554,2026-02-01,CAMP-019,Display Retargeting Loop,Display Ads,Retargeting,Asia-Pacific,Returning Customers,Tablet,19949,140,3,102.45,433.71
REC-001656,2025-05-25,CAMP-012,Youth Engagement Sprint,TikTok Ads,Engagement,North America,New Customers,Mobile,8922,117,2,163.82,113.58
REC-004957,2026-03-09,CAMP-012,Youth Engagement Sprint,TikTok Ads,Engagement,North America,Small Business Owners,Desktop,24987,357,8,367.02,934.32
REC-001531,2025-05-13,CAMP-008,Executive Thought Leadership,LinkedIn Ads,Brand Awareness,MENA,Returning Customers,Mobile,7110,54,1,284.11,60.66
REC-002795,2025-09-06,CAMP-023,Enterprise Pipeline Builder,LinkedIn Ads,Lead Generation,North America,Students & Young Professionals,Desktop,1984,29,2,179.66,254.92
REC-002006,2025-06-27,CAMP-021,Micro Creator Conversion,Influencer,Influencer Partnership,Europe,Small Business Owners,Mobile,21642,746,33,654.11,4147.71
REC-004926,2026-03-06,CAMP-015,Monthly Product Digest,Email,Customer Nurture,Europe,Enterprise Decision Makers,Mobile,1968,133,14,34.25,3235.25
REC-004090,2025-12-23,CAMP-003,High Intent Retargeting,Google Ads,Retargeting,North America,Returning Customers,Mobile,12346,858,98,1419.84,16169.66
REC-001583,2025-05-18,CAMP-001,Search Growth Engine,Google Ads,Always-on Acquisition,Europe,Students & Young Professionals,Desktop,3473,168,10,285.87,726.84
REC-005254,2026-04-05,CAMP-005,Cart Recovery Social,Meta Ads,Retargeting,Asia-Pacific,Enterprise Decision Makers,Desktop,13478,467,35,506.61,11213.35
REC-001476,2025-05-08,CAMP-018,Programmatic Market Reach,Display Ads,Brand Awareness,Europe,New Customers,Mobile,12158,50,1,73.31,57.53
REC-003986,2025-12-15,CAMP-004,Social Scale Prospecting,Meta Ads,Prospecting,North America,Students & Young Professionals,Mobile,15772,295,7,405.34,502.25
REC-003202,2025-10-11,CAMP-019,Display Retargeting Loop,Display Ads,Retargeting,North America,New Customers,Desktop,43639,370,9,237.44,829.52
REC-004204,2026-01-01,CAMP-002,Brand Demand Capture,Google Ads,Brand Awareness,Europe,Returning Customers,Tablet,10990,192,9,286.53,724.72
REC-000948,2025-03-24,CAMP-024,Mobile App Acquisition,Google Ads,App Acquisition,Latin America,Students & Young Professionals,Desktop,6160,174,8,269.84,280.28
REC-002694,2025-08-28,CAMP-014,Win Back Customers,Email,Reactivation,Latin America,New Customers,Mobile,7137,403,67,92.13,6405.93
REC-000992,2025-03-28,CAMP-012,Youth Engagement Sprint,TikTok Ads,Engagement,North America,Returning Customers,Desktop,16863,139,5,146.19,416.61
REC-004132,2025-12-26,CAMP-021,Micro Creator Conversion,Influencer,Influencer Partnership,Asia-Pacific,New Customers,Mobile,17197,711,22,480.02,1840.78
REC-003009,2025-09-24,CAMP-007,B2B Decision Makers,LinkedIn Ads,Lead Generation,Latin America,Returning Customers,Desktop,2813,31,5,116.96,774.59
REC-000127,2025-01-11,CAMP-008,Executive Thought Leadership,LinkedIn Ads,Brand Awareness,MENA,Enterprise Decision Makers,Desktop,1862,15,2,77.13,268.67
REC-005527,2026-04-29,CAMP-003,High Intent Retargeting,Google Ads,Retargeting,Europe,Enterprise Decision Makers,Tablet,5341,229,23,466.22,6660.13
REC-003715,2025-11-22,CAMP-001,Search Growth Engine,Google Ads,Always-on Acquisition,Asia-Pacific,Enterprise Decision Makers,Mobile,15028,722,43,978.28,13228.8
REC-006196,2026-06-27,CAMP-014,Win Back Customers,Email,Reactivation,MENA,New Customers,Desktop,3661,187,33,51.84,3118.47
REC-005142,2026-03-26,CAMP-018,Programmatic Market Reach,Display Ads,Brand Awareness,North America,New Customers,Mobile,52370,170,0,127.09,0.0
REC-003279,2025-10-18,CAMP-014,Win Back Customers,Email,Reactivation,Europe,New Customers,Mobile,2340,131,17,33.88,1640.64
REC-002393,2025-08-02,CAMP-009,Startup Founder Leads,LinkedIn Ads,Lead Generation,North America,Small Business Owners,Desktop,7191,101,7,682.3,1447.46
REC-001071,2025-04-04,CAMP-009,Startup Founder Leads,LinkedIn Ads,Lead Generation,North America,Students & Young Professionals,Mobile,3011,46,2,246.9,166.93
REC-000573,2025-02-19,CAMP-023,Enterprise Pipeline Builder,LinkedIn Ads,Lead Generation,North America,New Customers,Desktop,6608,104,9,518.51,1540.72
REC-005350,2026-04-14,CAMP-012,Youth Engagement Sprint,TikTok Ads,Engagement,North America,New Customers,Mobile,34501,492,9,396.41,648.93
REC-005860,2026-05-28,CAMP-010,Short Video Discovery,TikTok Ads,Prospecting,North America,Students & Young Professionals,Mobile,27266,413,6,402.86,442.0
REC-003825,2025-12-01,CAMP-012,Youth Engagement Sprint,TikTok Ads,Engagement,Asia-Pacific,Students & Young Professionals,Desktop,36469,524,12,450.11,669.6
REC-005135,2026-03-25,CAMP-008,Executive Thought Leadership,LinkedIn Ads,Brand Awareness,MENA,Returning Customers,Desktop,4175,26,2,153.23,148.09
REC-003388,2025-10-27,CAMP-017,Product Demo Views,YouTube Ads,Product Education,Europe,Returning Customers,Mobile,24786,282,5,255.12,553.05
REC-005618,2026-05-08,CAMP-008,Executive Thought Leadership,LinkedIn Ads,Brand Awareness,Latin America,Students & Young Professionals,Mobile,6043,88,3,441.48,88.13
REC-005451,2026-04-22,CAMP-001,Search Growth Engine,Google Ads,Always-on Acquisition,Asia-Pacific,Small Business Owners,Mobile,6398,305,17,537.37,2174.31
REC-000696,2025-03-02,CAMP-002,Brand Demand Capture,Google Ads,Brand Awareness,Asia-Pacific,Students & Young Professionals,Mobile,10752,422,9,685.79,457.82
REC-002271,2025-07-22,CAMP-017,Product Demo Views,YouTube Ads,Product Education,MENA,Small Business Owners,Mobile,32877,430,5,333.16,631.52
REC-000318,2025-01-29,CAMP-002,Brand Demand Capture,Google Ads,Brand Awareness,Europe,New Customers,Mobile,5819,265,11,541.83,629.09
REC-006229,2026-06-30,CAMP-005,Cart Recovery Social,Meta Ads,Retargeting,MENA,Returning Customers,Mobile,16790,709,42,693.37,5521.24
REC-001947,2025-06-22,CAMP-005,Cart Recovery Social,Meta Ads,Retargeting,Europe,Returning Customers,Mobile,12642,415,31,400.33,3572.72
REC-001822,2025-06-10,CAMP-017,Product Demo Views,YouTube Ads,Product Education,Europe,Enterprise Decision Makers,Mobile,14371,164,3,155.93,907.2
REC-002163,2025-07-13,CAMP-009,Startup Founder Leads,LinkedIn Ads,Lead Generation,North America,Students & Young Professionals,Mobile,5787,102,4,557.56,421.99
REC-004031,2025-12-18,CAMP-007,B2B Decision Makers,LinkedIn Ads,Lead Generation,Europe,Returning Customers,Mobile,7192,97,13,430.71,1665.32
REC-004470,2026-01-25,CAMP-010,Short Video Discovery,TikTok Ads,Prospecting,North America,Students & Young Professionals,Mobile,23791,420,7,349.04,425.43
REC-001700,2025-05-29,CAMP-015,Monthly Product Digest,Email,Customer Nurture,North America,New Customers,Desktop,9173,395,32,105.27,3012.13
REC-003681,2025-11-20,CAMP-001,Search Growth Engine,Google Ads,Always-on Acquisition,North America,Small Business Owners,Mobile,20734,1214,98,2462.94,11817.68
REC-001552,2025-05-15,CAMP-012,Youth Engagement Sprint,TikTok Ads,Engagement,Europe,New Customers,Mobile,30961,578,7,465.97,432.36
REC-001513,2025-05-11,CAMP-009,Startup Founder Leads,LinkedIn Ads,Lead Generation,MENA,Small Business Owners,Desktop,4763,71,8,337.5,1611.29
REC-004341,2026-01-14,CAMP-018,Programmatic Market Reach,Display Ads,Brand Awareness,Latin America,Returning Customers,Desktop,46069,179,1,98.63,64.71
REC-000666,2025-02-27,CAMP-018,Programmatic Market Reach,Display Ads,Brand Awareness,Europe,Students & Young Professionals,Mobile,49083,206,1,145.19,35.91
REC-003692,2025-11-20,CAMP-007,B2B Decision Makers,LinkedIn Ads,Lead Generation,North America,New Customers,Desktop,6123,94,7,579.22,744.39
REC-001164,2025-04-11,CAMP-014,Win Back Customers,Email,Reactivation,Latin America,Students & Young Professionals,Mobile,9108,572,37,106.59,3218.04
REC-003762,2025-11-26,CAMP-005,Cart Recovery Social,Meta Ads,Retargeting,Asia-Pacific,Enterprise Decision Makers,Desktop,6529,200,13,187.18,4305.19
REC-000016,2025-01-02,CAMP-002,Brand Demand Capture,Google Ads,Brand Awareness,MENA,Small Business Owners,Mobile,13665,535,22,893.17,1933.06
REC-000888,2025-03-19,CAMP-009,Startup Founder Leads,LinkedIn Ads,Lead Generation,Europe,Enterprise Decision Makers,Mobile,3702,67,6,349.05,1752.34
REC-003027,2025-09-25,CAMP-017,Product Demo Views,YouTube Ads,Product Education,North America,Students & Young Professionals,Mobile,44585,481,5,532.16,410.48
REC-006190,2026-06-27,CAMP-013,Lifecycle Nurture,Email,Customer Nurture,North America,Returning Customers,Mobile,9111,742,81,99.94,10548.53
REC-005507,2026-04-27,CAMP-006,Seasonal Offer Push,Meta Ads,Seasonal Promotion,North America,Students & Young Professionals,Mobile,8002,207,6,271.21,400.51
REC-004099,2025-12-24,CAMP-017,Product Demo Views,YouTube Ads,Product Education,North America,New Customers,Desktop,30538,249,3,262.6,284.74
REC-001483,2025-05-09,CAMP-008,Executive Thought Leadership,LinkedIn Ads,Brand Awareness,Latin America,Returning Customers,Mobile,5291,48,3,185.9,158.09
REC-003336,2025-10-22,CAMP-008,Executive Thought Leadership,LinkedIn Ads,Brand Awareness,Europe,Small Business Owners,Mobile,3214,41,1,294.68,59.3
REC-003952,2025-12-12,CAMP-013,Lifecycle Nurture,Email,Customer Nurture,Asia-Pacific,New Customers,Desktop,3617,237,21,43.07,2174.48
REC-002856,2025-09-11,CAMP-010,Short Video Discovery,TikTok Ads,Prospecting,Latin America,Students & Young Professionals,Mobile,7593,132,2,102.41,122.66
REC-006231,2026-06-30,CAMP-020,Creator Partnership Series,Influencer,Influencer Partnership,North America,Small Business Owners,Desktop,27340,846,38,641.53,5351.07
REC-002926,2025-09-17,CAMP-009,Startup Founder Leads,LinkedIn Ads,Lead Generation,MENA,Returning Customers,Mobile,7945,124,11,593.63,2002.6
REC-005786,2026-05-22,CAMP-018,Programmatic Market Reach,Display Ads,Brand Awareness,North America,Enterprise Decision Makers,Mobile,12954,36,1,32.73,148.15
REC-005028,2026-03-15,CAMP-007,B2B Decision Makers,LinkedIn Ads,Lead Generation,Europe,Small Business Owners,Desktop,5872,89,9,423.58,1597.61
REC-005346,2026-04-13,CAMP-018,Programmatic Market Reach,Display Ads,Brand Awareness,Europe,New Customers,Desktop,35108,145,1,118.13,49.11
REC-000288,2025-01-26,CAMP-020,Creator Partnership Series,Influencer,Influencer Partnership,Europe,Enterprise Decision Makers,Mobile,10491,255,8,224.33,1812.42
REC-005646,2026-05-10,CAMP-005,Cart Recovery Social,Meta Ads,Retargeting,Europe,New Customers,Mobile,20957,515,27,627.43,2263.51
REC-000139,2025-01-12,CAMP-012,Youth Engagement Sprint,TikTok Ads,Engagement,Asia-Pacific,Returning Customers,Desktop,26521,352,10,287.6,1055.22
REC-002547,2025-08-15,CAMP-011,Creator Product Launch,TikTok Ads,Product Launch,Europe,Returning Customers,Mobile,21971,354,14,318.55,1565.76
REC-002917,2025-09-16,CAMP-018,Programmatic Market Reach,Display Ads,Brand Awareness,MENA,Students & Young Professionals,Desktop,15235,42,0,33.53,0.0
REC-005487,2026-04-26,CAMP-017,Product Demo Views,YouTube Ads,Product Education,Europe,Enterprise Decision Makers,Mobile,11804,134,2,152.35,645.01
REC-004691,2026-02-13,CAMP-023,Enterprise Pipeline Builder,LinkedIn Ads,Lead Generation,North America,Enterprise Decision Makers,Mobile,3991,79,5,507.4,1826.92
REC-000454,2025-02-09,CAMP-008,Executive Thought Leadership,LinkedIn Ads,Brand Awareness,North America,New Customers,Mobile,4231,32,1,240.2,53.85
REC-006003,2026-06-10,CAMP-017,Product Demo Views,YouTube Ads,Product Education,Latin America,Returning Customers,Mobile,27976,286,7,212.63,813.11
REC-000826,2025-03-14,CAMP-010,Short Video Discovery,TikTok Ads,Prospecting,North America,Returning Customers,Mobile,18201,322,10,237.56,988.68
REC-006240,2026-06-30,CAMP-018,Programmatic Market Reach,Display Ads,Brand Awareness,Europe,Small Business Owners,Mobile,30928,95,1,69.01,66.56
REC-002787,2025-09-05,CAMP-020,Creator Partnership Series,Influencer,Influencer Partnership,North America,Students & Young Professionals,Desktop,50564,1316,45,920.57,3489.24
REC-004655,2026-02-10,CAMP-002,Brand Demand Capture,Google Ads,Brand Awareness,MENA,Enterprise Decision Makers,Desktop,6342,161,11,208.13,2173.86
REC-001279,2025-04-21,CAMP-001,Search Growth Engine,Google Ads,Always-on Acquisition,Europe,New Customers,Mobile,3296,118,3,222.14,259.1
REC-005151,2026-03-27,CAMP-007,B2B Decision Makers,LinkedIn Ads,Lead Generation,Asia-Pacific,Small Business Owners,Mobile,2718,56,4,313.64,824.6
REC-002020,2025-06-28,CAMP-002,Brand Demand Capture,Google Ads,Brand Awareness,MENA,Students & Young Professionals,Desktop,3988,92,2,170.33,89.42
REC-000132,2025-01-12,CAMP-017,Product Demo Views,YouTube Ads,Product Education,North America,New Customers,Desktop,6735,77,1,65.52,108.71
REC-004082,2025-12-23,CAMP-013,Lifecycle Nurture,Email,Customer Nurture,North America,Returning Customers,Desktop,8579,428,52,101.96,6079.08
REC-002185,2025-07-14,CAMP-007,B2B Decision Makers,LinkedIn Ads,Lead Generation,Asia-Pacific,Students & Young Professionals,Desktop,2089,34,3,211.09,226.13
REC-002225,2025-07-18,CAMP-021,Micro Creator Conversion,Influencer,Influencer Partnership,Asia-Pacific,Small Business Owners,Desktop,55749,1671,109,1275.81,15810.62
REC-005742,2026-05-18,CAMP-005,Cart Recovery Social,Meta Ads,Retargeting,Asia-Pacific,Small Business Owners,Desktop,14642,464,30,396.14,3853.55
REC-000335,2025-01-30,CAMP-001,Search Growth Engine,Google Ads,Always-on Acquisition,North America,Small Business Owners,Mobile,19744,872,65,1603.27,8693.16
REC-000665,2025-02-27,CAMP-014,Win Back Customers,Email,Reactivation,Asia-Pacific,Returning Customers,Mobile,8679,507,98,111.75,15155.24
REC-001467,2025-05-07,CAMP-023,Enterprise Pipeline Builder,LinkedIn Ads,Lead Generation,Asia-Pacific,Students & Young Professionals,Mobile,8324,186,11,852.91,1402.1
REC-004318,2026-01-12,CAMP-014,Win Back Customers,Email,Reactivation,North America,Small Business Owners,Desktop,13120,728,158,152.02,30886.32
REC-004665,2026-02-11,CAMP-005,Cart Recovery Social,Meta Ads,Retargeting,MENA,Students & Young Professionals,Mobile,15488,491,18,432.34,1040.8
REC-005541,2026-05-01,CAMP-016,Video Reach Accelerator,YouTube Ads,Brand Awareness,Europe,Students & Young Professionals,Mobile,14736,168,1,173.6,60.57
REC-004319,2026-01-12,CAMP-014,Win Back Customers,Email,Reactivation,North America,Returning Customers,Mobile,12177,963,130,139.84,18450.13
REC-005452,2026-04-23,CAMP-017,Product Demo Views,YouTube Ads,Product Education,MENA,New Customers,Mobile,13032,156,3,105.08,297.77
REC-002166,2025-07-13,CAMP-003,High Intent Retargeting,Google Ads,Retargeting,Asia-Pacific,Small Business Owners,Desktop,5838,266,29,445.89,5453.55
REC-005752,2026-05-18,CAMP-008,Executive Thought Leadership,LinkedIn Ads,Brand Awareness,Latin America,Enterprise Decision Makers,Desktop,2315,19,1,109.19,167.44
REC-001685,2025-05-27,CAMP-017,Product Demo Views,YouTube Ads,Product Education,MENA,Returning Customers,Mobile,39050,525,15,392.46,1921.17
REC-000500,2025-02-12,CAMP-001,Search Growth Engine,Google Ads,Always-on Acquisition,Asia-Pacific,Small Business Owners,Mobile,5470,269,12,413.95,1468.89
REC-000998,2025-03-29,CAMP-021,Micro Creator Conversion,Influencer,Influencer Partnership,MENA,New Customers,Tablet,14867,435,11,405.67,1100.54
REC-003690,2025-11-20,CAMP-013,Lifecycle Nurture,Email,Customer Nurture,North America,New Customers,Mobile,15877,962,93,178.67,8749.24
REC-004085,2025-12-23,CAMP-004,Social Scale Prospecting,Meta Ads,Prospecting,Latin America,Returning Customers,Desktop,27407,516,27,411.03,3917.63
REC-000162,2025-01-14,CAMP-020,Creator Partnership Series,Influencer,Influencer Partnership,MENA,Small Business Owners,Mobile,25227,975,41,827.99,5385.86
REC-000559,2025-02-18,CAMP-005,Cart Recovery Social,Meta Ads,Retargeting,Latin America,Enterprise Decision Makers,Desktop,17477,521,36,393.65,9599.79
REC-003099,2025-10-02,CAMP-004,Social Scale Prospecting,Meta Ads,Prospecting,Latin America,New Customers,Mobile,15957,411,11,303.5,1094.2
REC-000610,2025-02-22,CAMP-005,Cart Recovery Social,Meta Ads,Retargeting,Europe,Returning Customers,Mobile,6412,174,8,230.6,936.54
REC-001452,2025-05-06,CAMP-018,Programmatic Market Reach,Display Ads,Brand Awareness,Asia-Pacific,Students & Young Professionals,Mobile,9549,29,0,48.84,0.0
REC-002777,2025-09-04,CAMP-020,Creator Partnership Series,Influencer,Influencer Partnership,Latin America,Students & Young Professionals,Mobile,51451,1698,39,1575.48,2688.78
REC-001202,2025-04-15,CAMP-013,Lifecycle Nurture,Email,Customer Nurture,Europe,New Customers,Tablet,12730,700,50,146.29,4145.52
REC-004121,2025-12-26,CAMP-004,Social Scale Prospecting,Meta Ads,Prospecting,North America,Enterprise Decision Makers,Mobile,16361,267,12,364.6,3822.79
REC-000150,2025-01-13,CAMP-021,Micro Creator Conversion,Influencer,Influencer Partnership,North America,New Customers,Desktop,27843,884,29,604.36,2736.89
REC-005579,2026-05-04,CAMP-013,Lifecycle Nurture,Email,Customer Nurture,Latin America,Small Business Owners,Desktop,4691,324,37,57.78,5284.28
REC-006125,2026-06-21,CAMP-003,High Intent Retargeting,Google Ads,Retargeting,Latin America,Students & Young Professionals,Mobile,10346,729,45,1025.31,3335.63
REC-005108,2026-03-23,CAMP-007,B2B Decision Makers,LinkedIn Ads,Lead Generation,MENA,Returning Customers,Mobile,1436,24,2,110.09,338.38
REC-001507,2025-05-11,CAMP-011,Creator Product Launch,TikTok Ads,Product Launch,North America,Enterprise Decision Makers,Mobile,13945,236,5,249.58,1491.61
REC-003543,2025-11-09,CAMP-022,Holiday Revenue Boost,Meta Ads,Seasonal Promotion,North America,Small Business Owners,Mobile,10281,305,15,370.5,2250.15
REC-003651,2025-11-17,CAMP-016,Video Reach Accelerator,YouTube Ads,Brand Awareness,Asia-Pacific,Students & Young Professionals,Desktop,24347,151,2,153.55,123.73
REC-005632,2026-05-09,CAMP-012,Youth Engagement Sprint,TikTok Ads,Engagement,MENA,Enterprise Decision Makers,Desktop,19947,295,8,234.37,1836.02
REC-001554,2025-05-15,CAMP-002,Brand Demand Capture,Google Ads,Brand Awareness,Asia-Pacific,New Customers,Desktop,17000,501,22,691.7,1781.33
REC-000804,2025-03-12,CAMP-019,Display Retargeting Loop,Display Ads,Retargeting,North America,Returning Customers,Tablet,51228,349,6,234.09,631.77
REC-005687,2026-05-14,CAMP-023,Enterprise Pipeline Builder,LinkedIn Ads,Lead Generation,Europe,New Customers,Mobile,2062,34,2,225.88,300.75
REC-005043,2026-03-17,CAMP-019,Display Retargeting Loop,Display Ads,Retargeting,Europe,New Customers,Mobile,44082,371,5,216.32,576.35
REC-004783,2026-02-21,CAMP-016,Video Reach Accelerator,YouTube Ads,Brand Awareness,Asia-Pacific,Students & Young Professionals,Mobile,20847,205,2,161.42,108.96
REC-004419,2026-01-20,CAMP-020,Creator Partnership Series,Influencer,Influencer Partnership,Asia-Pacific,Small Business Owners,Mobile,23894,874,29,744.99,3505.99
REC-000341,2025-01-30,CAMP-024,Mobile App Acquisition,Google Ads,App Acquisition,MENA,New Customers,Mobile,15100,614,27,865.19,1830.68
REC-001512,2025-05-11,CAMP-009,Startup Founder Leads,LinkedIn Ads,Lead Generation,Europe,Enterprise Decision Makers,Desktop,3818,63,8,329.29,2521.05
REC-005938,2026-06-04,CAMP-018,Programmatic Market Reach,DISPLAY ADS,Brand Awareness,Europe,Small Business Owners,Desktop,45239,137,1,92.29,94.11
REC-000877,2025-03-18,CAMP-023,Enterprise Pipeline Builder,LinkedIn Ads,Lead Generation,MENA,New Customers,Desktop,8225,135,17,592.56,2877.91
REC-001753,2025-06-03,CAMP-005,Cart Recovery Social,Meta Ads,Retargeting,Europe,New Customers,Desktop,26853,677,41,554.02,4609.0
REC-001127,2025-04-08,CAMP-018,Programmatic Market Reach,Display Ads,Brand Awareness,Latin America,Small Business Owners,Mobile,31461,114,1,74.18,77.51
REC-004832,2026-02-25,CAMP-019,Display Retargeting Loop,Display Ads,Retargeting,Europe,Returning Customers,Mobile,39227,396,9,212.48,1132.53
REC-002987,2025-09-22,CAMP-024,Mobile App Acquisition,Google Ads,App Acquisition,North America,Small Business Owners,Mobile,21179,917,47,1730.29,4070.0
REC-002593,2025-08-19,CAMP-013,Lifecycle Nurture,Email,Customer Nurture,Asia-Pacific,Returning Customers,Desktop,4607,242,41,65.84,5177.84
REC-006220,2026-06-29,CAMP-001,Search Growth Engine,Google Ads,Always-on Acquisition,Europe,Students & Young Professionals,Mobile,15875,599,23,850.32,1332.06
REC-003338,2025-10-22,CAMP-010,Short Video Discovery,TikTok Ads,Prospecting,Asia-Pacific,Small Business Owners,Mobile,29610,591,11,429.19,1518.21
REC-006055,2026-06-14,CAMP-012,Youth Engagement Sprint,TikTok Ads,Engagement,MENA,Returning Customers,Desktop,18008,258,6,204.86,476.14
REC-001543,2025-05-14,CAMP-013,Lifecycle Nurture,Email,Customer Nurture,MENA,Students & Young Professionals,Mobile,3904,258,19,59.57,1564.28
REC-003285,2025-10-18,CAMP-015,Monthly Product Digest,Email,Customer Nurture,North America,Students & Young Professionals,Mobile,8063,351,21,84.19,1506.67
REC-003174,2025-10-08,CAMP-012,Youth Engagement Sprint,TikTok Ads,Engagement,Europe,Returning Customers,Mobile,37469,444,9,334.19,909.07
REC-003712,2025-11-22,CAMP-009,Startup Founder Leads,LinkedIn Ads,Lead Generation,Latin America,New Customers,Mobile,2126,31,1,112.55,118.32
REC-002245,2025-07-20,CAMP-017,Product Demo Views,YouTube Ads,Product Education,North America,Small Business Owners,Mobile,16970,225,5,233.64,888.87
REC-005118,2026-03-24,CAMP-015,Monthly Product Digest,Email,Customer Nurture,Asia-Pacific,Small Business Owners,Mobile,9145,550,44,105.77,7097.99
REC-000008,2025-01-01,CAMP-020,Creator Partnership Series,Influencer,Influencer Partnership,Asia-Pacific,Enterprise Decision Makers,Desktop,48104,1119,62,1345.12,13911.04
REC-001029,2025-03-31,CAMP-021,Micro Creator Conversion,Influencer,Influencer Partnership,MENA,Returning Customers,Mobile,48201,1642,63,913.45,6295.79
REC-002885,2025-09-14,CAMP-024,Mobile App Acquisition,Google Ads,App Acquisition,North America,Returning Customers,Desktop,5916,246,25,465.19,1540.77
REC-000047,2025-01-05,CAMP-008,Executive Thought Leadership,LinkedIn Ads,Brand Awareness,MENA,Returning Customers,Mobile,4468,53,4,256.51,201.24
REC-000532,2025-02-15,CAMP-001,Search Growth Engine,Google Ads,Always-on Acquisition,Europe,Small Business Owners,Mobile,4218,165,9,324.53,1174.32
REC-002272,2025-07-22,CAMP-005,Cart Recovery Social,Meta Ads,Retargeting,Europe,Returning Customers,Mobile,22793,880,50,805.72,7340.23
REC-003971,2025-12-13,CAMP-018,Programmatic Market Reach,Display Ads,Brand Awareness,Latin America,New Customers,Mobile,39718,129,0,91.53,0.0
REC-004949,2026-03-08,CAMP-013,Lifecycle Nurture,Email,Customer Nurture,MENA,Small Business Owners,Mobile,4918,313,22,65.11,2833.72
REC-006194,2026-06-27,CAMP-017,Product Demo Views,YouTube Ads,Product Education,North America,New Customers,Mobile,23292,247,4,251.9,396.22
REC-002582,2025-08-18,CAMP-019,Display Retargeting Loop,Display Ads,Retargeting,North America,Returning Customers,Desktop,25191,153,5,108.73,544.61
REC-002373,2025-07-31,CAMP-013,Lifecycle Nurture,Email,Customer Nurture,Europe,Returning Customers,Desktop,4112,202,31,54.85,3904.83
REC-004359,2026-01-15,CAMP-007,B2B Decision Makers,LinkedIn Ads,Lead Generation,Europe,Students & Young Professionals,Mobile,6745,134,7,822.4,538.24
REC-002455,2025-08-07,CAMP-013,Lifecycle Nurture,Email,Customer Nurture,Latin America,New Customers,Mobile,10769,570,45,122.95,3519.64
REC-001573,2025-05-16,CAMP-013,Lifecycle Nurture,Email,Customer Nurture,Latin America,New Customers,Desktop,3759,173,25,49.81,2247.73
REC-003756,2025-11-25,CAMP-002,Brand Demand Capture,Google Ads,Brand Awareness,Europe,Enterprise Decision Makers,Mobile,20128,850,37,1440.04,8479.26
REC-001931,2025-06-20,CAMP-002,Brand Demand Capture,Google Ads,Brand Awareness,MENA,New Customers,Mobile,13725,588,17,871.72,1014.39
REC-000235,2025-01-21,CAMP-007,B2B Decision Makers,LinkedIn Ads,Lead Generation,Europe,Students & Young Professionals,Mobile,1849,34,1,170.39,104.69
REC-000093,2025-01-09,CAMP-003,High Intent Retargeting,Google Ads,Retargeting,Europe,New Customers,Mobile,12062,583,53,880.38,5087.13
REC-002564,2025-08-17,CAMP-009,Startup Founder Leads,LinkedIn Ads,Lead Generation,MENA,Students & Young Professionals,Desktop,1333,12,1,48.86,86.4
REC-000859,2025-03-17,CAMP-004,Social Scale Prospecting,Meta Ads,Prospecting,Latin America,Students & Young Professionals,Mobile,14238,282,5,267.43,291.46
REC-003493,2025-11-04,CAMP-003,High Intent Retargeting,Google Ads,Retargeting,North America,Returning Customers,Mobile,9686,657,92,1313.27,15141.22
REC-000482,2025-02-11,CAMP-010,Short Video Discovery,TikTok Ads,Prospecting,MENA,New Customers,Desktop,33985,547,14,287.81,1139.14
REC-003993,2025-12-15,CAMP-014,Win Back Customers,Email,Reactivation,Europe,Small Business Owners,Mobile,12247,766,90,146.42,13185.11
REC-002889,2025-09-14,CAMP-003,High Intent Retargeting,Google Ads,Retargeting,Europe,Small Business Owners,Mobile,14858,967,56,1547.59,10948.92
REC-003191,2025-10-10,CAMP-010,Short Video Discovery,TikTok Ads,Prospecting,Latin America,New Customers,Desktop,13453,206,4,140.67,367.81
REC-005267,2026-04-07,CAMP-008,Executive Thought Leadership,LinkedIn Ads,Brand Awareness,North America,Students & Young Professionals,Desktop,8689,77,2,618.93,62.97
REC-000551,2025-02-17,CAMP-010,Short Video Discovery,TikTok Ads,Prospecting,MENA,Enterprise Decision Makers,Mobile,22953,319,7,201.34,1731.35
REC-005898,2026-05-31,CAMP-010,Short Video Discovery,TikTok Ads,Prospecting,Europe,New Customers,Desktop,8785,126,3,134.65,335.49
REC-002467,2025-08-08,CAMP-007,B2B Decision Makers,LinkedIn Ads,Lead Generation,Europe,Students & Young Professionals,Mobile,6876,126,6,689.31,464.31
REC-002898,2025-09-15,CAMP-008,Executive Thought Leadership,LinkedIn Ads,Brand Awareness,North America,Students & Young Professionals,Mobile,6264,81,2,642.87,73.28
REC-006029,2026-06-12,CAMP-002,Brand Demand Capture,Google Ads,Brand Awareness,Europe,New Customers,Mobile,18368,788,21,1220.77,1274.11
REC-002514,2025-08-12,CAMP-021,Micro Creator Conversion,Influencer,Influencer Partnership,MENA,Students & Young Professionals,Mobile,27369,916,21,842.27,1326.08
REC-003073,2025-09-29,CAMP-023,Enterprise Pipeline Builder,LinkedIn Ads,Lead Generation,Europe,Students & Young Professionals,Desktop,7831,155,12,660.73,1354.54
REC-004948,2026-03-08,CAMP-020,Creator Partnership Series,Influencer,Influencer Partnership,Europe,Small Business Owners,Desktop,13941,311,16,433.62,2305.61
REC-002779,2025-09-04,CAMP-018,Programmatic Market Reach,Display Ads,Brand Awareness,Europe,Students & Young Professionals,Tablet,17455,56,1,34.97,40.77
REC-002430,2025-08-05,CAMP-017,Product Demo Views,YouTube Ads,Product Education,Europe,New Customers,Mobile,16629,140,3,127.48,268.36
REC-005092,2026-03-21,CAMP-012,Youth Engagement Sprint,TikTok Ads,Engagement,North America,New Customers,Mobile,22177,345,6,317.39,359.96
REC-000819,2025-03-13,CAMP-013,Lifecycle Nurture,Email,Customer Nurture,North America,Students & Young Professionals,Mobile,14278,1235,78,173.41,5591.58
REC-000338,2025-01-30,CAMP-016,Video Reach Accelerator,YouTube Ads,Brand Awareness,Europe,Enterprise Decision Makers,Mobile,38197,298,4,234.56,976.64
REC-003090,2025-10-01,CAMP-005,Cart Recovery Social,Meta Ads,Retargeting,Europe,Returning Customers,Tablet,28634,658,31,593.07,3375.43
REC-005787,2026-05-22,CAMP-015,Monthly Product Digest,Email,Customer Nurture,North America,Returning Customers,Mobile,8023,374,35,82.11,4827.94
REC-000323,2025-01-29,CAMP-003,High Intent Retargeting,Google Ads,Retargeting,Europe,Small Business Owners,Desktop,15332,707,81,951.16,11930.17
REC-005530,2026-04-30,CAMP-013,Lifecycle Nurture,Email,Customer Nurture,MENA,Students & Young Professionals,Desktop,7556,554,58,87.81,3872.71
REC-000539,2025-02-16,CAMP-016,Video Reach Accelerator,YouTube Ads,Brand Awareness,Europe,Returning Customers,Desktop,27290,242,5,249.55,531.78
REC-000818,2025-03-13,CAMP-004,Social Scale Prospecting,Meta Ads,Prospecting,MENA,Returning Customers,Mobile,8889,239,9,208.96,956.95
REC-004247,2026-01-06,CAMP-021,Micro Creator Conversion,Influencer,Influencer Partnership,Asia-Pacific,Students & Young Professionals,Mobile,54219,1900,43,1697.46,3189.95
REC-005285,2026-04-08,CAMP-018,Programmatic Market Reach,Display Ads,Brand Awareness,Europe,New Customers,Mobile,16150,60,0,74.77,0.0
REC-005273,2026-04-07,CAMP-019,Display Retargeting Loop,Display Ads,Retargeting,MENA,Small Business Owners,Desktop,40130,279,5,109.28,866.3
REC-000027,2025-01-03,CAMP-004,Social Scale Prospecting,Meta Ads,Prospecting,Europe,New Customers,Mobile,22083,350,10,399.26,1110.37
REC-000394,2025-02-04,CAMP-017,Product Demo Views,YouTube Ads,Product Education,Asia-Pacific,Students & Young Professionals,Mobile,7442,77,1,80.59,66.0
REC-002992,2025-09-22,CAMP-010,Short Video Discovery,TikTok Ads,Prospecting,Europe,Enterprise Decision Makers,Mobile,23830,464,13,409.96,4301.68
REC-002728,2025-08-31,CAMP-013,Lifecycle Nurture,Email,Customer Nurture,Latin America,New Customers,Desktop,8300,455,39,98.58,4114.55
REC-000904,2025-03-21,CAMP-017,Product Demo Views,YouTube Ads,Product Education,North America,Enterprise Decision Makers,Mobile,33639,397,10,359.37,3111.07
REC-005820,2026-05-25,CAMP-008,Executive Thought Leadership,LinkedIn Ads,Brand Awareness,Latin America,Small Business Owners,Mobile,3999,48,1,178.46,80.82
REC-000548,2025-02-17,CAMP-007,B2B Decision Makers,LinkedIn Ads,Lead Generation,MENA,Enterprise Decision Makers,Desktop,3490,57,8,267.48,2811.47
REC-006064,2026-06-15,CAMP-005,Cart Recovery Social,Meta Ads,Retargeting,MENA,Small Business Owners,Mobile,24110,956,46,775.45,6316.15
REC-005872,2026-05-29,CAMP-005,Cart Recovery Social,Meta Ads,Retargeting,Asia-Pacific,Enterprise Decision Makers,Desktop,23802,734,65,755.89,14774.67
REC-004539,2026-01-31,CAMP-007,B2B Decision Makers,LinkedIn Ads,Lead Generation,Asia-Pacific,Enterprise Decision Makers,Mobile,4843,107,13,619.8,5192.27
REC-004347,2026-01-14,CAMP-021,Micro Creator Conversion,Influencer,Influencer Partnership,Europe,New Customers,Mobile,11850,319,11,217.22,1241.19
REC-000126,2025-01-11,CAMP-008,Executive Thought Leadership,LinkedIn Ads,Brand Awareness,Asia-Pacific,Small Business Owners,Desktop,3941,27,2,177.49,160.03
REC-006144,2026-06-23,CAMP-008,Executive Thought Leadership,LinkedIn Ads,Brand Awareness,Europe,New Customers,Mobile,7945,61,2,400.25,105.7
REC-003628,2025-11-15,CAMP-021,Micro Creator Conversion,Influencer,Influencer Partnership,North America,Students & Young Professionals,Desktop,38331,872,33,948.16,2538.23
REC-001983,2025-06-25,CAMP-002,Brand Demand Capture,Google Ads,Brand Awareness,Europe,Small Business Owners,Mobile,13333,527,14,1024.62,1641.99
REC-000136,2025-01-12,CAMP-021,Micro Creator Conversion,Influencer,Influencer Partnership,Asia-Pacific,Returning Customers,Desktop,17842,556,35,480.36,3628.32
REC-001365,2025-04-28,CAMP-016,Video Reach Accelerator,YouTube Ads,Brand Awareness,MENA,Students & Young Professionals,Mobile,36636,241,1,157.73,55.25
REC-001786,2025-06-06,CAMP-010,Short Video Discovery,TikTok Ads,Prospecting,MENA,Returning Customers,Mobile,22267,468,12,341.55,1758.38
REC-006150,2026-06-23,CAMP-007,B2B Decision Makers,LinkedIn Ads,Lead Generation,Latin America,New Customers,Desktop,2192,33,3,181.25,391.32
REC-005003,2026-03-13,CAMP-010,Short Video Discovery,TikTok Ads,Prospecting,North America,New Customers,Desktop,11498,121,4,158.87,402.95
REC-000927,2025-03-23,CAMP-007,B2B Decision Makers,LinkedIn Ads,Lead Generation,MENA,New Customers,Mobile,4635,71,4,292.64,562.49
REC-005745,2026-05-18,CAMP-019,Display Retargeting Loop,Display Ads,Retargeting,North America,Small Business Owners,Desktop,19965,162,3,132.36,436.37
REC-000584,2025-02-20,CAMP-004,Social Scale Prospecting,Meta Ads,Prospecting,Asia-Pacific,Small Business Owners,Mobile,13775,358,9,271.69,1516.02
REC-000107,2025-01-10,CAMP-002,Brand Demand Capture,Google Ads,Brand Awareness,Europe,New Customers,Desktop,4843,112,3,197.92,171.91
REC-001867,2025-06-14,CAMP-015,Monthly Product Digest,Email,Customer Nurture,Europe,Small Business Owners,Desktop,5939,213,17,76.28,2851.44
REC-002998,2025-09-23,CAMP-018,Programmatic Market Reach,Display Ads,Brand Awareness,MENA,Returning Customers,Mobile,38130,170,2,107.86,114.34
REC-004262,2026-01-07,CAMP-019,Display Retargeting Loop,Display Ads,Retargeting,North America,New Customers,Mobile,14096,150,1,113.8,86.84
REC-001406,2025-05-01,CAMP-017,Product Demo Views,YouTube Ads,Product Education,MENA,Small Business Owners,Desktop,10614,91,3,72.51,531.54
REC-000914,2025-03-21,CAMP-018,Programmatic Market Reach,Display Ads,Brand Awareness,North America,New Customers,Tablet,28556,108,0,91.26,0.0
REC-002632,2025-08-22,CAMP-024,Mobile App Acquisition,Google Ads,App Acquisition,MENA,Students & Young Professionals,Desktop,11058,422,20,632.69,952.86
REC-000353,2025-02-01,CAMP-023,Enterprise Pipeline Builder,LinkedIn Ads,Lead Generation,Asia-Pacific,Small Business Owners,Mobile,6868,116,12,504.81,2245.92
REC-004995,2026-03-12,CAMP-003,High Intent Retargeting,Google Ads,Retargeting,Europe,Small Business Owners,Mobile,6683,460,47,733.7,6926.06
REC-001701,2025-05-29,CAMP-015,Monthly Product Digest,Email,Customer Nurture,Asia-Pacific,Returning Customers,Mobile,10941,797,84,115.56,11795.0
REC-000549,2025-02-17,CAMP-011,Creator Product Launch,TikTok Ads,Product Launch,MENA,Enterprise Decision Makers,Tablet,16508,167,4,95.39,899.2
REC-001550,2025-05-14,CAMP-002,Brand Demand Capture,Google Ads,Brand Awareness,Europe,New Customers,Desktop,14868,398,13,552.47,925.85
REC-000153,2025-01-14,CAMP-014,Win Back Customers,Email,Reactivation,Europe,New Customers,Mobile,9409,578,69,101.3,8212.7
REC-001327,2025-04-25,CAMP-012,Youth Engagement Sprint,TikTok Ads,Engagement,North America,New Customers,Desktop,27214,399,8,386.86,587.94
REC-002591,2025-08-19,CAMP-015,Monthly Product Digest,Email,Customer Nurture,North America,Returning Customers,Mobile,11004,513,61,124.99,6764.38
REC-005797,2026-05-23,CAMP-005,Cart Recovery Social,Meta Ads,Retargeting,North America,New Customers,Desktop,19746,464,35,450.17,3119.04
REC-003607,2025-11-14,CAMP-011,Creator Product Launch,TikTok Ads,Product Launch,Asia-Pacific,New Customers,Tablet,17335,206,3,171.83,336.87
REC-003694,2025-11-21,CAMP-023,Enterprise Pipeline Builder,LinkedIn Ads,Lead Generation,North America,Returning Customers,Desktop,3808,69,10,381.87,1884.83
REC-005708,2026-05-15,CAMP-020,Creator Partnership Series,Influencer,Influencer Partnership,North America,Returning Customers,Desktop,17238,597,25,599.69,2419.18
REC-002852,2025-09-11,CAMP-021,Micro Creator Conversion,Influencer,Influencer Partnership,Europe,New Customers,Mobile,50643,2219,69,1140.41,6056.67
REC-005338,2026-04-13,CAMP-021,Micro Creator Conversion,Influencer,Influencer Partnership,Latin America,Returning Customers,Mobile,17479,601,23,557.57,2568.31
REC-004556,2026-02-01,CAMP-013,Lifecycle Nurture,Email,Customer Nurture,Europe,Students & Young Professionals,Mobile,10282,576,43,125.11,3140.59
REC-001928,2025-06-20,CAMP-009,Startup Founder Leads,LinkedIn Ads,Lead Generation,MENA,Enterprise Decision Makers,Desktop,4651,44,4,177.78,1679.85
REC-006155,2026-06-24,CAMP-002,Brand Demand Capture,Google Ads,Brand Awareness,North America,Students & Young Professionals,Mobile,12082,488,8,816.47,375.51
REC-005281,2026-04-08,CAMP-008,Executive Thought Leadership,LinkedIn Ads,Brand Awareness,MENA,Small Business Owners,Mobile,7968,102,3,507.61,222.66
REC-004944,2026-03-08,CAMP-017,Product Demo Views,YouTube Ads,Product Education,North America,Students & Young Professionals,Desktop,17970,227,5,191.47,415.1
REC-004373,2026-01-16,CAMP-010,Short Video Discovery,TikTok Ads,Prospecting,Europe,Returning Customers,Mobile,34497,468,12,355.23,1509.27
REC-001165,2025-04-11,CAMP-023,Enterprise Pipeline Builder,LinkedIn Ads,Lead Generation,Asia-Pacific,New Customers,Mobile,3653,54,4,283.52,554.56
REC-005426,2026-04-20,CAMP-010,Short Video Discovery,TikTok Ads,Prospecting,Asia-Pacific,Enterprise Decision Makers,Desktop,21984,357,8,263.59,2203.18
REC-003860,2025-12-04,CAMP-022,Holiday Revenue Boost,Meta Ads,Seasonal Promotion,Europe,Small Business Owners,Mobile,10133,229,9,289.8,1167.24
REC-001912,2025-06-18,CAMP-012,Youth Engagement Sprint,TikTok Ads,Engagement,MENA,Students & Young Professionals,Desktop,27972,265,5,236.45,200.9
REC-004215,2026-01-03,CAMP-005,Cart Recovery Social,Meta Ads,Retargeting,MENA,New Customers,Mobile,19251,680,33,495.36,2509.24
REC-004667,2026-02-11,CAMP-010,Short Video Discovery,TikTok Ads,Prospecting,MENA ,Returning Customers,Mobile,34001,564,12,390.27,1552.11
REC-004240,2026-01-05,CAMP-021,Micro Creator Conversion,Influencer,Influencer Partnership,North America,Students & Young Professionals,Mobile,25971,711,13,541.79,776.85
REC-002725,2025-08-30,CAMP-015,Monthly Product Digest,Email,Customer Nurture,North America,New Customers,Mobile,11292,657,33,128.11,3253.7
REC-003239,2025-10-14,CAMP-008,Executive Thought Leadership,LinkedIn Ads,Brand Awareness,MENA,Enterprise Decision Makers,Desktop,1654,17,1,90.02,147.14
REC-003534,2025-11-08,CAMP-017,Product Demo Views,YouTube Ads,Product Education,North America,Small Business Owners,Desktop,34756,255,6,238.26,719.1
REC-005950,2026-06-05,CAMP-019,Display Retargeting Loop,Display Ads,Retargeting,MENA,Students & Young Professionals,Mobile,7923,76,0,69.33,0.0
REC-002354,2025-07-30,CAMP-012,Youth Engagement Sprint,TikTok Ads,Engagement,MENA,Enterprise Decision Makers,Desktop,11171,118,2,116.85,369.69
REC-005755,2026-05-19,CAMP-012,Youth Engagement Sprint,TikTok Ads,Engagement,Asia-Pacific,Returning Customers,Desktop,14489,191,7,163.19,604.45
REC-000254,2025-01-23,CAMP-019,Display Retargeting Loop,Display Ads,Retargeting,Asia-Pacific,Returning Customers,Mobile,35170,316,7,208.28,872.6
REC-003274,2025-10-17,CAMP-014,Win Back Customers,Email,Reactivation,Latin America,Small Business Owners,Mobile,4556,356,57,72.49,9143.56
REC-001190,2025-04-14,CAMP-018,Programmatic Market Reach,Display Ads,Brand Awareness,Europe,Students & Young Professionals,Desktop,12449,49,1,53.65,32.85
REC-000256,2025-01-23,CAMP-021,Micro Creator Conversion,Influencer,Influencer Partnership,Europe,Returning Customers,Tablet,12940,317,11,356.5,1317.89
REC-005286,2026-04-08,CAMP-018,Programmatic Market Reach,Display Ads,Brand Awareness,North America,New Customers,Mobile,21867,74,0,95.48,0.0
REC-005623,2026-05-08,CAMP-014,Win Back Customers,Email,Reactivation,North America,Returning Customers,Mobile,8764,516,101,110.65,13309.4
REC-000195,2025-01-17,CAMP-004,Social Scale Prospecting,Meta Ads,Prospecting,North America,New Customers,Mobile,9418,165,5,230.92,391.75
REC-006011,2026-06-10,CAMP-002,Brand Demand Capture,Google Ads,Brand Awareness,North America,New Customers,Mobile,18020,558,18,1089.78,1126.01
REC-005130,2026-03-25,CAMP-004,Social Scale Prospecting,Meta Ads,Prospecting,Europe,Enterprise Decision Makers,Tablet,13010,242,10,279.79,2970.04
REC-002172,2025-07-14,CAMP-020,Creator Partnership Series,Influencer,Influencer Partnership,North America,Students & Young Professionals,Desktop,38665,1532,47,867.72,3239.86
REC-000479,2025-02-11,CAMP-003,High Intent Retargeting,Google Ads,Retargeting,North America,Small Business Owners,Mobile,10577,890,64,1406.47,11307.73
REC-004129,2025-12-26,CAMP-006,Seasonal Offer Push,Meta Ads,Seasonal Promotion,North America,Small Business Owners,Mobile,15581,392,12,521.74,1517.01
REC-000833,2025-03-15,CAMP-016,Video Reach Accelerator,YouTube Ads,Brand Awareness,Asia-Pacific,Enterprise Decision Makers,Mobile,36247,295,5,266.38,1145.52
REC-002470,2025-08-09,CAMP-017,Product Demo Views,YouTube Ads,Product Education,North America,Enterprise Decision Makers,Mobile,27326,303,5,300.75,1660.76
REC-004529,2026-01-30,CAMP-015,Monthly Product Digest,Email,Customer Nurture,MENA,New Customers,Mobile,7329,366,24,92.74,2462.11
REC-003943,2025-12-11,CAMP-014,Win Back Customers,Email,Reactivation,Asia-Pacific,Small Business Owners,Desktop,6945,532,90,78.13,16587.05
REC-004927,2026-03-06,CAMP-009,Startup Founder Leads,LinkedIn Ads,Lead Generation,MENA,Students & Young Professionals,Desktop,5138,84,5,362.79,463.67
REC-001038,2025-04-01,CAMP-017,Product Demo Views,YouTube Ads,Product Education,Latin America,New Customers,Tablet,21515,147,2,124.5,175.76
REC-005330,2026-04-12,CAMP-023,Enterprise Pipeline Builder,LinkedIn Ads,Lead Generation,North America,Students & Young Professionals,Desktop,1388,22,1,132.22,117.95
REC-002103,2025-07-07,CAMP-012,Youth Engagement Sprint,TikTok Ads,Engagement,MENA,Students & Young Professionals,Desktop,28164,429,7,309.17,345.68
REC-001338,2025-04-26,CAMP-013,Lifecycle Nurture,Email,Customer Nurture,Asia-Pacific,Small Business Owners,Desktop,6911,366,60,79.61,9235.27
REC-002488,2025-08-10,CAMP-019,Display Retargeting Loop,Display Ads,Retargeting,North America,Small Business Owners,Mobile,30943,326,7,192.46,1116.69
REC-003172,2025-10-08,CAMP-010,Short Video Discovery,TikTok Ads,Prospecting,Latin America,Returning Customers,Desktop,9877,117,4,90.51,505.15
REC-002284,2025-07-24,CAMP-014,Win Back Customers,Email,Reactivation,North America,New Customers,Desktop,11737,840,121,127.67,14065.84
REC-004122,2025-12-26,CAMP-020,Creator Partnership Series,Influencer,Influencer Partnership,Europe,New Customers,Mobile,43156,1161,22,921.51,2006.49
REC-005784,2026-05-22,CAMP-024,Mobile App Acquisition,Google Ads,App Acquisition,MENA,New Customers,Mobile,13273,737,22,1043.79,1525.11
REC-003974,2025-12-14,CAMP-012,Youth Engagement Sprint,TikTok Ads,Engagement,Asia-Pacific,Small Business Owners,Tablet,9364,78,2,87.28,176.14
REC-002990,2025-09-22,CAMP-014,Win Back Customers,Email,Reactivation,Asia-Pacific,New Customers,Desktop,9404,734,113,103.06,12226.7
REC-003673,2025-11-19,CAMP-001,Search Growth Engine,Google Ads,Always-on Acquisition,Asia-Pacific,Students & Young Professionals,Mobile,12090,771,34,1127.35,2662.65
REC-004207,2026-01-02,CAMP-003,High Intent Retargeting,Google Ads,Retargeting,Europe,Students & Young Professionals,Desktop,4338,288,24,490.87,1706.17
REC-000130,2025-01-12,CAMP-018,Programmatic Market Reach,Display Ads,Brand Awareness,Europe,Small Business Owners,Mobile,27851,135,1,85.74,82.79
REC-004102,2025-12-24,CAMP-024,Mobile App Acquisition,Google Ads,App Acquisition,MENA,New Customers,Mobile,9186,382,13,496.63,671.0
REC-000328,2025-01-30,CAMP-015,Monthly Product Digest,Email,Customer Nurture,North America,Returning Customers,Desktop,8198,319,50,94.74,5918.23
REC-001563,2025-05-16,CAMP-023,Enterprise Pipeline Builder,LinkedIn Ads,Lead Generation,North America,Enterprise Decision Makers,Desktop,7725,112,14,716.87,7041.79
REC-004647,2026-02-09,CAMP-020,Creator Partnership Series,Influencer,Influencer Partnership,Europe,Returning Customers,Desktop,55253,2001,110,1355.55,15596.82
REC-004201,2026-01-01,CAMP-023,Enterprise Pipeline Builder,LinkedIn Ads,Lead Generation,North America,New Customers,Mobile,2187,40,1,278.38,120.2
REC-001871,2025-06-14,CAMP-018,Programmatic Market Reach,Display Ads,Brand Awareness,North America,Enterprise Decision Makers,Mobile,32730,135,0,116.66,0.0
REC-005856,2026-05-27,CAMP-018,Programmatic Market Reach,Display Ads,Brand Awareness,Europe,New Customers,Mobile,10143,43,0,53.26,0.0
REC-001415,2025-05-02,CAMP-013,Lifecycle Nurture,Email,Customer Nurture,North America,Returning Customers,Mobile,14257,765,100,147.44,10164.47
REC-005948,2026-06-05,CAMP-016,Video Reach Accelerator,YouTube Ads,Brand Awareness,North America,Returning Customers,Mobile,18902,144,3,133.25,257.2
REC-005220,2026-04-03,CAMP-018,Programmatic Market Reach,Display Ads,Brand Awareness,North America,Enterprise Decision Makers,Desktop,17025,60,1,65.5,147.74
REC-000372,2025-02-02,CAMP-015,Monthly Product Digest,Email,Customer Nurture,MENA,Students & Young Professionals,Mobile,10664,656,31,118.43,2305.95
REC-005265,2026-04-06,CAMP-024,Mobile App Acquisition,Google Ads,App Acquisition,Europe,New Customers,Mobile,8774,388,19,761.95,1129.81
REC-002991,2025-09-22,CAMP-014,Win Back Customers,Email,Reactivation,Europe,Returning Customers,Mobile,5258,333,70,65.09,10593.91
REC-001777,2025-06-05,CAMP-016,Video Reach Accelerator,YouTube Ads,Brand Awareness,North America,Returning Customers,Desktop,21204,133,3,142.97,286.55
REC-002275,2025-07-23,CAMP-021,Micro Creator Conversion,Influencer,Influencer Partnership,Asia-Pacific,Returning Customers,Desktop,30171,797,48,824.29,6041.02
REC-003369,2025-10-25,CAMP-005,Cart Recovery Social,Meta Ads,Retargeting,Europe,Small Business Owners,Mobile,23622,755,44,754.04,6483.33
REC-001600,2025-05-20,CAMP-017,Product Demo Views,YouTube Ads,Product Education,Asia-Pacific,Returning Customers,Mobile,29207,253,8,189.17,961.22
REC-001043,2025-04-02,CAMP-002,Brand Demand Capture,Google Ads,Brand Awareness,Asia-Pacific,New Customers,Mobile,13165,415,11,583.44,829.61
REC-004287,2026-01-09,CAMP-017,Product Demo Views,YouTube Ads,Product Education,MENA,Students & Young Professionals,Mobile,22320,273,3,199.26,257.6
REC-000490,2025-02-12,CAMP-013,Lifecycle Nurture,Email,Customer Nurture,MENA,Enterprise Decision Makers,Mobile,2287,130,13,48.77,3833.49
REC-001250,2025-04-19,CAMP-005,Cart Recovery Social,Meta Ads,Retargeting,Asia-Pacific,Returning Customers,Mobile,22026,841,64,678.91,9175.32
REC-001978,2025-06-25,CAMP-005,Cart Recovery Social,Meta Ads,Retargeting,Europe,New Customers,Mobile,16252,477,26,407.32,2648.07
REC-001121,2025-04-08,CAMP-007,B2B Decision Makers,LinkedIn Ads,Lead Generation,Europe,Students & Young Professionals,Desktop,6815,79,5,367.03,404.74
REC-005036,2026-03-16,CAMP-016,Video Reach Accelerator,YouTube Ads,Brand Awareness,Asia-Pacific,New Customers,Desktop,21929,183,2,185.41,153.61
REC-005326,2026-04-12,CAMP-015,Monthly Product Digest,Email,Customer Nurture,Asia-Pacific,Students & Young Professionals,Mobile,12347,698,40,142.0,2837.41
REC-000589,2025-02-20,CAMP-003,High Intent Retargeting,Google Ads,Retargeting,North America,Returning Customers,Mobile,9984,683,81,1584.06,13572.02
REC-003807,2025-11-30,CAMP-012,Youth Engagement Sprint,TikTok Ads,Engagement,Asia-Pacific,Small Business Owners,Mobile,34492,625,13,433.45,1450.48
REC-000238,2025-01-22,CAMP-016,Video Reach Accelerator,YouTube Ads,Brand Awareness,North America,Returning Customers,Mobile,18614,181,2,208.88,166.12
REC-006036,2026-06-13,CAMP-004,Social Scale Prospecting,Meta Ads,Prospecting,Europe,New Customers,Mobile,15204,264,7,243.46,764.92
REC-000076,2025-01-07,CAMP-021,Micro Creator Conversion,Influencer,Influencer Partnership,North America,Returning Customers,Mobile,51746,1589,49,1505.63,6492.76
REC-002053,2025-07-02,CAMP-003,High Intent Retargeting,Google Ads,Retargeting,MENA,Small Business Owners,Mobile,13416,1096,84,1600.55,15182.99
REC-004019,2025-12-17,CAMP-015,Monthly Product Digest,Email,Customer Nurture,MENA,Small Business Owners,Tablet,4045,184,11,54.03,1578.27
REC-002044,2025-07-01,CAMP-017,Product Demo Views,YouTube Ads,Product Education,North America,Returning Customers,Mobile,34007,344,6,318.54,824.69
REC-004939,2026-03-07,CAMP-003,High Intent Retargeting,Google Ads,Retargeting,MENA,Returning Customers,Mobile,18068,1307,154,2190.95,24785.55
REC-003604,2025-11-14,CAMP-006,Seasonal Offer Push,Meta Ads,Seasonal Promotion,Latin America,Returning Customers,Desktop,30270,801,43,582.32,4583.89
REC-002968,2025-09-20,CAMP-024,Mobile App Acquisition,Google Ads,App Acquisition,Europe,Enterprise Decision Makers,Mobile,6282,264,12,386.24,1829.24
REC-000557,2025-02-17,CAMP-013,Lifecycle Nurture,Email,Customer Nurture,North America,Small Business Owners,Desktop,7346,362,42,76.36,5709.29
REC-003887,2025-12-06,CAMP-016,Video Reach Accelerator,YouTube Ads,Brand Awareness,MENA,New Customers,Mobile,33197,216,2,197.86,149.53
REC-001721,2025-05-31,CAMP-016,Video Reach Accelerator,YouTube Ads,Brand Awareness,Asia-Pacific,Small Business Owners,Mobile,22289,216,2,156.44,190.56
REC-006013,2026-06-11,CAMP-007,B2B Decision Makers,LinkedIn Ads,Lead Generation,MENA,Small Business Owners,Mobile,2400,35,3,186.04,654.66
REC-000764,2025-03-08,CAMP-005,Cart Recovery Social,Meta Ads,Retargeting,MENA,Returning Customers,Mobile,25087,840,68,617.31,8121.99
REC-005905,2026-06-01,CAMP-013,Lifecycle Nurture,Email,Customer Nurture,Latin America,New Customers,Desktop,11407,613,52,135.15,4124.75
REC-003283,2025-10-18,CAMP-006,Seasonal Offer Push,Meta Ads,Seasonal Promotion,North America,Returning Customers,Mobile,12927,393,16,461.43,1960.71
REC-002758,2025-09-02,CAMP-016,Video Reach Accelerator,YouTube Ads,Brand Awareness,MENA,Small Business Owners,Mobile,25603,187,3,125.01,378.28
REC-004206,2026-01-02,CAMP-017,Product Demo Views,YouTube Ads,Product Education,MENA,New Customers,Mobile,22458,188,3,175.51,249.01
REC-003873,2025-12-05,CAMP-004,Social Scale Prospecting,Meta Ads,Prospecting,North America,New Customers,Tablet,15539,300,9,305.4,978.48
REC-001060,2025-04-03,CAMP-014,Win Back Customers,Email,Reactivation,Latin America,Returning Customers,Desktop,6082,415,84,85.13,14152.87
REC-001124,2025-04-08,CAMP-020,Creator Partnership Series,Influencer,Influencer Partnership,Europe,New Customers,Desktop,33391,922,33,766.16,2652.02
REC-006131,2026-06-22,CAMP-004,Social Scale Prospecting,Meta Ads,Prospecting,Asia-Pacific,Students & Young Professionals,Desktop,7714,159,6,185.12,495.35
REC-005554,2026-05-02,CAMP-017,Product Demo Views,YouTube Ads,Product Education,North America,New Customers,Mobile,11183,98,2,128.87,177.17
REC-003666,2025-11-18,CAMP-023,Enterprise Pipeline Builder,LinkedIn Ads,Lead Generation,Asia-Pacific,Students & Young Professionals,Mobile,8692,179,13,759.93,1692.44
REC-000383,2025-02-03,CAMP-019,Display Retargeting Loop,Display Ads,Retargeting,MENA,Enterprise Decision Makers,Mobile,30166,216,5,112.44,1629.13
REC-000707,2025-03-03,CAMP-004,Social Scale Prospecting,Meta Ads,Prospecting,MENA,Small Business Owners,Mobile,15864,355,13,267.38,1827.89
REC-002419,2025-08-04,CAMP-016,Video Reach Accelerator,YouTube Ads,Brand Awareness,Europe,Small Business Owners,Mobile,36402,327,4,230.53,408.67
REC-000397,2025-02-05,CAMP-020,Creator Partnership Series,Influencer,Influencer Partnership,North America,Students & Young Professionals,Mobile,48352,1357,30,1099.31,2017.99
REC-004110,2025-12-25,CAMP-006,Seasonal Offer Push,Meta Ads,Seasonal Promotion,Europe,Students & Young Professionals,Mobile,15837,356,7,430.22,409.44
REC-000419,2025-02-06,CAMP-012,Youth Engagement Sprint,TikTok Ads,Engagement,North America,New Customers,Tablet,34396,314,4,308.44,313.15
REC-006173,2026-06-25,CAMP-014,Win Back Customers,Email,Reactivation,Europe,New Customers,Desktop,7010,494,99,78.58,10234.24
REC-004393,2026-01-18,CAMP-001,Search Growth Engine,Google Ads,Always-on Acquisition,Europe,New Customers,Desktop,12351,492,21,779.18,1604.91
REC-005343,2026-04-13,CAMP-004,Social Scale Prospecting,Meta Ads,Prospecting,Asia-Pacific,Small Business Owners,Mobile,20732,518,17,455.07,2166.06
REC-004804,2026-02-23,CAMP-015,Monthly Product Digest,Email,Customer Nurture,Europe,New Customers,Mobile,10611,569,31,127.08,2728.97
REC-000351,2025-01-31,CAMP-004,Social Scale Prospecting,Meta Ads,Prospecting,North America,New Customers,Desktop,21601,344,11,407.42,1190.97
REC-000059,2025-01-06,CAMP-009,Startup Founder Leads,LinkedIn Ads,Lead Generation,Europe,New Customers,Desktop,3983,39,4,222.64,484.71
REC-005100,2026-03-22,CAMP-018,Programmatic Market Reach,Display Ads,Brand Awareness,Latin America,Returning Customers,Mobile,15586,69,0,58.27,0.0
REC-004640,2026-02-09,CAMP-009,Startup Founder Leads,LinkedIn Ads,Lead Generation,North America,Small Business Owners,Desktop,3952,44,6,288.48,1283.07
REC-003238,2025-10-14,CAMP-016,Video Reach Accelerator,YouTube Ads,Brand Awareness,Europe,Returning Customers,Mobile,11010,101,1,134.16,89.27
REC-005266,2026-04-07,CAMP-024,Mobile App Acquisition,Google Ads,App Acquisition,Asia-Pacific,Students & Young Professionals,Mobile,8578,401,14,620.21,486.16
REC-005537,2026-04-30,CAMP-008,Executive Thought Leadership,LinkedIn Ads,Brand Awareness,North America,Enterprise Decision Makers,Desktop,7047,58,2,367.72,275.82
REC-005985,2026-06-08,CAMP-012,Youth Engagement Sprint,TikTok Ads,Engagement,MENA,Small Business Owners,Mobile,29112,392,9,327.41,816.01
REC-003476,2025-11-03,CAMP-011,Creator Product Launch,TikTok Ads,Product Launch,MENA,Students & Young Professionals,Desktop,26389,428,8,272.4,512.47
REC-003619,2025-11-15,CAMP-018,Programmatic Market Reach,Display Ads,Brand Awareness,MENA,Returning Customers,Mobile,28785,84,1,68.6,70.9
REC-001325,2025-04-25,CAMP-010,Short Video Discovery,TikTok Ads,Prospecting,North America,New Customers,Mobile,25699,430,5,346.73,518.61
REC-003779,2025-11-27,CAMP-010,Short Video Discovery,TikTok Ads,Prospecting,Asia-Pacific,Returning Customers,Mobile,38345,557,15,411.85,1577.77
REC-005450,2026-04-22,CAMP-010,Short Video Discovery,TikTok Ads,Prospecting,MENA,New Customers,Mobile,8398,144,2,105.59,204.9
REC-006175,2026-06-26,CAMP-003,High Intent Retargeting,Google Ads,Retargeting,North America,New Customers,Tablet,16333,528,38,974.28,5180.04
REC-004074,2025-12-22,CAMP-001,Search Growth Engine,Google Ads,Always-on Acquisition,MENA,Returning Customers,Mobile,5448,285,18,388.94,1886.79
REC-003680,2025-11-20,CAMP-001,Search Growth Engine,Google Ads,Always-on Acquisition,North America,Students & Young Professionals,Mobile,13667,569,16,1001.53,1046.01
REC-000234,2025-01-21,CAMP-016,Video Reach Accelerator,YouTube Ads,Brand Awareness,Europe,Small Business Owners,Mobile,28475,256,3,202.7,275.82
REC-000418,2025-02-06,CAMP-012,Youth Engagement Sprint,TikTok Ads,Engagement,MENA,New Customers,Mobile,14068,232,4,203.08,247.96
REC-003744,2025-11-24,CAMP-016,Video Reach Accelerator,YouTube Ads,Brand Awareness,Asia-Pacific,New Customers,Mobile,13896,133,2,128.73,131.75
REC-005791,2026-05-22,CAMP-013,Lifecycle Nurture,Email,Customer Nurture,Latin America,Small Business Owners,Mobile,10117,654,87,124.02,13012.74
REC-001421,2025-05-03,CAMP-009,Startup Founder Leads,LinkedIn Ads,Lead Generation,Latin America,Enterprise Decision Makers,Mobile,1801,24,1,120.65,425.6
REC-003703,2025-11-21,CAMP-006,Seasonal Offer Push,Meta Ads,Seasonal Promotion,Europe,Enterprise Decision Makers,Desktop,23771,548,29,568.73,8397.51
REC-000641,2025-02-25,CAMP-001,Search Growth Engine,Google Ads,Always-on Acquisition,MENA,New Customers,Mobile,8665,478,25,745.36,2276.85
REC-004259,2026-01-07,CAMP-021,Micro Creator Conversion,Influencer,Influencer Partnership,Latin America,Small Business Owners,Mobile,47185,1646,43,909.82,5321.15
REC-001313,2025-04-24,CAMP-006,Seasonal Offer Push,Meta Ads,Seasonal Promotion,Europe,Small Business Owners,Mobile,20203,556,25,587.65,4096.43
REC-002767,2025-09-03,CAMP-016,Video Reach Accelerator,YouTube Ads,Brand Awareness,North America,Returning Customers,Mobile,48636,467,7,497.12,752.22
REC-001481,2025-05-08,CAMP-019,Display Retargeting Loop,Display Ads,Retargeting,North America,Returning Customers,Mobile,25637,212,6,139.49,900.21
REC-002785,2025-09-05,CAMP-015,Monthly Product Digest,Email,Customer Nurture,North America,Small Business Owners,Mobile,9678,727,62,106.16,6916.63
REC-006103,2026-06-19,CAMP-002,Brand Demand Capture,Google Ads,Brand Awareness,North America,Returning Customers,Desktop,12595,395,21,662.11,2111.52
REC-002903,2025-09-15,CAMP-007,B2B Decision Makers,LinkedIn Ads,Lead Generation,Europe,Small Business Owners,Mobile,2063,40,1,183.7,166.13
REC-005331,2026-04-12,CAMP-005,Cart Recovery Social,Meta Ads,Retargeting,North America,Small Business Owners,Mobile,24389,1036,54,1233.36,6506.53
REC-002059,2025-07-03,CAMP-004,Social Scale Prospecting,Meta Ads,Prospecting,Europe,Small Business Owners,Desktop,13941,283,10,278.58,1108.26
REC-000364,2025-02-01,CAMP-013,Lifecycle Nurture,Email,Customer Nurture,Asia-Pacific,Enterprise Decision Makers,Desktop,10654,602,66,120.97,21508.02
REC-003425,2025-10-30,CAMP-014,Win Back Customers,Email,Reactivation,Latin America,Returning Customers,Desktop,11848,771,154,127.49,23494.28
REC-000667,2025-02-27,CAMP-001,Search Growth Engine,Google Ads,Always-on Acquisition,Europe,Students & Young Professionals,Mobile,13018,684,21,1129.93,1656.01
REC-000080,2025-01-08,CAMP-015,Monthly Product Digest,Email,Customer Nurture,Latin America,New Customers,Desktop,9161,468,54,108.27,4167.01
REC-000711,2025-03-03,CAMP-001,Search Growth Engine,Google Ads,Always-on Acquisition,MENA,Enterprise Decision Makers,Desktop,5144,267,25,339.76,6159.69
REC-005764,2026-05-20,CAMP-012,Youth Engagement Sprint,TikTok Ads,Engagement,MENA,New Customers,Mobile,17342,214,3,196.04,230.36
REC-004005,2025-12-16,CAMP-017,Product Demo Views,YouTube Ads,Product Education,North America,New Customers,Mobile,40011,359,5,398.92,487.79
REC-001616,2025-05-21,CAMP-009,Startup Founder Leads,LinkedIn Ads,Lead Generation,Asia-Pacific,Students & Young Professionals,Desktop,7883,106,9,465.16,746.59
REC-005033,2026-03-16,CAMP-013,Lifecycle Nurture,Email,Customer Nurture,Asia-Pacific,Returning Customers,Mobile,3514,248,30,45.24,3002.51
REC-002900,2025-09-15,CAMP-021,Micro Creator Conversion,Influencer,Influencer Partnership,Latin America,New Customers,Desktop,23031,808,26,800.46,2924.25
REC-005044,2026-03-17,CAMP-024,Mobile App Acquisition,Google Ads,App Acquisition,Asia-Pacific,Returning Customers,Tablet,12361,315,17,473.52,1507.62
REC-004831,2026-02-25,CAMP-012,Youth Engagement Sprint,TikTok Ads,Engagement,Europe,Returning Customers,Desktop,9380,104,2,113.27,198.58
REC-002586,2025-08-19,CAMP-020,Creator Partnership Series,Influencer,Influencer Partnership,Latin America,Returning Customers,Mobile,52190,1538,64,1390.56,6713.58
REC-005944,2026-06-04,CAMP-005,Cart Recovery Social,Meta Ads,Retargeting,Asia-Pacific,Small Business Owners,Desktop,7597,230,21,176.37,3302.44
REC-006228,2026-06-30,CAMP-009,Startup Founder Leads,LinkedIn Ads,Lead Generation,Latin America,New Customers,Desktop,1671,20,2,87.74,243.85
REC-001570,2025-05-16,CAMP-012,Youth Engagement Sprint,TikTok Ads,Engagement,North America,Students & Young Professionals,Mobile,32547,547,7,461.44,304.43
REC-004157,2025-12-28,CAMP-015,Monthly Product Digest,Email,Customer Nurture,Latin America,Small Business Owners,Mobile,12793,520,37,123.55,6046.02
REC-004009,2025-12-16,CAMP-008,Executive Thought Leadership,LinkedIn Ads,Brand Awareness,MENA,Students & Young Professionals,Desktop,6206,67,3,334.21,112.14
REC-004446,2026-01-22,CAMP-013,Lifecycle Nurture,Email,Customer Nurture,North America,Returning Customers,Mobile,4370,310,39,71.12,4579.54
REC-001690,2025-05-28,CAMP-016,Video Reach Accelerator,YouTube Ads,Brand Awareness,Latin America,Students & Young Professionals,Tablet,8127,50,0,50.97,0.0
REC-005174,2026-03-29,CAMP-006,Seasonal Offer Push,Meta Ads,Seasonal Promotion,MENA,New Customers,Desktop,15873,311,15,275.15,1485.31
REC-005877,2026-05-29,CAMP-002,Brand Demand Capture,Google Ads,Brand Awareness,MENA,Returning Customers,Desktop,9058,226,18,358.3,1797.93
REC-004452,2026-01-23,CAMP-023,Enterprise Pipeline Builder,LinkedIn Ads,Lead Generation,North America,Returning Customers,Mobile,5109,121,15,673.39,3134.8
REC-003922,2025-12-09,CAMP-014,Win Back Customers,Email,Reactivation,MENA,Small Business Owners,Desktop,7349,462,67,84.27,11099.34
REC-005603,2026-05-06,CAMP-024,Mobile App Acquisition,Google Ads,App Acquisition,Europe,Students & Young Professionals,Mobile,8857,361,11,574.4,433.54
REC-002526,2025-08-13,CAMP-021,Micro Creator Conversion,Influencer,Influencer Partnership,Asia-Pacific,Returning Customers,Mobile,28943,1109,33,895.45,4773.25
REC-005152,2026-03-27,CAMP-017,Product Demo Views,YouTube Ads,Product Education,North America,Small Business Owners,Desktop,32282,343,10,285.6,1813.02
REC-005490,2026-04-26,CAMP-015,Monthly Product Digest,Email,Customer Nurture,North America,New Customers,Desktop,4115,267,29,55.94,2283.35
REC-003662,2025-11-18,CAMP-022,Holiday Revenue Boost,Meta Ads,Seasonal Promotion,North America,Returning Customers,Desktop,29934,961,77,1042.72,10251.42
REC-001734,2025-06-01,CAMP-017,Product Demo Views,YouTube Ads,Product Education,Europe,Returning Customers,Mobile,13215,174,4,192.14,486.19
REC-001986,2025-06-25,CAMP-013,Lifecycle Nurture,Email,Customer Nurture,Asia-Pacific,Returning Customers,Desktop,15394,712,129,152.92,12821.29
REC-005622,2026-05-08,CAMP-024,Mobile App Acquisition,Google Ads,App Acquisition,North America,New Customers,Mobile,5449,282,13,619.32,609.69
REC-002977,2025-09-21,CAMP-018,Programmatic Market Reach,Display Ads,Brand Awareness,North America,Small Business Owners,Desktop,24237,70,1,70.05,68.56
REC-002291,2025-07-24,CAMP-018,Programmatic Market Reach,Display Ads,Brand Awareness,MENA,New Customers,Mobile,37443,159,1,117.72,53.7
REC-005241,2026-04-04,CAMP-021,Micro Creator Conversion,Influencer,Influencer Partnership,MENA,Small Business Owners,Mobile,40608,1422,68,1315.78,8799.06
REC-004171,2025-12-29,CAMP-001,Search Growth Engine,Google Ads,Always-on Acquisition,Asia-Pacific,New Customers,Desktop,17142,643,26,829.19,2629.56
REC-002391,2025-08-02,CAMP-013,Lifecycle Nurture,Email,Customer Nurture,Latin America,Small Business Owners,Mobile,9284,579,69,107.9,11014.37
REC-005993,2026-06-09,CAMP-023,Enterprise Pipeline Builder,LinkedIn Ads,Lead Generation,Asia-Pacific,Returning Customers,Mobile,5039,109,8,421.94,1289.25
REC-002818,2025-09-08,CAMP-017,Product Demo Views,YouTube Ads,Product Education,North America,New Customers,Mobile,35724,435,8,414.17,709.73
REC-000757,2025-03-08,CAMP-003,High Intent Retargeting,Google Ads,Retargeting,North America,Returning Customers,Mobile,7251,448,62,990.45,11004.3
REC-002773,2025-09-04,CAMP-016,Video Reach Accelerator,YouTube Ads,Brand Awareness,MENA,Small Business Owners,Desktop,38923,305,5,234.32,528.63
REC-000523,2025-02-15,CAMP-017,Product Demo Views,YouTube Ads,Product Education,MENA,New Customers,Mobile,38769,431,9,302.91,754.4
REC-006132,2026-06-22,CAMP-020,Creator Partnership Series,Influencer,Influencer Partnership,MENA,New Customers,Mobile,48968,2040,64,1215.47,6494.53
REC-004101,2025-12-24,CAMP-022,Holiday Revenue Boost,Meta Ads,Seasonal Promotion,Europe,Returning Customers,Tablet,29014,635,31,653.5,3033.92
REC-003586,2025-11-12,CAMP-006,Seasonal Offer Push,Meta Ads,Seasonal Promotion,Asia-Pacific,Enterprise Decision Makers,Desktop,13034,320,22,324.5,6851.2
REC-002351,2025-07-30,CAMP-015,Monthly Product Digest,Email,Customer Nurture,Asia-Pacific,Enterprise Decision Makers,Desktop,9260,476,57,97.77,14172.28
REC-001434,2025-05-04,CAMP-023,Enterprise Pipeline Builder,LinkedIn Ads,Lead Generation,Asia-Pacific,Students & Young Professionals,Tablet,1868,23,1,135.53,105.9
REC-005852,2026-05-27,CAMP-013,Lifecycle Nurture,Email,Customer Nurture,Latin America,New Customers,Tablet,5092,312,24,76.79,2645.28
REC-002316,2025-07-26,CAMP-008,Executive Thought Leadership,LinkedIn Ads,Brand Awareness,North America,Small Business Owners,Mobile,2524,31,0,243.2,0.0
REC-001319,2025-04-25,CAMP-013,Lifecycle Nurture,Email,Customer Nurture,Europe,New Customers,Desktop,2407,107,12,31.45,1248.7
REC-001544,2025-05-14,CAMP-021,Micro Creator Conversion,Influencer,Influencer Partnership,Europe,New Customers,Mobile,16640,511,13,313.34,1338.31
REC-004385,2026-01-17,CAMP-019,Display Retargeting Loop,Display Ads,Retargeting,Latin America,Students & Young Professionals,Desktop,21427,156,3,56.84,187.91
REC-004952,2026-03-09,CAMP-016,Video Reach Accelerator,YouTube Ads,Brand Awareness,Europe,Small Business Owners,Tablet,11399,55,1,82.24,91.08
REC-003173,2025-10-08,CAMP-003,High Intent Retargeting,Google Ads,Retargeting,MENA,Returning Customers,Mobile,12044,694,51,1014.69,8599.81
REC-005182,2026-03-30,CAMP-014,Win Back Customers,Email,Reactivation,North America,Enterprise Decision Makers,Mobile,9702,716,115,125.35,45753.75
REC-002781,2025-09-05,CAMP-001,Search Growth Engine,Google Ads,Always-on Acquisition,Europe,New Customers,Tablet,15311,616,26,1223.23,2015.62
REC-003333,2025-10-22,CAMP-009,Startup Founder Leads,LinkedIn Ads,Lead Generation,North America,Small Business Owners,Mobile,10656,162,12,1168.11,2608.99
REC-005535,2026-04-30,CAMP-003,High Intent Retargeting,Google Ads,Retargeting,North America,New Customers,Mobile,16003,1051,66,2245.31,8117.44
REC-001321,2025-04-25,CAMP-001,Search Growth Engine,Google Ads,Always-on Acquisition,Asia-Pacific,Returning Customers,Mobile,11858,590,40,898.22,4226.33
REC-005928,2026-06-03,CAMP-024,Mobile App Acquisition,Google Ads,App Acquisition,MENA,New Customers,Desktop,12299,297,20,399.79,1047.85
REC-005469,2026-04-24,CAMP-012,Youth Engagement Sprint,TikTok Ads,Engagement,North America,New Customers,Desktop,23198,241,5,264.32,383.75
REC-002823,2025-09-08,CAMP-005,Cart Recovery Social,Meta Ads,Retargeting,North America,Small Business Owners,Desktop,7144,166,11,208.76,1652.18
REC-005625,2026-05-08,CAMP-011,Creator Product Launch,TikTok Ads,Product Launch,Europe,Returning Customers,Mobile,13686,300,11,246.38,1508.71
REC-005274,2026-04-07,CAMP-016,Video Reach Accelerator,YouTube Ads,Brand Awareness,Latin America,Small Business Owners,Mobile,13518,114,1,105.13,86.76
REC-004852,2026-02-27,CAMP-017,Product Demo Views,YouTube Ads,Product Education,North America,Returning Customers,Mobile,21296,259,5,302.77,745.96
REC-005436,2026-04-21,CAMP-017,Product Demo Views,YouTube Ads,Product Education,Latin America,New Customers,Desktop,39114,344,8,242.12,989.47
REC-001548,2025-05-14,CAMP-004,Social Scale Prospecting,Meta Ads,Prospecting,MENA,Students & Young Professionals,Mobile,10317,263,5,265.63,374.25
REC-003897,2025-12-08,CAMP-003,High Intent Retargeting,Google Ads,Retargeting,Latin America,Small Business Owners,Mobile,10598,722,76,834.04,14111.28
REC-003446,2025-10-31,CAMP-013,Lifecycle Nurture,Email,Customer Nurture,Asia-Pacific,Students & Young Professionals,Mobile,3240,206,14,59.88,1008.71
REC-000547,2025-02-17,CAMP-007,B2B Decision Makers,LinkedIn Ads,Lead Generation,MENA,New Customers,Desktop,7365,105,11,493.94,1344.51
REC-001416,2025-05-02,CAMP-010,Short Video Discovery,TikTok Ads,Prospecting,MENA,New Customers,Desktop,26171,405,6,238.92,509.3
REC-004379,2026-01-17,CAMP-005,Cart Recovery Social,Meta Ads,Retargeting,North America,Returning Customers,Desktop,18914,420,40,551.87,5741.33
REC-004834,2026-02-25,CAMP-013,Lifecycle Nurture,Email,Customer Nurture,Europe,Small Business Owners,Mobile,11434,667,59,122.35,9128.22
REC-000125,2025-01-11,CAMP-020,Creator Partnership Series,Influencer,Influencer Partnership,Asia-Pacific,Enterprise Decision Makers,Desktop,28711,628,28,677.91,7802.32
REC-006046,2026-06-14,CAMP-001,Search Growth Engine,Google Ads,Always-on Acquisition,Asia-Pacific,New Customers,Mobile,10704,529,16,776.02,1606.15
REC-005692,2026-05-14,CAMP-001,Search Growth Engine,Google Ads,Always-on Acquisition,Latin America,New Customers,Desktop,18582,556,35,790.56,3801.57
REC-003278,2025-10-17,CAMP-007,B2B Decision Makers,LinkedIn Ads,Lead Generation,Latin America,Returning Customers,Mobile,7111,86,6,293.85,996.46
REC-005199,2026-04-01,CAMP-005,Cart Recovery Social,Meta Ads,Retargeting,North America,New Customers,Mobile,13135,331,16,447.05,1251.63
REC-002379,2025-08-01,CAMP-017,Product Demo Views,YouTube Ads,Product Education,North America,New Customers,Desktop,20433,188,3,219.4,292.26
REC-001450,2025-05-06,CAMP-005,Cart Recovery Social,Meta Ads,Retargeting,Latin America,Small Business Owners,Desktop,9172,302,25,231.36,3292.13
REC-004351,2026-01-15,CAMP-020,Creator Partnership Series,Influencer,Influencer Partnership,MENA,New Customers,Desktop,17649,540,27,436.89,2373.74
REC-001176,2025-04-12,CAMP-016,Video Reach Accelerator,YouTube Ads,Brand Awareness,North America,Small Business Owners,Desktop,10046,77,0,97.53,0.0
REC-004159,2025-12-29,CAMP-007,B2B Decision Makers,LinkedIn Ads,Lead Generation,MENA,Students & Young Professionals,Desktop,2994,43,4,252.09,309.79
REC-005657,2026-05-11,CAMP-017,Product Demo Views,YouTube Ads,Product Education,MENA,Returning Customers,Mobile,18216,187,4,149.22,599.18
REC-004417,2026-01-19,CAMP-001,Search Growth Engine,Google Ads,Always-on Acquisition,North America,Small Business Owners,Mobile,11003,579,33,983.03,5288.73
REC-002061,2025-07-03,CAMP-005,Cart Recovery Social,Meta Ads,Retargeting,North America,Returning Customers,Desktop,29710,803,82,790.19,8141.31
REC-000613,2025-02-22,CAMP-008,Executive Thought Leadership,LinkedIn Ads,Brand Awareness,North America,Small Business Owners,Desktop,7309,68,3,376.73,189.0
REC-003296,2025-10-19,CAMP-009,Startup Founder Leads,LinkedIn Ads,Lead Generation,Latin America,Students & Young Professionals,Desktop,6771,81,5,304.77,544.49
REC-003968,2025-12-13,CAMP-007,B2B Decision Makers,LinkedIn Ads,Lead Generation,Asia-Pacific,Students & Young Professionals,Mobile,2739,38,2,217.52,159.7
REC-005185,2026-03-30,CAMP-015,Monthly Product Digest,Email,Customer Nurture,Europe,Students & Young Professionals,Tablet,6743,339,15,77.09,1257.63
REC-003303,2025-10-20,CAMP-005,Cart Recovery Social,Meta Ads,Retargeting,MENA,Students & Young Professionals,Tablet,23990,596,25,591.75,1668.48
REC-002489,2025-08-10,CAMP-019,Display Retargeting Loop,Display Ads,Retargeting,Asia-Pacific,Returning Customers,Desktop,40368,261,6,166.47,788.72
REC-005511,2026-04-28,CAMP-018,Programmatic Market Reach,Display Ads,Brand Awareness,North America,Enterprise Decision Makers,Mobile,15377,56,1,45.42,129.43
REC-001025,2025-03-31,CAMP-015,Monthly Product Digest,Email,Customer Nurture,Europe,Students & Young Professionals,Tablet,14477,571,35,150.5,2096.24
REC-004622,2026-02-07,CAMP-015,Monthly Product Digest,Email,Customer Nurture,Asia-Pacific,Students & Young Professionals,Desktop,9454,536,46,117.3,3067.87
REC-005246,2026-04-05,CAMP-002,Brand Demand Capture,Google Ads,Brand Awareness,MENA,Returning Customers,Mobile,8234,257,10,326.4,922.79
REC-003940,2025-12-11,CAMP-007,B2B Decision Makers,LinkedIn Ads,Lead Generation,MENA,Small Business Owners,Mobile,5331,98,9,531.4,1301.69
REC-002836,2025-09-10,CAMP-021,Micro Creator Conversion,Influencer,Influencer Partnership,North America,Returning Customers,Mobile,20783,779,33,425.21,4202.38
REC-004661,2026-02-11,CAMP-018,Programmatic Market Reach,Display Ads,Brand Awareness,Asia-Pacific,New Customers,Mobile,24098,89,1,64.13,61.83
REC-003903,2025-12-08,CAMP-019,Display Retargeting Loop,Display Ads,Retargeting,Europe,Returning Customers,Mobile,13218,98,2,75.87,312.21
REC-001008,2025-03-30,CAMP-021,Micro Creator Conversion,Influencer,Influencer Partnership,North America,Enterprise Decision Makers,Desktop,16454,439,20,464.87,6412.53
REC-000965,2025-03-26,CAMP-002,Brand Demand Capture,Google Ads,Brand Awareness,Asia-Pacific,New Customers,Mobile,11939,362,9,500.72,508.8
REC-005424,2026-04-20,CAMP-009,Startup Founder Leads,LinkedIn Ads,Lead Generation,Europe,Returning Customers,Desktop,1293,17,3,103.07,417.49
REC-004922,2026-03-05,CAMP-004,Social Scale Prospecting,Meta Ads,Prospecting,MENA,New Customers,Mobile,27547,664,18,656.66,1410.32
REC-003435,2025-10-31,CAMP-024,Mobile App Acquisition,Google Ads,App Acquisition,Asia-Pacific,Students & Young Professionals,Desktop,9050,357,12,482.12,518.43
REC-003997,2025-12-15,CAMP-021,Micro Creator Conversion,Influencer,Influencer Partnership,MENA,Returning Customers,Mobile,30453,1024,40,861.64,4282.13
REC-004785,2026-02-21,CAMP-004,Social Scale Prospecting,Meta Ads,Prospecting,MENA,New Customers,Tablet,22207,310,8,322.68,843.54
REC-000267,2025-01-24,CAMP-020,Creator Partnership Series,Influencer,Influencer Partnership,Asia-Pacific,New Customers,Desktop,23115,583,16,510.52,1278.76
REC-001436,2025-05-04,CAMP-017,Product Demo Views,YouTube Ads,Product Education,North America,New Customers,Mobile,8078,119,2,105.06,173.85
REC-000146,2025-01-13,CAMP-008,Executive Thought Leadership,LinkedIn Ads,Brand Awareness,North America,Enterprise Decision Makers,Mobile,8656,88,4,648.46,648.62
REC-006147,2026-06-23,CAMP-001,Search Growth Engine,Google Ads,Always-on Acquisition,North America,Returning Customers,Mobile,17244,953,61,1913.82,7596.42
REC-002811,2025-09-07,CAMP-001,Search Growth Engine,Google Ads,Always-on Acquisition,Europe,Returning Customers,Mobile,4246,248,23,531.11,2868.28
REC-000185,2025-01-16,CAMP-001,Search Growth Engine,Google Ads,Always-on Acquisition,North America,Returning Customers,Desktop,5654,222,18,422.04,2174.78
REC-001486,2025-05-09,CAMP-009,Startup Founder Leads,LinkedIn Ads,Lead Generation,Asia-Pacific,Enterprise Decision Makers,Mobile,4958,72,6,323.03,2288.39
REC-001180,2025-04-13,CAMP-001,Search Growth Engine,Google Ads,Always-on Acquisition,Europe,Students & Young Professionals,Mobile,4623,178,8,303.82,625.73
REC-000704,2025-03-03,CAMP-002,Brand Demand Capture,Google Ads,Brand Awareness,MENA,Students & Young Professionals,Mobile,6690,303,5,461.92,219.08
REC-001198,2025-04-15,CAMP-017,Product Demo Views,YouTube Ads,Product Education,Europe,Returning Customers,Desktop,24978,212,6,199.3,921.07
REC-002493,2025-08-10,CAMP-018,Programmatic Market Reach,Display Ads,Brand Awareness,North America,Returning Customers,Desktop,14312,58,1,48.72,55.56
REC-000342,2025-01-31,CAMP-009,Startup Founder Leads,LinkedIn Ads,Lead Generation,Europe,New Customers,Mobile,5525,83,6,416.15,822.53
REC-001133,2025-04-09,CAMP-013,Lifecycle Nurture,Email,Customer Nurture,North America,New Customers,Desktop,8002,352,27,89.23,2228.6
REC-005107,2026-03-23,CAMP-003,High Intent Retargeting,Google Ads,Retargeting,Europe,Returning Customers,Desktop,15719,1170,133,2231.26,21159.6
REC-005689,2026-05-14,CAMP-014,Win Back Customers,Email,Reactivation,North America,New Customers,Desktop,7069,416,69,94.05,7313.3
REC-000151,2025-01-13,CAMP-021,Micro Creator Conversion,Influencer,Influencer Partnership,Europe,Returning Customers,Desktop,55723,1797,103,1705.26,15125.68
REC-003524,2025-11-07,CAMP-011,Creator Product Launch,TikTok Ads,Product Launch,Asia-Pacific,Small Business Owners,Mobile,9214,151,3,143.79,498.75
REC-005819,2026-05-25,CAMP-001,Search Growth Engine,Google Ads,Always-on Acquisition,Europe,Small Business Owners,Desktop,12279,588,31,1057.29,3536.81
REC-003507,2025-11-05,CAMP-001,Search Growth Engine,Google Ads,Always-on Acquisition,Europe,Students & Young Professionals,Mobile,10855,443,19,750.62,1063.23
REC-000524,2025-02-15,CAMP-018,Programmatic Market Reach,Display Ads,Brand Awareness,Europe,Enterprise Decision Makers,Desktop,44912,176,1,134.41,181.6
REC-000799,2025-03-12,CAMP-023,Enterprise Pipeline Builder,LinkedIn Ads,Lead Generation,North America,Small Business Owners,Mobile,9360,170,14,860.0,3712.75
REC-000167,2025-01-15,CAMP-001,Search Growth Engine,Google Ads,Always-on Acquisition,MENA,Students & Young Professionals,Mobile,18950,863,34,1214.66,2883.5
REC-005641,2026-05-10,CAMP-009,Startup Founder Leads,LinkedIn Ads,Lead Generation,North America,New Customers,Desktop,2421,33,3,231.39,328.09
REC-004053,2025-12-20,CAMP-007,B2B Decision Makers,LinkedIn Ads,Lead Generation,North America,Enterprise Decision Makers,Desktop,5377,83,7,588.74,2181.86
REC-001420,2025-05-03,CAMP-003,High Intent Retargeting,Google Ads,Retargeting,Latin America,Small Business Owners,Mobile,17009,1261,121,1427.41,23786.06
REC-006134,2026-06-22,CAMP-019,Display Retargeting Loop,Display Ads,Retargeting,MENA,Students & Young Professionals,Mobile,19752,170,1,103.52,84.06
REC-000295,2025-01-26,CAMP-021,Micro Creator Conversion,Influencer,Influencer Partnership,North America,New Customers,Mobile,10748,345,8,211.04,700.65
REC-002963,2025-09-20,CAMP-003,High Intent Retargeting,Google Ads,Retargeting,North America,New Customers,Mobile,8266,567,39,993.98,4009.63
REC-001271,2025-04-21,CAMP-007,B2B Decision Makers,LinkedIn Ads,Lead Generation,Europe,Students & Young Professionals,Mobile,2122,32,3,154.87,251.31
REC-002255,2025-07-21,CAMP-005,Cart Recovery Social,Meta Ads,Retargeting,North America,New Customers,Desktop,4668,123,7,184.16,659.88
REC-004436,2026-01-21,CAMP-013,Lifecycle Nurture,Email,Customer Nurture,Europe,Students & Young Professionals,Mobile,8282,448,31,102.02,1886.24
REC-005040,2026-03-16,CAMP-012,Youth Engagement Sprint,TikTok Ads,Engagement,Europe,Students & Young Professionals,Desktop,19726,303,5,266.0,216.7
REC-005456,2026-04-23,CAMP-010,Short Video Discovery,TikTok Ads,Prospecting,MENA,Returning Customers,Desktop,29595,425,13,307.91,1745.87
REC-000529,2025-02-15,CAMP-015,Monthly Product Digest,Email,Customer Nurture,North America,Returning Customers,Mobile,11764,645,89,123.75,11805.15
REC-004924,2026-03-06,CAMP-017,Product Demo Views,YouTube Ads,Product Education,Latin America,Small Business Owners,Mobile,21974,243,5,184.94,704.89
REC-004562,2026-02-02,CAMP-012,Youth Engagement Sprint,TikTok Ads,Engagement,MENA,Returning Customers,Desktop,11634,177,4,156.75,392.62
REC-001389,2025-04-30,CAMP-005,Cart Recovery Social,Meta Ads,Retargeting,MENA,New Customers,Tablet,13150,301,13,303.05,1309.78
REC-002162,2025-07-13,CAMP-020,Creator Partnership Series,Influencer,Influencer Partnership,Europe,Enterprise Decision Makers,Mobile,34273,1191,48,746.04,15377.76
REC-002530,2025-08-14,CAMP-011,Creator Product Launch,TikTok Ads,Product Launch,Europe,Students & Young Professionals,Mobile,20153,467,7,361.2,489.09
REC-000772,2025-03-09,CAMP-007,B2B Decision Makers,LinkedIn Ads,Lead Generation,Latin America,Enterprise Decision Makers,Mobile,6951,102,9,362.83,2693.51
REC-003676,2025-11-19,CAMP-005,Cart Recovery Social,Meta Ads,Retargeting,Latin America,Small Business Owners,Mobile,21874,609,29,439.75,3759.71
REC-003994,2025-12-15,CAMP-016,Video Reach Accelerator,YouTube Ads,Brand Awareness,Asia-Pacific,Students & Young Professionals,Mobile,37467,341,2,246.21,98.07
REC-004543,2026-01-31,CAMP-003,High Intent Retargeting,Google Ads,Retargeting,North America,New Customers,Desktop,3740,180,18,340.59,2135.49
REC-004578,2026-02-03,CAMP-023,Enterprise Pipeline Builder,LinkedIn Ads,Lead Generation,North America,New Customers,Desktop,4222,57,6,378.85,978.79
REC-004405,2026-01-19,CAMP-012,Youth Engagement Sprint,TikTok Ads,Engagement,MENA,New Customers,Mobile,14504,219,4,220.14,249.46
REC-003247,2025-10-15,CAMP-001,Search Growth Engine,Google Ads,Always-on Acquisition,North America,New Customers,Mobile,22675,1342,81,3021.52,8727.25
REC-002155,2025-07-12,CAMP-010,Short Video Discovery,TikTok Ads,Prospecting,Europe,Returning Customers,Mobile,14435,219,6,180.92,722.39
REC-000735,2025-03-05,CAMP-004,Social Scale Prospecting,Meta Ads,Prospecting,MENA,Returning Customers,Mobile,24161,778,30,635.8,4145.3
REC-003870,2025-12-05,CAMP-014,Win Back Customers,Email,Reactivation,Asia-Pacific,Small Business Owners,Desktop,10475,796,94,125.4,19186.74
REC-002802,2025-09-07,CAMP-018,Programmatic Market Reach,Display Ads,Brand Awareness,Latin America,Returning Customers,Desktop,24342,79,1,36.07,77.66
REC-004603,2026-02-05,CAMP-015,Monthly Product Digest,Email,Customer Nurture,MENA,Small Business Owners,Desktop,8333,296,34,91.08,4053.81
REC-001153,2025-04-10,CAMP-010,Short Video Discovery,TikTok Ads,Prospecting,Latin America,Small Business Owners,Mobile,7538,153,4,136.79,584.09
REC-003535,2025-11-08,CAMP-014,Win Back Customers,Email,Reactivation,MENA,New Customers,Mobile,4607,302,43,67.49,4096.1
REC-000423,2025-02-07,CAMP-013,Lifecycle Nurture,Email,Customer Nurture,North America,Small Business Owners,Desktop,13573,625,77,135.56,10217.36
REC-001299,2025-04-23,CAMP-023,Enterprise Pipeline Builder,LinkedIn Ads,Lead Generation,Europe,Small Business Owners,Desktop,9232,142,13,843.89,2645.07
REC-000484,2025-02-11,CAMP-024,Mobile App Acquisition,Google Ads,App Acquisition,Europe,Students & Young Professionals,Desktop,8598,321,11,623.31,501.57
REC-004257,2026-01-07,CAMP-015,Monthly Product Digest,Email,Customer Nurture,Europe,Returning Customers,Mobile,15333,1060,100,173.04,14115.7
REC-002362,2025-07-31,CAMP-023,Enterprise Pipeline Builder,LinkedIn Ads,Lead Generation,Asia-Pacific,Enterprise Decision Makers,Desktop,6328,63,8,339.51,3706.03
REC-000768,2025-03-09,CAMP-018,Programmatic Market Reach,Display Ads,Brand Awareness,Europe,New Customers,Mobile,15749,67,1,74.46,56.33
REC-004593,2026-02-04,CAMP-001,Search Growth Engine,Google Ads,Always-on Acquisition,North America,Small Business Owners,Desktop,11191,449,41,976.59,4849.56
REC-005084,2026-03-21,CAMP-003,High Intent Retargeting,Google Ads,Retargeting,Europe,New Customers,Desktop,17996,793,70,1541.97,9481.61
REC-003872,2025-12-05,CAMP-012,Youth Engagement Sprint,TikTok Ads,Engagement,Asia-Pacific,Students & Young Professionals,Tablet,9788,87,1,83.0,58.27
REC-002132,2025-07-10,CAMP-017,Product Demo Views,YouTube Ads,Product Education,MENA,Small Business Owners,Mobile,13650,104,2,117.35,357.64
REC-000009,2025-01-01,CAMP-020,Creator Partnership Series,Influencer,Influencer Partnership,Latin America,Small Business Owners,Desktop,17036,411,18,324.57,3022.91
REC-002454,2025-08-07,CAMP-013,Lifecycle Nurture,Email,Customer Nurture,North America,Small Business Owners,Desktop,4023,275,42,64.02,4973.08
REC-000442,2025-02-08,CAMP-010,Short Video Discovery,TikTok Ads,Prospecting,MENA,New Customers,Tablet,9779,127,2,122.03,166.07
REC-004020,2025-12-17,CAMP-014,Win Back Customers,Email,Reactivation,North America,Returning Customers,Mobile,18069,974,186,184.03,22611.34
REC-005322,2026-04-12,CAMP-001,Search Growth Engine,Google Ads,Always-on Acquisition,Latin America,New Customers,Mobile,2966,175,9,282.73,846.43
REC-005369,2026-04-15,CAMP-001,Search Growth Engine,Google Ads,Always-on Acquisition,Europe,New Customers,Desktop,8444,314,21,511.45,2078.75
REC-005624,2026-05-08,CAMP-011,Creator Product Launch,TikTok Ads,Product Launch,Europe,Returning Customers,Mobile,22056,373,10,263.33,1378.52
REC-006027,2026-06-12,CAMP-024,Mobile App Acquisition,Google Ads,App Acquisition,Asia-Pacific,Small Business Owners,Mobile,8128,344,17,484.94,1772.39
REC-003848,2025-12-03,CAMP-005,Cart Recovery Social,Meta Ads,Retargeting,MENA,New Customers,Mobile,19407,741,34,634.66,3759.9
REC-002596,2025-08-20,CAMP-011,Creator Product Launch,TikTok Ads,Product Launch,Asia-Pacific,Returning Customers,Desktop,30429,467,20,350.17,2449.39
REC-006215,2026-06-29,CAMP-018,Programmatic Market Reach,Display Ads,Brand Awareness,MENA,New Customers,Desktop,12773,46,0,52.3,0.0
REC-003093,2025-10-01,CAMP-003,High Intent Retargeting,Google Ads,Retargeting,North America,New Customers,Mobile,18750,1285,83,2520.14,10713.6
REC-001630,2025-05-23,CAMP-018,Programmatic Market Reach,Display Ads,Brand Awareness,Europe,New Customers,Desktop,15038,44,0,37.46,0.0
REC-000962,2025-03-25,CAMP-014,Win Back Customers,Email,Reactivation,Europe,Returning Customers,Mobile,14834,1184,267,172.12,40741.56
REC-002945,2025-09-18,CAMP-020,Creator Partnership Series,Influencer,Influencer Partnership,Europe,Students & Young Professionals,Desktop,24800,707,21,552.5,1259.39
REC-004253,2026-01-06,CAMP-019,Display Retargeting Loop,Display Ads,Retargeting,MENA,Returning Customers,Desktop,33420,207,4,125.63,506.13
REC-003556,2025-11-10,CAMP-024,Mobile App Acquisition,Google Ads,App Acquisition,North America,New Customers,Desktop,6887,221,10,375.18,637.67
REC-002673,2025-08-26,CAMP-012,Youth Engagement Sprint,TikTok Ads,Engagement,MENA,New Customers,Desktop,28059,444,11,361.3,686.43
REC-002146,2025-07-11,CAMP-008,Executive Thought Leadership,LinkedIn Ads,Brand Awareness,North America,Students & Young Professionals,Desktop,6889,70,1,481.85,34.43
REC-005482,2026-04-25,CAMP-023,Enterprise Pipeline Builder,LinkedIn Ads,Lead Generation,MENA,Enterprise Decision Makers,Tablet,4788,50,5,274.57,1875.47
REC-006189,2026-06-27,CAMP-013,Lifecycle Nurture,Email,Customer Nurture,North America,Students & Young Professionals,Mobile,11226,815,57,128.23,3995.67
REC-002750,2025-09-02,CAMP-009,Startup Founder Leads,LinkedIn Ads,Lead Generation,Asia-Pacific,Returning Customers,Mobile,8190,135,10,694.42,1505.64
REC-002377,2025-08-01,CAMP-011,Creator Product Launch,TikTok Ads,Product Launch,North America,Enterprise Decision Makers,Mobile,35377,740,24,651.84,5905.21
REC-001285,2025-04-22,CAMP-013,Lifecycle Nurture,Email,Customer Nurture,Europe,Enterprise Decision Makers,Mobile,6533,417,67,76.68,21621.47
REC-005971,2026-06-07,CAMP-001,Search Growth Engine,Google Ads,Always-on Acquisition,Europe,Returning Customers,Mobile,3411,154,9,250.68,935.82
REC-005155,2026-03-28,CAMP-008,Executive Thought Leadership,LinkedIn Ads,Brand Awareness,North America,New Customers,Mobile,2227,18,1,130.43,50.47
REC-001491,2025-05-10,CAMP-011,Creator Product Launch,TikTok Ads,Product Launch,Europe,Returning Customers,Mobile,22551,496,13,377.31,1684.1
REC-002353,2025-07-30,CAMP-019,Display Retargeting Loop,Display Ads,Retargeting,North America,New Customers,Desktop,34519,248,4,147.01,382.42
REC-005278,2026-04-07,CAMP-007,B2B Decision Makers,LinkedIn Ads,Lead Generation,Europe,Small Business Owners,Tablet,9331,136,9,751.93,1811.9
REC-001990,2025-06-25,CAMP-024,Mobile App Acquisition,Google Ads,App Acquisition,MENA,New Customers,Desktop,12834,517,24,833.63,1669.28
REC-003161,2025-10-07,CAMP-023,Enterprise Pipeline Builder,LinkedIn Ads,Lead Generation,Europe,Small Business Owners,Mobile,3265,50,5,295.21,1279.3
REC-005637,2026-05-09,CAMP-019,Display Retargeting Loop,Display Ads,Retargeting,Asia-Pacific,Students & Young Professionals,Mobile,22459,239,3,142.12,256.96
REC-001565,2025-05-16,CAMP-009,Startup Founder Leads,LinkedIn Ads,Lead Generation,Asia-Pacific,Returning Customers,Desktop,4117,44,5,186.47,955.69
REC-000365,2025-02-02,CAMP-017,Product Demo Views,YouTube Ads,Product Education,Latin America,Returning Customers,Tablet,10650,98,3,79.55,346.84
REC-000866,2025-03-18,CAMP-004,Social Scale Prospecting,Meta Ads,Prospecting,Europe,Enterprise Decision Makers,Desktop,10366,221,10,222.49,3127.81
REC-000976,2025-03-27,CAMP-009,Startup Founder Leads,LinkedIn Ads,Lead Generation,Latin America,New Customers,Mobile,8758,153,9,709.08,955.0
REC-005916,2026-06-02,CAMP-008,Executive Thought Leadership,LinkedIn Ads,Brand Awareness,MENA,Students & Young Professionals,Mobile,7329,57,2,244.75,80.39
REC-002261,2025-07-22,CAMP-003,High Intent Retargeting,Google Ads,Retargeting,North America,New Customers,Desktop,5094,280,28,495.54,3268.01
REC-003729,2025-11-23,CAMP-007,B2B Decision Makers,LinkedIn Ads,Lead Generation,Asia-Pacific,Students & Young Professionals,Mobile,5232,100,7,422.27,526.53
REC-004720,2026-02-15,CAMP-012,Youth Engagement Sprint,TikTok Ads,Engagement,Latin America,Students & Young Professionals,Mobile,14643,255,3,207.25,142.82
REC-002445,2025-08-07,CAMP-010,Short Video Discovery,TikTok Ads,Prospecting,Asia-Pacific,Returning Customers,Mobile,28387,530,16,297.7,1852.15
REC-005138,2026-03-26,CAMP-017,Product Demo Views,YouTube Ads,Product Education,MENA,Enterprise Decision Makers,Desktop,47866,393,10,284.44,3406.09
REC-004104,2025-12-25,CAMP-010,Short Video Discovery,TikTok Ads,Prospecting,North America,New Customers,Desktop,16715,298,5,257.09,401.69
REC-001030,2025-04-01,CAMP-013,Lifecycle Nurture,Email,Customer Nurture,Asia-Pacific,New Customers,Mobile,11231,617,59,125.31,6424.67
REC-000536,2025-02-16,CAMP-008,Executive Thought Leadership,LinkedIn Ads,Brand Awareness,Asia-Pacific,New Customers,Desktop,1704,13,1,111.39,39.73
REC-005025,2026-03-15,CAMP-001,Search Growth Engine,Google Ads,Always-on Acquisition,Europe,Small Business Owners,Mobile,17281,807,50,1194.96,5655.85
REC-006101,2026-06-18,CAMP-001,Search Growth Engine,Google Ads,Always-on Acquisition,North America,New Customers,Mobile,9381,430,24,880.62,2491.31
REC-002627,2025-08-22,CAMP-003,High Intent Retargeting,Google Ads,Retargeting,MENA,Returning Customers,Mobile,15619,922,89,1368.88,11860.01
REC-002175,2025-07-14,CAMP-015,Monthly Product Digest,Email,Customer Nurture,Europe,Returning Customers,Mobile,8613,424,39,99.38,3781.39
REC-004744,2026-02-18,CAMP-012,Youth Engagement Sprint,TikTok Ads,Engagement,Latin America,Returning Customers,Mobile,24609,446,12,252.05,1020.67
REC-002089,2025-07-05,CAMP-004,Social Scale Prospecting,Meta Ads,Prospecting,North America,Small Business Owners,Mobile,26573,667,24,698.0,3725.95
REC-005289,2026-04-09,CAMP-002,Brand Demand Capture,Google Ads,Brand Awareness,Europe,Small Business Owners,Mobile,11157,374,11,721.83,1241.24
REC-002587,2025-08-19,CAMP-005,Cart Recovery Social,Meta Ads,Retargeting,Europe,New Customers,Desktop,11474,247,18,293.68,1385.14
REC-006000,2026-06-09,CAMP-002,Brand Demand Capture,Google Ads,Brand Awareness,North America,Small Business Owners,Mobile,8569,262,8,576.83,661.18
REC-003036,2025-09-26,CAMP-006,Seasonal Offer Push,Meta Ads,Seasonal Promotion,North America,New Customers,Desktop,15340,269,9,341.75,833.78
REC-001144,2025-04-10,CAMP-017,Product Demo Views,YouTube Ads,Product Education,North America,Students & Young Professionals,Mobile,40457,444,6,415.44,416.52
REC-005314,2026-04-11,CAMP-019,Display Retargeting Loop,Display Ads,Retargeting,North America,New Customers,Mobile,38239,380,6,276.77,701.68
REC-002875,2025-09-13,CAMP-002,Brand Demand Capture,Google Ads,Brand Awareness,Europe,Returning Customers,Mobile,6460,215,10,385.06,1046.74
REC-000366,2025-02-02,CAMP-019,Display Retargeting Loop,Display Ads,Retargeting,Asia-Pacific,Returning Customers,Desktop,19437,118,4,98.74,454.02
REC-003039,2025-09-26,CAMP-008,Executive Thought Leadership,LinkedIn Ads,Brand Awareness,North America,Small Business Owners,Mobile,7337,71,2,571.97,172.06
REC-003590,2025-11-12,CAMP-002,Brand Demand Capture,Google Ads,Brand Awareness,MENA,Small Business Owners,Mobile,21590,1008,37,1220.71,3885.42
REC-003513,2025-11-06,CAMP-012,Youth Engagement Sprint,TikTok Ads,Engagement,Latin America,New Customers,Desktop,9185,115,2,114.37,162.94
REC-004809,2026-02-23,CAMP-008,Executive Thought Leadership,LinkedIn Ads,Brand Awareness,North America,New Customers,Desktop,3752,40,1,327.33,47.94
REC-000303,2025-01-27,CAMP-020,Creator Partnership Series,Influencer,Influencer Partnership,North America,New Customers,Mobile,26466,882,21,793.74,2218.62
REC-006072,2026-06-16,CAMP-009,Startup Founder Leads,LinkedIn Ads,Lead Generation,Europe,New Customers,Mobile,6916,105,4,504.27,536.63
REC-000966,2025-03-26,CAMP-010,Short Video Discovery,TikTok Ads,Prospecting,North America,Returning Customers,Mobile,10243,180,4,159.68,433.69
REC-001410,2025-05-02,CAMP-019,Display Retargeting Loop,Display Ads,Retargeting,Latin America,New Customers,Desktop,30287,196,4,82.6,422.18
REC-003216,2025-10-12,CAMP-003,High Intent Retargeting,Google Ads,Retargeting,North America,New Customers,Mobile,19945,1322,78,2303.86,10436.08
REC-002995,2025-09-22,CAMP-020,Creator Partnership Series,Influencer,Influencer Partnership,North America,New Customers,Desktop,41600,943,25,1257.37,2624.89
REC-004850,2026-02-27,CAMP-015,Monthly Product Digest,Email,Customer Nurture,Europe,Small Business Owners,Desktop,3201,143,21,39.96,2953.28
REC-004646,2026-02-09,CAMP-020,Creator Partnership Series,Influencer,Influencer Partnership,Europe,Enterprise Decision Makers,Desktop,41729,836,47,1218.36,14922.03
REC-002857,2025-09-11,CAMP-018,Programmatic Market Reach,Display Ads,Brand Awareness,MENA,Students & Young Professionals,Mobile,35239,177,0,110.35,0.0
REC-000675,2025-02-28,CAMP-013,Lifecycle Nurture,Email,Customer Nurture,Asia-Pacific,Students & Young Professionals,Desktop,12138,527,46,122.44,3840.19
REC-001290,2025-04-22,CAMP-015,Monthly Product Digest,Email,Customer Nurture,MENA,Students & Young Professionals,Tablet,15271,569,35,151.61,2820.19
REC-000691,2025-03-01,CAMP-016,Video Reach Accelerator,YouTube Ads,Brand Awareness,Europe,Returning Customers,Mobile,11580,94,1,98.14,86.67
REC-001084,2025-04-05,CAMP-020,Creator Partnership Series,Influencer,Influencer Partnership,MENA,Small Business Owners,Desktop,36356,1099,58,1178.56,7381.84
REC-003804,2025-11-29,CAMP-003,High Intent Retargeting,Google Ads,Retargeting,North America,Small Business Owners,Mobile,9554,642,41,1288.93,8061.97
REC-002460,2025-08-08,CAMP-018,Programmatic Market Reach,Display Ads,Brand Awareness,North America,Students & Young Professionals,Desktop,22856,97,2,92.95,75.5
REC-000900,2025-03-20,CAMP-004,Social Scale Prospecting,Meta Ads,Prospecting,Europe,Enterprise Decision Makers,Mobile,10319,198,6,207.89,1371.45
REC-001500,2025-05-10,CAMP-004,Social Scale Prospecting,Meta Ads,Prospecting,MENA,Students & Young Professionals,Mobile,23170,515,11,459.78,828.72
REC-002899,2025-09-15,CAMP-004,Social Scale Prospecting,Meta Ads,Prospecting,Europe,Returning Customers,Mobile,11405,261,9,316.41,1259.23
REC-000078,2025-01-07,CAMP-024,Mobile App Acquisition,Google Ads,App Acquisition,MENA,Small Business Owners,Mobile,15523,670,34,956.15,3464.52
REC-004326,2026-01-12,CAMP-015,Monthly Product Digest,Email,Customer Nurture,North America,Students & Young Professionals,Desktop,10184,535,29,113.2,2430.84
REC-002553,2025-08-16,CAMP-001,Search Growth Engine,Google Ads,Always-on Acquisition,Asia-Pacific,Returning Customers,Mobile,18877,1127,73,1729.53,10353.82
REC-005514,2026-04-28,CAMP-013,Lifecycle Nurture,Email,Customer Nurture,MENA,Students & Young Professionals,Mobile,7709,560,30,90.86,2353.98
REC-004343,2026-01-14,CAMP-001,Search Growth Engine,Google Ads,Always-on Acquisition,Europe,Enterprise Decision Makers,Desktop,13803,507,46,948.67,13393.83
REC-003529,2025-11-07,CAMP-017,Product Demo Views,YouTube Ads,Product Education,North America,New Customers,Mobile,36656,318,6,362.75,525.62
REC-004546,2026-01-31,CAMP-002,Brand Demand Capture,Google Ads,Brand Awareness,Latin America,Small Business Owners,Mobile,16109,689,20,807.7,2278.72
REC-001443,2025-05-05,CAMP-010,Short Video Discovery,TikTok Ads,Prospecting,North America,New Customers,Desktop,19686,229,5,224.52,475.49
REC-001766,2025-06-04,CAMP-014,Win Back Customers,Email,Reactivation,MENA,Small Business Owners,Mobile,5507,463,76,84.61,12512.55
REC-001597,2025-05-19,CAMP-024,Mobile App Acquisition,Google Ads,App Acquisition,MENA,Returning Customers,Mobile,13038,420,27,515.71,1895.66
REC-002193,2025-07-15,CAMP-010,Short Video Discovery,TikTok Ads,Prospecting,North America,New Customers,Mobile,29774,394,9,287.43,679.41
REC-002843,2025-09-10,CAMP-012,Youth Engagement Sprint,TikTok Ads,Engagement,Asia-Pacific,New Customers,Desktop,29488,364,7,354.78,549.31
REC-002670,2025-08-25,CAMP-023,Enterprise Pipeline Builder,LinkedIn Ads,Lead Generation,MENA,Students & Young Professionals,Desktop,6822,130,7,628.15,629.41
REC-004249,2026-01-06,CAMP-017,Product Demo Views,YouTube Ads,Product Education,MENA,Students & Young Professionals,Mobile,41496,512,8,328.92,590.16
REC-005431,2026-04-21,CAMP-014,Win Back Customers,Email,Reactivation,Europe,Enterprise Decision Makers,Desktop,3328,221,42,59.35,12490.01
REC-002036,2025-06-30,CAMP-019,Display Retargeting Loop,Display Ads,Retargeting,Europe,Small Business Owners,Mobile,27391,199,5,140.23,781.28
REC-004930,2026-03-06,CAMP-023,Enterprise Pipeline Builder,LinkedIn Ads,Lead Generation,Europe,Small Business Owners,Mobile,5770,123,13,628.91,2641.64
REC-003840,2025-12-02,CAMP-004,Social Scale Prospecting,Meta Ads,Prospecting,Latin America,Small Business Owners,Mobile,29262,711,21,488.74,2852.44
REC-002690,2025-08-27,CAMP-001,Search Growth Engine,Google Ads,Always-on Acquisition,Asia-Pacific,New Customers,Mobile,7354,305,16,560.53,1560.57
REC-001171,2025-04-12,CAMP-021,Micro Creator Conversion,Influencer,Influencer Partnership,North America,Enterprise Decision Makers,Mobile,45359,1355,42,1444.5,9926.11
REC-000933,2025-03-23,CAMP-010,Short Video Discovery,TikTok Ads,Prospecting,MENA,New Customers,Desktop,8916,163,4,132.6,314.65
REC-003706,2025-11-22,CAMP-007,B2B Decision Makers,LinkedIn Ads,Lead Generation,Asia-Pacific,New Customers,Desktop,1953,32,2,211.99,281.07
REC-002520,2025-08-13,CAMP-019,Display Retargeting Loop,Display Ads,Retargeting,Asia-Pacific,Enterprise Decision Makers,Mobile,14574,128,3,91.76,989.62
REC-005829,2026-05-25,CAMP-014,Win Back Customers,Email,Reactivation,North America,New Customers,Tablet,1987,113,15,33.35,2079.28
REC-000344,2025-01-31,CAMP-013,Lifecycle Nurture,Email,Customer Nurture,North America,Enterprise Decision Makers,Mobile,13804,658,98,140.69,26555.1
REC-004886,2026-03-02,CAMP-015,Monthly Product Digest,Email,Customer Nurture,Asia-Pacific,Returning Customers,Mobile,7902,454,41,87.63,4130.09
REC-000570,2025-02-19,CAMP-015,Monthly Product Digest,Email,Customer Nurture,MENA,Students & Young Professionals,Desktop,7083,334,35,87.76,2204.99
REC-002496,2025-08-11,CAMP-023,Enterprise Pipeline Builder,LinkedIn Ads,Lead Generation,MENA,Small Business Owners,Mobile,6852,118,10,604.77,2469.37
REC-003224,2025-10-13,CAMP-017,Product Demo Views,YouTube Ads,Product Education,Latin America,Small Business Owners,Mobile,32079,274,4,182.56,619.55
REC-004896,2026-03-03,CAMP-018,Programmatic Market Reach,Display Ads,Brand Awareness,Asia-Pacific,New Customers,Mobile,47344,237,1,139.85,43.33
REC-003821,2025-12-01,CAMP-008,Executive Thought Leadership,LinkedIn Ads,Brand Awareness,Europe,Small Business Owners,Mobile,8298,80,4,384.62,255.59
REC-003667,2025-11-18,CAMP-020,Creator Partnership Series,Influencer,Influencer Partnership,Asia-Pacific,New Customers,Mobile,68447,2758,88,1973.32,8831.15
REC-005611,2026-05-07,CAMP-013,Lifecycle Nurture,Email,Customer Nurture,MENA,New Customers,Mobile,5300,398,47,74.74,3644.8
REC-000067,2025-01-06,CAMP-015,Monthly Product Digest,Email,Customer Nurture,Europe,Students & Young Professionals,Desktop,7795,474,32,85.06,2519.66
REC-005493,2026-04-26,CAMP-014,Win Back Customers,Email,Reactivation,North America,Returning Customers,Mobile,11988,960,101,133.22,16716.78
REC-002703,2025-08-28,CAMP-020,Creator Partnership Series,Influencer,Influencer Partnership,MENA,New Customers,Mobile,20526,717,15,540.82,1669.39
REC-004887,2026-03-02,CAMP-023,Enterprise Pipeline Builder,LinkedIn Ads,Lead Generation,Asia-Pacific,Small Business Owners,Mobile,1718,29,3,122.75,542.85
REC-004035,2025-12-18,CAMP-003,High Intent Retargeting,Google Ads,Retargeting,MENA,Returning Customers,Tablet,16127,827,77,1431.08,9324.85
REC-002649,2025-08-24,CAMP-015,Monthly Product Digest,Email,Customer Nurture,Asia-Pacific,Returning Customers,Tablet,5478,258,23,69.62,3357.04
REC-002008,2025-06-27,CAMP-009,Startup Founder Leads,LinkedIn Ads,Lead Generation,Asia-Pacific,Enterprise Decision Makers,Mobile,5026,93,8,434.86,3117.67
REC-002152,2025-07-12,CAMP-018,Programmatic Market Reach,Display Ads,Brand Awareness,MENA,Returning Customers,Desktop,22133,88,0,63.38,0.0
REC-003631,2025-11-16,CAMP-007,B2B Decision Makers,LinkedIn Ads,Lead Generation,Europe,Returning Customers,Desktop,7583,100,15,554.23,2639.32
REC-002095,2025-07-06,CAMP-014,Win Back Customers,Email,Reactivation,Latin America,Small Business Owners,Desktop,1604,109,19,39.46,3692.2
REC-003031,2025-09-25,CAMP-010,Short Video Discovery,TikTok Ads,Prospecting,Europe,Enterprise Decision Makers,Mobile,23765,441,8,332.7,2505.73
REC-005617,2026-05-08,CAMP-007,B2B Decision Makers,LinkedIn Ads,Lead Generation,Europe,New Customers,Mobile,2739,52,5,295.64,590.46
REC-002473,2025-08-09,CAMP-019,Display Retargeting Loop,Display Ads,Retargeting,North America,New Customers,Mobile,30077,250,4,177.98,383.59
REC-006002,2026-06-09,CAMP-020,Creator Partnership Series,Influencer,Influencer Partnership,Europe,New Customers,Mobile,12510,355,8,238.93,857.06
REC-001425,2025-05-03,CAMP-019,Display Retargeting Loop,Display Ads,Retargeting,Asia-Pacific,Enterprise Decision Makers,Mobile,28030,242,3,136.81,773.86
REC-000525,2025-02-15,CAMP-002,Brand Demand Capture,Google Ads,Brand Awareness,Europe,Students & Young Professionals,Tablet,11455,310,7,578.41,306.13
REC-004892,2026-03-03,CAMP-019,Display Retargeting Loop,Display Ads,Retargeting,North America,Small Business Owners,Desktop,49186,363,8,204.05,1434.39
REC-002708,2025-08-29,CAMP-007,B2B Decision Makers,LinkedIn Ads,Lead Generation,Europe,New Customers,Desktop,3027,52,4,244.15,421.4
REC-003894,2025-12-07,CAMP-015,Monthly Product Digest,Email,Customer Nurture,Europe,Students & Young Professionals,Desktop,3088,170,13,46.15,810.26
REC-001866,2025-06-14,CAMP-015,Monthly Product Digest,Email,Customer Nurture,MENA,New Customers,Desktop,5206,274,30,66.43,3141.04
REC-002423,2025-08-05,CAMP-009,Startup Founder Leads,LinkedIn Ads,Lead Generation,Asia-Pacific,Small Business Owners,Mobile,1514,22,2,139.8,410.88
REC-000216,2025-01-19,CAMP-019,Display Retargeting Loop,Display Ads,Retargeting,Europe,New Customers,Desktop,26354,179,3,85.58,313.98
REC-005146,2026-03-27,CAMP-016,Video Reach Accelerator,YouTube Ads,Brand Awareness,Latin America,Students & Young Professionals,Mobile,17566,156,0,144.77,0.0
REC-005662,2026-05-12,CAMP-024,Mobile App Acquisition,Google Ads,App Acquisition,Europe,New Customers,Desktop,5967,248,15,463.1,1012.08
REC-004410,2026-01-19,CAMP-002,Brand Demand Capture,Google Ads,Brand Awareness,MENA,Enterprise Decision Makers,Desktop,13225,378,20,526.76,3900.31
REC-005342,2026-04-13,CAMP-015,Monthly Product Digest,Email,Customer Nurture,MENA,New Customers,Mobile,12450,502,51,129.94,4763.02
REC-002323,2025-07-27,CAMP-015,Monthly Product Digest,Email,Customer Nurture,North America,New Customers,Mobile,9425,566,38,101.66,3968.69
REC-003010,2025-09-24,CAMP-007,B2B Decision Makers,LinkedIn Ads,Lead Generation,Asia-Pacific,Small Business Owners,Tablet,2340,21,2,135.74,322.51
REC-004706,2026-02-14,CAMP-020,Creator Partnership Series,Influencer,Influencer Partnership,Europe,Small Business Owners,Mobile,39394,1678,49,1336.83,7838.25
REC-004261,2026-01-07,CAMP-019,Display Retargeting Loop,Display Ads,Retargeting,MENA,Small Business Owners,Desktop,48661,272,8,126.3,1178.65
REC-004152,2025-12-28,CAMP-021,Micro Creator Conversion,Influencer,Influencer Partnership,Europe,Returning Customers,Mobile,9470,407,16,207.25,2012.01
REC-002524,2025-08-13,CAMP-018,Programmatic Market Reach,Display Ads,Brand Awareness,Asia-Pacific,New Customers,Desktop,50426,131,1,78.12,59.2
REC-000565,2025-02-18,CAMP-007,B2B Decision Makers,LinkedIn Ads,Lead Generation,North America,Students & Young Professionals,Mobile,6281,89,5,633.76,549.76
REC-001641,2025-05-24,CAMP-018,Programmatic Market Reach,Display Ads,Brand Awareness,Europe,New Customers,Desktop,38087,101,1,66.9,55.85
REC-003265,2025-10-16,CAMP-022,Holiday Revenue Boost,Meta Ads,Seasonal Promotion,Latin America,Small Business Owners,Mobile,30229,665,24,514.14,3610.79
REC-003002,2025-09-23,CAMP-012,Youth Engagement Sprint,TikTok Ads,Engagement,Asia-Pacific,Returning Customers,Tablet,29257,352,7,248.11,587.61
REC-000494,2025-02-12,CAMP-018,Programmatic Market Reach,Display Ads,Brand Awareness,Latin America,Small Business Owners,Desktop,21537,81,0,63.45,0.0
REC-004966,2026-03-10,CAMP-019,Display Retargeting Loop,Display Ads,Retargeting,North America,Students & Young Professionals,Mobile,47493,393,5,262.25,416.2
REC-002196,2025-07-16,CAMP-009,Startup Founder Leads,LinkedIn Ads,Lead Generation,Europe,Returning Customers,Mobile,5449,88,7,557.8,1208.36
REC-002577,2025-08-18,CAMP-010,Short Video Discovery,TikTok Ads,Prospecting,Europe,Enterprise Decision Makers,Desktop,10105,178,7,135.83,1903.0
REC-004317,2026-01-12,CAMP-019,Display Retargeting Loop,Display Ads,Retargeting,MENA,Students & Young Professionals,Mobile,23507,152,2,71.78,130.01
REC-006051,2026-06-14,CAMP-019,Display Retargeting Loop,Display Ads,Retargeting,Asia-Pacific,New Customers,Desktop,29641,253,4,105.62,329.27
REC-000061,2025-01-06,CAMP-008,Executive Thought Leadership,LinkedIn Ads,Brand Awareness,Asia-Pacific,Enterprise Decision Makers,Mobile,1825,19,0,141.38,0.0
REC-000239,2025-01-22,CAMP-008,Executive Thought Leadership,LinkedIn Ads,Brand Awareness,MENA,Small Business Owners,Desktop,4939,37,2,226.63,156.73
REC-000588,2025-02-20,CAMP-003,High Intent Retargeting,Google Ads,Retargeting,Asia-Pacific,New Customers,Tablet,3727,151,13,234.86,1579.79
REC-001530,2025-05-13,CAMP-017,Product Demo Views,YouTube Ads,Product Education,Asia-Pacific,Enterprise Decision Makers,Mobile,21784,245,4,177.65,1233.17
REC-006205,2026-06-28,CAMP-017,Product Demo Views,YouTube Ads,Product Education,Europe,Enterprise Decision Makers,Desktop,20951,167,5,189.26,1228.45
REC-003992,2025-12-15,CAMP-014,Win Back Customers,Email,Reactivation,MENA,Small Business Owners,Mobile,17608,1391,184,186.8,28743.82
REC-003930,2025-12-10,CAMP-020,Creator Partnership Series,Influencer,Influencer Partnership,MENA,New Customers,Mobile,42891,1535,55,1122.96,5560.39
REC-000928,2025-03-23,CAMP-007,B2B Decision Makers,LinkedIn Ads,Lead Generation,Europe,Students & Young Professionals,Desktop,2525,40,2,208.42,214.54
REC-006224,2026-06-29,CAMP-017,Product Demo Views,YouTube Ads,Product Education,Asia-Pacific,Students & Young Professionals,Mobile,15621,223,3,211.65,257.26
REC-006052,2026-06-14,CAMP-008,Executive Thought Leadership,LinkedIn Ads,Brand Awareness,North America,New Customers,Desktop,3699,36,1,237.51,46.42
REC-003867,2025-12-05,CAMP-001,Search Growth Engine,Google Ads,Always-on Acquisition,Europe,Returning Customers,Desktop,16017,744,68,1245.79,8628.78
REC-003929,2025-12-10,CAMP-022,Holiday Revenue Boost,Meta Ads,Seasonal Promotion,North America,Small Business Owners,Desktop,28827,737,51,759.93,6596.94
REC-002515,2025-08-12,CAMP-021,Micro Creator Conversion,Influencer,Influencer Partnership,MENA,Students & Young Professionals,Desktop,32727,764,17,764.34,1164.64
REC-005196,2026-03-31,CAMP-008,Executive Thought Leadership,LinkedIn Ads,Brand Awareness,MENA,New Customers,Mobile,9068,94,2,478.99,81.81
REC-003735,2025-11-24,CAMP-017,Product Demo Views,YouTube Ads,Product Education,North America,Returning Customers,Desktop,11291,121,4,132.75,543.28
REC-000470,2025-02-10,CAMP-001,Search Growth Engine,Google Ads,Always-on Acquisition,Europe,New Customers,Desktop,6362,281,14,560.08,1536.62
REC-001876,2025-06-15,CAMP-007,B2B Decision Makers,LinkedIn Ads,Lead Generation,North America,Small Business Owners,Desktop,7278,109,11,621.71,1747.32
REC-001849,2025-06-12,CAMP-015,Monthly Product Digest,Email,Customer Nurture,Asia-Pacific,Small Business Owners,Desktop,13774,551,61,146.07,7830.88
REC-004327,2026-01-12,CAMP-009,Startup Founder Leads,LinkedIn Ads,Lead Generation,Asia-Pacific,Returning Customers,Mobile,5174,106,8,614.93,1458.88
REC-001322,2025-04-25,CAMP-007,B2B Decision Makers,LinkedIn Ads,Lead Generation,Asia-Pacific,Small Business Owners,Mobile,6951,118,7,695.65,1066.91
REC-003330,2025-10-22,CAMP-021,Micro Creator Conversion,Influencer,Influencer Partnership,Asia-Pacific,New Customers,Mobile,51885,2147,45,1269.35,3623.37
REC-003452,2025-11-01,CAMP-015,Monthly Product Digest,Email,Customer Nurture,North America,New Customers,Mobile,16663,810,46,182.86,5122.95
REC-000515,2025-02-14,CAMP-018,Programmatic Market Reach,Display Ads,Brand Awareness,North America,Returning Customers,Mobile,24423,99,2,73.19,127.96
REC-002490,2025-08-10,CAMP-015,Monthly Product Digest,Email,Customer Nurture,North America,Returning Customers,Mobile,9487,519,53,107.39,5596.06
REC-004056,2025-12-20,CAMP-024,Mobile App Acquisition,Google Ads,App Acquisition,North America,Students & Young Professionals,Mobile,5301,276,8,565.25,384.93
REC-003058,2025-09-28,CAMP-017,Product Demo Views,YouTube Ads,Product Education,Europe,Small Business Owners,Mobile,12482,164,4,143.38,532.56
REC-000386,2025-02-03,CAMP-018,Programmatic Market Reach,Display Ads,Brand Awareness,Asia-Pacific,New Customers,Mobile,15337,62,1,78.35,54.1
REC-000409,2025-02-05,CAMP-002,Brand Demand Capture,Google Ads,Brand Awareness,MENA,Returning Customers,Desktop,15139,357,18,512.74,1460.33
REC-003486,2025-11-04,CAMP-009,Startup Founder Leads,LinkedIn Ads,Lead Generation,Asia-Pacific,New Customers,Mobile,3822,66,4,341.09,487.27
REC-003480,2025-11-03,CAMP-009,Startup Founder Leads,LinkedIn Ads,Lead Generation,Latin America,Enterprise Decision Makers,Desktop,3208,36,3,180.68,921.2
REC-003177,2025-10-09,CAMP-007,B2B Decision Makers,LinkedIn Ads,Lead Generation,North America,Small Business Owners,Mobile,5632,96,6,569.25,878.35
REC-005837,2026-05-26,CAMP-015,Monthly Product Digest,Email,Customer Nurture,Europe,New Customers,Mobile,5851,337,16,64.87,1830.69
REC-003981,2025-12-14,CAMP-021,Micro Creator Conversion,Influencer,Influencer Partnership,MENA,Returning Customers,Desktop,27386,682,46,807.04,4462.78
REC-002154,2025-07-12,CAMP-023,Enterprise Pipeline Builder,LinkedIn Ads,Lead Generation,Asia-Pacific,Returning Customers,Desktop,3756,67,9,335.86,1873.65
REC-004961,2026-03-09,CAMP-007,B2B Decision Makers,LinkedIn Ads,Lead Generation,North America,Students & Young Professionals,Desktop,5520,89,5,620.26,444.04
REC-004143,2025-12-27,CAMP-023,Enterprise Pipeline Builder,LinkedIn Ads,Lead Generation,Europe,Returning Customers,Mobile,3862,85,9,543.15,1983.63
REC-004098,2025-12-24,CAMP-016,Video Reach Accelerator,YouTube Ads,Brand Awareness,North America,New Customers,Mobile,37154,234,2,267.9,125.02
REC-001062,2025-04-03,CAMP-016,Video Reach Accelerator,YouTube Ads,Brand Awareness,MENA,Students & Young Professionals,Desktop,10719,70,1,68.82,63.79
REC-000508,2025-02-13,CAMP-024,Mobile App Acquisition,Google Ads,App Acquisition,North America,Students & Young Professionals,Mobile,14895,519,17,1030.8,656.05
REC-001826,2025-06-10,CAMP-018,Programmatic Market Reach,Display Ads,Brand Awareness,North America,Small Business Owners,Mobile,26041,96,1,86.09,68.86
REC-005125,2026-03-25,CAMP-017,Product Demo Views,YouTube Ads,Product Education,Latin America,New Customers,Mobile,12048,124,2,109.76,207.12
REC-000440,2025-02-08,CAMP-020,Creator Partnership Series,Influencer,Influencer Partnership,Europe,New Customers,Mobile,14301,543,14,430.53,1321.06
REC-002548,2025-08-15,CAMP-008,Executive Thought Leadership,LinkedIn Ads,Brand Awareness,North America,Returning Customers,Mobile,3789,35,2,290.99,112.18
REC-005191,2026-03-31,CAMP-006,Seasonal Offer Push,Meta Ads,Seasonal Promotion,North America,New Customers,Mobile,7664,210,6,287.07,502.47
REC-002746,2025-09-01,CAMP-007,B2B Decision Makers,LinkedIn Ads,Lead Generation,MENA,New Customers,Mobile,4963,72,4,400.38,569.3
REC-005593,2026-05-05,CAMP-008,Executive Thought Leadership,LinkedIn Ads,Brand Awareness,Europe,New Customers,Desktop,5175,37,1,266.3,53.56
REC-001511,2025-05-11,CAMP-012,Youth Engagement Sprint,TikTok Ads,Engagement,North America,Returning Customers,Mobile,17364,183,3,233.29,235.44
REC-004461,2026-01-24,CAMP-009,Startup Founder Leads,LinkedIn Ads,Lead Generation,Europe,New Customers,Tablet,1965,18,1,133.71,111.44
REC-001870,2025-06-14,CAMP-017,Product Demo Views,YouTube Ads,Product Education,Latin America,Small Business Owners,Mobile,14691,150,2,137.09,264.36
REC-003304,2025-10-20,CAMP-005,Cart Recovery Social,Meta Ads,Retargeting,MENA,Enterprise Decision Makers,Mobile,21430,672,54,674.56,14957.04
REC-005823,2026-05-25,CAMP-010,Short Video Discovery,TikTok Ads,Prospecting,Europe,Small Business Owners,Mobile,15561,234,5,194.58,768.88
REC-003232,2025-10-13,CAMP-022,Holiday Revenue Boost,Meta Ads,Seasonal Promotion,Asia-Pacific,Returning Customers,Desktop,14077,303,27,321.31,3817.18
REC-002531,2025-08-14,CAMP-013,Lifecycle Nurture,Email,Customer Nurture,Asia-Pacific,New Customers,Mobile,14439,741,76,162.52,7857.76
REC-002789,2025-09-05,CAMP-003,High Intent Retargeting,Google Ads,Retargeting,Asia-Pacific,Small Business Owners,Mobile,10098,559,49,819.36,9137.1
REC-001114,2025-04-08,CAMP-016,Video Reach Accelerator,YouTube Ads,Brand Awareness,Asia-Pacific,Returning Customers,Tablet,15030,73,1,87.03,97.57
REC-002803,2025-09-07,CAMP-005,Cart Recovery Social,Meta Ads,Retargeting,MENA,New Customers,Mobile,4953,131,5,155.52,565.44
REC-001757,2025-06-03,CAMP-013,Lifecycle Nurture,Email,Customer Nurture,Latin America,Enterprise Decision Makers,Desktop,8625,328,56,96.28,16173.2
REC-001116,2025-04-08,CAMP-009,Startup Founder Leads,LinkedIn Ads,Lead Generation,North America,Returning Customers,Desktop,3446,48,5,301.95,739.76
REC-002082,2025-07-05,CAMP-021,Micro Creator Conversion,Influencer,Influencer Partnership,MENA,Returning Customers,Mobile,16620,507,25,371.08,2424.45
REC-006142,2026-06-23,CAMP-016,Video Reach Accelerator,YouTube Ads,Brand Awareness,MENA,Returning Customers,Mobile,21245,176,4,157.11,365.71
REC-005065,2026-03-19,CAMP-001,Search Growth Engine,Google Ads,Always-on Acquisition,Asia-Pacific,Students & Young Professionals,Mobile,8760,574,31,1022.14,2571.41
REC-001785,2025-06-06,CAMP-001,Search Growth Engine,Google Ads,Always-on Acquisition,MENA,Small Business Owners,Mobile,12773,819,63,1178.69,8359.71
REC-001391,2025-04-30,CAMP-001,Search Growth Engine,Google Ads,Always-on Acquisition,Asia-Pacific,Enterprise Decision Makers,Mobile,15443,819,49,1450.63,12526.31
REC-001339,2025-04-26,CAMP-014,Win Back Customers,Email,Reactivation,North America,Returning Customers,Desktop,4770,216,46,69.01,5502.74
REC-002966,2025-09-20,CAMP-007,B2B Decision Makers,LinkedIn Ads,Lead Generation,North America,Small Business Owners,Mobile,8368,128,10,726.17,2153.1
REC-002958,2025-09-19,CAMP-005,Cart Recovery Social,Meta Ads,Retargeting,Asia-Pacific,Students & Young Professionals,Desktop,9818,238,14,245.69,1118.78
REC-001968,2025-06-24,CAMP-012,Youth Engagement Sprint,TikTok Ads,Engagement,MENA,Students & Young Professionals,Mobile,23822,263,3,227.07,154.36
REC-003522,2025-11-07,CAMP-020,Creator Partnership Series,Influencer,Influencer Partnership,North America,New Customers,Mobile,13844,548,14,427.12,1517.62
REC-001377,2025-04-29,CAMP-016,Video Reach Accelerator,YouTube Ads,Brand Awareness,North America,Students & Young Professionals,Mobile,22733,154,1,168.24,59.31
REC-000717,2025-03-03,CAMP-024,Mobile App Acquisition,Google Ads,App Acquisition,North America,Small Business Owners,Mobile,10498,418,17,900.21,1500.56
REC-000853,2025-03-16,CAMP-024,Mobile App Acquisition,Google Ads,App Acquisition,Asia-Pacific,New Customers,Desktop,12886,370,19,662.87,1178.86
REC-001155,2025-04-10,CAMP-006,Seasonal Offer Push,Meta Ads,Seasonal Promotion,MENA,New Customers,Mobile,21682,621,18,464.59,1436.23
REC-004565,2026-02-02,CAMP-007,B2B Decision Makers,LinkedIn Ads,Lead Generation,Europe,Returning Customers,Desktop,5330,79,9,378.59,1611.24
REC-001784,2025-06-06,CAMP-018,Programmatic Market Reach,Display Ads,Brand Awareness,North America,Students & Young Professionals,Mobile,27279,121,1,98.16,44.57
REC-005132,2026-03-25,CAMP-009,Startup Founder Leads,LinkedIn Ads,Lead Generation,North America,Students & Young Professionals,Mobile,11420,151,9,1008.82,917.96
REC-002329,2025-07-27,CAMP-017,Product Demo Views,YouTube Ads,Product Education,Asia-Pacific,Returning Customers,Mobile,26123,284,8,217.06,966.89
REC-002292,2025-07-24,CAMP-013,Lifecycle Nurture,Email,Customer Nurture,Europe,Returning Customers,Mobile,8973,769,82,115.47,9058.93
REC-000714,2025-03-03,CAMP-008,Executive Thought Leadership,LinkedIn Ads,Brand Awareness,North America,Returning Customers,Mobile,7012,64,2,530.48,105.38
REC-002853,2025-09-11,CAMP-002,Brand Demand Capture,Google Ads,Brand Awareness,Europe,Small Business Owners,Desktop,8443,232,11,443.79,1082.98
REC-000840,2025-03-15,CAMP-012,Youth Engagement Sprint,TikTok Ads,Engagement,North America,Returning Customers,Desktop,10329,105,3,102.87,273.39
REC-004512,2026-01-28,CAMP-007,B2B Decision Makers,LinkedIn Ads,Lead Generation,Latin America,New Customers,Mobile,4304,63,3,268.96,442.55
REC-001484,2025-05-09,CAMP-015,Monthly Product Digest,Email,Customer Nurture,Europe,New Customers,Desktop,3087,122,13,48.41,1219.41
REC-001067,2025-04-03,CAMP-003,High Intent Retargeting,Google Ads,Retargeting,Europe,New Customers,Mobile,8455,484,39,848.26,4234.07
REC-000663,2025-02-27,CAMP-004,Social Scale Prospecting,Meta Ads,Prospecting,Asia-Pacific,Returning Customers,Mobile,9251,222,9,206.86,1033.92
REC-001895,2025-06-17,CAMP-016,Video Reach Accelerator,YouTube Ads,Brand Awareness,Asia-Pacific,New Customers,Desktop,19261,149,1,141.38,79.78
REC-005212,2026-04-02,CAMP-018,Programmatic Market Reach,Display Ads,Brand Awareness,MENA,Enterprise Decision Makers,Mobile,14339,60,1,60.64,141.52
REC-004695,2026-02-14,CAMP-024,Mobile App Acquisition,Google Ads,App Acquisition,North America,Returning Customers,Mobile,9057,286,12,498.88,787.76
REC-001985,2025-06-25,CAMP-023,Enterprise Pipeline Builder,LinkedIn Ads,Lead Generation,Europe,Enterprise Decision Makers,Desktop,7454,127,16,753.96,7497.52
REC-000802,2025-03-12,CAMP-001,Search Growth Engine,Google Ads,Always-on Acquisition,Europe,Students & Young Professionals,Mobile,11661,595,24,925.25,1534.97
REC-002610,2025-08-21,CAMP-013,Lifecycle Nurture,Email,Customer Nurture,Europe,Students & Young Professionals,Mobile,6855,456,41,92.01,3457.17
REC-002052,2025-07-02,CAMP-020,Creator Partnership Series,Influencer,Influencer Partnership,North America,Returning Customers,Mobile,30291,887,30,1003.19,3989.77
REC-005575,2026-05-04,CAMP-014,Win Back Customers,Email,Reactivation,MENA,New Customers,Mobile,7062,477,64,94.69,8460.06
REC-004008,2025-12-16,CAMP-019,Display Retargeting Loop,Display Ads,Retargeting,Asia-Pacific,Enterprise Decision Makers,Desktop,53633,289,7,142.92,1777.77
REC-002334,2025-07-28,CAMP-010,Short Video Discovery,TikTok Ads,Prospecting,MENA,Enterprise Decision Makers,Mobile,18596,281,6,184.58,1404.78
REC-002071,2025-07-04,CAMP-018,Programmatic Market Reach,Display Ads,Brand Awareness,North America,Enterprise Decision Makers,Mobile,33001,126,2,129.36,287.33
REC-005021,2026-03-15,CAMP-024,Mobile App Acquisition,Google Ads,App Acquisition,North America,New Customers,Tablet,11949,403,19,752.42,986.75
REC-005520,2026-04-29,CAMP-007,B2B Decision Makers,LinkedIn Ads,Lead Generation,North America,New Customers,Desktop,1520,17,2,130.55,225.57
REC-004001,2025-12-16,CAMP-002,Brand Demand Capture,Google Ads,Brand Awareness,Asia-Pacific,New Customers,Desktop,6373,163,8,267.84,476.42
REC-004749,2026-02-18,CAMP-017,Product Demo Views,YouTube Ads,Product Education,North America,New Customers,Desktop,23138,219,4,218.72,387.82
REC-003746,2025-11-25,CAMP-011,Creator Product Launch,TikTok Ads,Product Launch,Asia-Pacific,Students & Young Professionals,Mobile,30092,482,9,313.07,751.47
REC-001156,2025-04-11,CAMP-024,Mobile App Acquisition,Google Ads,App Acquisition,MENA,New Customers,Desktop,17533,714,29,1182.58,2062.2
REC-001908,2025-06-18,CAMP-016,Video Reach Accelerator,YouTube Ads,Brand Awareness,Asia-Pacific,Returning Customers,Tablet,8885,55,0,59.79,0.0
REC-001258,2025-04-19,CAMP-004,Social Scale Prospecting,Meta Ads,Prospecting,MENA,Students & Young Professionals,Mobile,27881,777,18,791.66,1130.38
REC-005160,2026-03-28,CAMP-002,Brand Demand Capture,Google Ads,Brand Awareness,North America,New Customers,Desktop,14630,440,18,993.3,1132.92
REC-001617,2025-05-21,CAMP-007,B2B Decision Makers,LinkedIn Ads,Lead Generation,Europe,New Customers,Desktop,6358,105,13,450.25,1637.18
REC-005477,2026-04-25,CAMP-019,Display Retargeting Loop,Display Ads,Retargeting,Asia-Pacific,New Customers,Mobile,33075,270,3,154.91,286.39
REC-005659,2026-05-12,CAMP-007,B2B Decision Makers,LinkedIn Ads,Lead Generation,Asia-Pacific,New Customers,Mobile,6788,128,10,573.66,1463.65
REC-000941,2025-03-23,CAMP-016,Video Reach Accelerator,YouTube Ads,Brand Awareness,North America,Small Business Owners,Mobile,11329,103,1,97.17,100.34
REC-005428,2026-04-21,CAMP-007,B2B Decision Makers,LinkedIn Ads,Lead Generation,MENA,Returning Customers,Desktop,5887,90,11,363.0,1859.61
REC-001379,2025-04-29,CAMP-024,Mobile App Acquisition,Google Ads,App Acquisition,Europe,New Customers,Mobile,16933,873,47,1734.02,2999.42
REC-000680,2025-02-28,CAMP-018,Programmatic Market Reach,Display Ads,Brand Awareness,North America,New Customers,Mobile,13531,68,1,60.53,57.64
REC-002578,2025-08-18,CAMP-011,Creator Product Launch,TikTok Ads,Product Launch,MENA,New Customers,Mobile,11883,190,5,143.03,568.15
REC-003577,2025-11-11,CAMP-019,Display Retargeting Loop,Display Ads,Retargeting,MENA,Enterprise Decision Makers,Mobile,23112,198,4,97.56,1225.33
REC-004235,2026-01-05,CAMP-001,Search Growth Engine,Google Ads,Always-on Acquisition,North America,Small Business Owners,Mobile,6144,350,27,590.82,3918.85
REC-003390,2025-10-27,CAMP-004,Social Scale Prospecting,Meta Ads,Prospecting,MENA,Students & Young Professionals,Mobile,9255,248,8,274.6,662.72
REC-001661,2025-05-25,CAMP-014,Win Back Customers,Email,Reactivation,Asia-Pacific,Small Business Owners,Desktop,2898,204,37,45.51,5354.14
REC-003792,2025-11-28,CAMP-009,Startup Founder Leads,LinkedIn Ads,Lead Generation,Europe,Students & Young Professionals,Desktop,1781,30,2,164.28,170.98
REC-001506,2025-05-11,CAMP-017,Product Demo Views,YouTube Ads,Product Education,Asia-Pacific,Students & Young Professionals,Mobile,21625,250,4,200.12,265.32
REC-004449,2026-01-22,CAMP-020,Creator Partnership Series,Influencer,Influencer Partnership,Latin America,Returning Customers,Mobile,40927,1697,55,1330.26,7496.43
REC-005919,2026-06-02,CAMP-017,Product Demo Views,YouTube Ads,Product Education,North America,Enterprise Decision Makers,Desktop,39041,447,11,472.63,2793.12
REC-005339,2026-04-13,CAMP-021,Micro Creator Conversion,Influencer,Influencer Partnership,Latin America,New Customers,Mobile,17256,498,13,335.38,1331.28
REC-005580,2026-05-04,CAMP-013,Lifecycle Nurture,Email,Customer Nurture,North America,Enterprise Decision Makers,Mobile,6479,554,87,80.21,20168.23
REC-001926,2025-06-20,CAMP-005,Cart Recovery Social,Meta Ads,Retargeting,Asia-Pacific,Returning Customers,Desktop,11702,429,33,411.42,3374.41
REC-002814,2025-09-08,CAMP-018,Programmatic Market Reach,Display Ads,Brand Awareness,Europe,Small Business Owners,Desktop,16496,63,0,76.16,0.0
REC-002413,2025-08-04,CAMP-020,Creator Partnership Series,Influencer,Influencer Partnership,North America,New Customers,Desktop,9676,303,10,204.93,927.92
REC-005406,2026-04-18,CAMP-016,Video Reach Accelerator,YouTube Ads,Brand Awareness,Europe,Small Business Owners,Desktop,14289,117,2,112.32,211.14
REC-003937,2025-12-11,CAMP-001,Search Growth Engine,Google Ads,Always-on Acquisition,MENA,New Customers,Mobile,14484,827,46,969.56,4691.49
REC-000533,2025-02-16,CAMP-017,Product Demo Views,YouTube Ads,Product Education,MENA,Returning Customers,Desktop,6836,61,1,89.75,130.14
REC-002205,2025-07-16,CAMP-002,Brand Demand Capture,Google Ads,Brand Awareness,MENA,New Customers,Mobile,4164,158,5,239.15,307.99
REC-000944,2025-03-24,CAMP-021,Micro Creator Conversion,Influencer,Influencer Partnership,MENA,Small Business Owners,Desktop,43628,1011,50,1274.24,7863.19
REC-003915,2025-12-09,CAMP-016,Video Reach Accelerator,YouTube Ads,Brand Awareness,Asia-Pacific,Students & Young Professionals,Desktop,32868,269,3,177.17,159.09
REC-001395,2025-05-01,CAMP-003,High Intent Retargeting,Google Ads,Retargeting,North America,New Customers,Mobile,6933,497,38,954.81,5239.97
REC-001748,2025-06-02,CAMP-010,Short Video Discovery,TikTok Ads,Prospecting,Europe,Returning Customers,Desktop,18873,201,8,162.46,1028.85
REC-005262,2026-04-06,CAMP-016,Video Reach Accelerator,YouTube Ads,Brand Awareness,Europe,New Customers,Mobile,29410,253,1,230.05,75.01
REC-001940,2025-06-21,CAMP-009,Startup Founder Leads,LinkedIn Ads,Lead Generation,Europe,Students & Young Professionals,Mobile,3031,44,1,251.76,87.25
REC-000934,2025-03-23,CAMP-010,Short Video Discovery,TikTok Ads,Prospecting,Latin America,Small Business Owners,Mobile,11514,229,4,137.16,623.13
REC-005995,2026-06-09,CAMP-004,Social Scale Prospecting,Meta Ads,Prospecting,MENA,Returning Customers,Desktop,7548,152,9,176.87,1087.12
REC-002348,2025-07-30,CAMP-013,Lifecycle Nurture,Email,Customer Nurture,Asia-Pacific,Small Business Owners,Mobile,1769,128,16,31.71,2443.55
REC-002021,2025-06-28,CAMP-024,Mobile App Acquisition,Google Ads,App Acquisition,Europe,Small Business Owners,Mobile,8002,291,14,611.04,1457.12
REC-005869,2026-05-28,CAMP-011,Creator Product Launch,TikTok Ads,Product Launch,Latin America,Returning Customers,Mobile,8649,195,7,114.04,831.35
REC-003225,2025-10-13,CAMP-003,High Intent Retargeting,Google Ads,Retargeting,North America,Students & Young Professionals,Mobile,13026,1074,59,1812.7,5438.13
REC-000726,2025-03-04,CAMP-012,Youth Engagement Sprint,TikTok Ads,Engagement,MENA,Students & Young Professionals,Mobile,11944,157,2,104.46,91.49
REC-001087,2025-04-05,CAMP-014,Win Back Customers,Email,Reactivation,Europe,Enterprise Decision Makers,Mobile,14400,1193,224,153.51,65787.47
REC-004919,2026-03-05,CAMP-010,Short Video Discovery,TikTok Ads,Prospecting,Latin America,Returning Customers,Mobile,12637,249,5,184.41,615.7
REC-005735,2026-05-17,CAMP-019,Display Retargeting Loop,Display Ads,Retargeting,Latin America,Enterprise Decision Makers,Mobile,28849,267,6,112.29,1596.16
REC-003685,2025-11-20,CAMP-008,Executive Thought Leadership,LinkedIn Ads,Brand Awareness,MENA,New Customers,Mobile,6446,56,0,249.79,0.0
REC-000171,2025-01-15,CAMP-010,Short Video Discovery,TikTok Ads,Prospecting,Latin America,New Customers,Mobile,27831,482,7,338.01,704.2
REC-003765,2025-11-26,CAMP-007,B2B Decision Makers,LinkedIn Ads,Lead Generation,Europe,Students & Young Professionals,Mobile,7374,127,8,708.16,729.98
REC-005842,2026-05-26,CAMP-001,Search Growth Engine,Google Ads,Always-on Acquisition,Asia-Pacific,New Customers,Desktop,11697,398,26,600.66,2679.61
REC-002005,2025-06-27,CAMP-021,Micro Creator Conversion,Influencer,Influencer Partnership,Europe,Students & Young Professionals,Mobile,34314,1625,34,782.71,2642.69
REC-001353,2025-04-27,CAMP-006,Seasonal Offer Push,Meta Ads,Seasonal Promotion,Latin America,Students & Young Professionals,Mobile,5486,165,5,124.86,333.29
REC-001729,2025-05-31,CAMP-015,Monthly Product Digest,Email,Customer Nurture,Latin America,New Customers,Desktop,4144,170,12,54.58,1329.4
REC-005781,2026-05-22,CAMP-023,Enterprise Pipeline Builder,LinkedIn Ads,Lead Generation,Europe,Students & Young Professionals,Desktop,2140,36,2,229.22,202.03
REC-003018,2025-09-24,CAMP-008,Executive Thought Leadership,LinkedIn Ads,Brand Awareness,Europe,Small Business Owners,Mobile,6799,96,3,577.65,185.89
REC-000045,2025-01-04,CAMP-016,Video Reach Accelerator,YouTube Ads,Brand Awareness,MENA,Enterprise Decision Makers,Mobile,17752,176,2,159.03,420.09
REC-003142,2025-10-06,CAMP-013,Lifecycle Nurture,Email,Customer Nurture,Europe,Students & Young Professionals,Mobile,8423,398,32,95.37,1796.23
REC-002500,2025-08-11,CAMP-024,Mobile App Acquisition,Google Ads,App Acquisition,Asia-Pacific,Students & Young Professionals,Desktop,7224,280,11,434.93,435.38
REC-003302,2025-10-19,CAMP-020,Creator Partnership Series,Influencer,Influencer Partnership,Asia-Pacific,Small Business Owners,Mobile,44041,1310,37,1261.55,6014.64
REC-003865,2025-12-04,CAMP-021,Micro Creator Conversion,Influencer,Influencer Partnership,North America,New Customers,Mobile,27076,874,19,705.62,1979.16
REC-000292,2025-01-26,CAMP-013,Lifecycle Nurture,Email,Customer Nurture,MENA,Small Business Owners,Mobile,4599,332,33,67.45,5334.15
REC-000805,2025-03-12,CAMP-024,Mobile App Acquisition,Google Ads,App Acquisition,Europe,Small Business Owners,Desktop,11599,441,19,621.32,1640.94
REC-001768,2025-06-04,CAMP-008,Executive Thought Leadership,LinkedIn Ads,Brand Awareness,Europe,Small Business Owners,Mobile,4474,45,2,260.36,160.8
REC-003598,2025-11-13,CAMP-010,Short Video Discovery,TikTok Ads,Prospecting,MENA,Enterprise Decision Makers,Desktop,35736,612,16,409.84,5203.32
REC-003875,2025-12-05,CAMP-005,Cart Recovery Social,Meta Ads,Retargeting,Asia-Pacific,New Customers,Mobile,26705,1078,52,1166.55,5376.77
REC-000812,2025-03-13,CAMP-023,Enterprise Pipeline Builder,LinkedIn Ads,Lead Generation,Europe,New Customers,Mobile,5808,112,10,700.35,1550.74
REC-001716,2025-05-30,CAMP-018,Programmatic Market Reach,Display Ads,Brand Awareness,North America,Students & Young Professionals,Desktop,28120,106,0,107.19,0.0
REC-005287,2026-04-08,CAMP-017,Product Demo Views,YouTube Ads,Product Education,North America,New Customers,Mobile,17378,169,3,167.21,355.02
REC-001211,2025-04-16,CAMP-005,Cart Recovery Social,Meta Ads,Retargeting,Latin America,New Customers,Mobile,8500,292,11,188.91,1021.52
REC-002630,2025-08-22,CAMP-020,Creator Partnership Series,Influencer,Influencer Partnership,Europe,Enterprise Decision Makers,Desktop,22434,654,25,567.11,7286.96
REC-005062,2026-03-18,CAMP-012,Youth Engagement Sprint,TikTok Ads,Engagement,Europe,Small Business Owners,Mobile,10292,182,4,147.56,368.96
REC-003562,2025-11-10,CAMP-006,Seasonal Offer Push,Meta Ads,Seasonal Promotion,Latin America,Students & Young Professionals,Mobile,9474,165,4,169.02,331.07
REC-001901,2025-06-17,CAMP-001,Search Growth Engine,Google Ads,Always-on Acquisition,Asia-Pacific,Students & Young Professionals,Desktop,11872,454,25,770.82,1436.37
REC-005871,2026-05-29,CAMP-024,Mobile App Acquisition,Google Ads,App Acquisition,Europe,Students & Young Professionals,Mobile,13807,520,13,923.14,606.51
REC-005653,2026-05-11,CAMP-010,Short Video Discovery,TikTok Ads,Prospecting,MENA,Students & Young Professionals,Mobile,14958,254,3,219.29,252.69
REC-001461,2025-05-07,CAMP-020,Creator Partnership Series,Influencer,Influencer Partnership,Latin America,Enterprise Decision Makers,Mobile,28673,903,33,628.0,9466.7
REC-004482,2026-01-26,CAMP-018,Programmatic Market Reach,Display Ads,Brand Awareness,MENA,Returning Customers,Mobile,44031,152,0,114.69,0.0
REC-002475,2025-08-09,CAMP-010,Short Video Discovery,TikTok Ads,Prospecting,North America,Students & Young Professionals,Desktop,7908,101,3,106.3,216.36
REC-004956,2026-03-09,CAMP-001,Search Growth Engine,Google Ads,Always-on Acquisition,MENA,New Customers,Desktop,8982,424,27,520.95,2364.72
REC-002830,2025-09-09,CAMP-014,Win Back Customers,Email,Reactivation,Europe,New Customers,Desktop,8154,514,52,89.93,4920.61
REC-002893,2025-09-14,CAMP-007,B2B Decision Makers,LinkedIn Ads,Lead Generation,North America,New Customers,Desktop,7592,141,18,900.16,2108.45
REC-003460,2025-11-02,CAMP-012,Youth Engagement Sprint,TikTok Ads,Engagement,Europe,Enterprise Decision Makers,Mobile,24955,417,6,356.01,1368.04
REC-001880,2025-06-15,CAMP-010,Short Video Discovery,TikTok Ads,Prospecting,North America,Students & Young Professionals,Tablet,25606,307,5,263.06,309.97
REC-005175,2026-03-29,CAMP-010,Short Video Discovery,TikTok Ads,Prospecting,MENA,New Customers,Desktop,16783,258,6,152.22,675.77
REC-000879,2025-03-19,CAMP-024,Mobile App Acquisition,Google Ads,App Acquisition,North America,Enterprise Decision Makers,Mobile,8641,405,18,670.39,2555.14
REC-003308,2025-10-20,CAMP-003,High Intent Retargeting,Google Ads,Retargeting,Europe,Students & Young Professionals,Mobile,16506,1196,56,1948.36,5649.79
REC-001854,2025-06-13,CAMP-019,Display Retargeting Loop,Display Ads,Retargeting,MENA,Small Business Owners,Desktop,28794,225,5,92.42,807.88
REC-002182,2025-07-14,CAMP-008,Executive Thought Leadership,LinkedIn Ads,Brand Awareness,North America,Returning Customers,Mobile,1366,17,0,119.83,0.0
REC-003944,2025-12-11,CAMP-022,Holiday Revenue Boost,Meta Ads,Seasonal Promotion,MENA,Returning Customers,Desktop,11539,256,17,252.54,2494.25
REC-003201,2025-10-11,CAMP-019,Display Retargeting Loop,Display Ads,Retargeting,Europe,Students & Young Professionals,Mobile,19319,158,2,70.59,159.4
REC-001033,2025-04-01,CAMP-016,Video Reach Accelerator,YouTube Ads,Brand Awareness,Latin America,Returning Customers,Mobile,29626,256,3,195.55,324.79
REC-001431,2025-05-04,CAMP-008,Executive Thought Leadership,LinkedIn Ads,Brand Awareness,North America,New Customers,Desktop,6859,60,2,342.66,96.34
REC-002848,2025-09-10,CAMP-014,Win Back Customers,Email,Reactivation,Latin America,Students & Young Professionals,Mobile,8415,465,35,87.15,2441.03
REC-000783,2025-03-10,CAMP-018,Programmatic Market Reach,Display Ads,Brand Awareness,North America,Students & Young Professionals,Mobile,32149,108,2,114.01,80.38
REC-004767,2026-02-19,CAMP-009,Startup Founder Leads,LinkedIn Ads,Lead Generation,Europe,Small Business Owners,Desktop,4694,67,7,300.31,1227.07
REC-005150,2026-03-27,CAMP-007,B2B Decision Makers,LinkedIn Ads,Lead Generation,Asia-Pacific,New Customers,Mobile,6900,100,8,505.04,1107.52
REC-000114,2025-01-11,CAMP-009,Startup Founder Leads,LinkedIn Ads,Lead Generation,Latin America,Students & Young Professionals,Mobile,7559,112,5,421.45,456.84
REC-001054,2025-04-02,CAMP-015,Monthly Product Digest,Email,Customer Nurture,MENA,Returning Customers,Desktop,15853,705,78,165.81,7661.44
REC-005984,2026-06-08,CAMP-023,Enterprise Pipeline Builder,LinkedIn Ads,Lead Generation,MENA,New Customers,Mobile,7637,165,8,814.24,1236.56
REC-000659,2025-02-27,CAMP-023,Enterprise Pipeline Builder,LinkedIn Ads,Lead Generation,Asia-Pacific,New Customers,Desktop,8229,99,12,386.05,1953.18
REC-001758,2025-06-03,CAMP-021,Micro Creator Conversion,Influencer,Influencer Partnership,North America,Small Business Owners,Mobile,19593,723,30,561.21,4976.95
REC-000327,2025-01-29,CAMP-014,Win Back Customers,Email,Reactivation,Europe,Students & Young Professionals,Mobile,11852,1052,86,133.93,7726.37
REC-001079,2025-04-05,CAMP-002,Brand Demand Capture,Google Ads,Brand Awareness,Asia-Pacific,New Customers,Mobile,12963,496,16,923.97,1161.05
REC-001586,2025-05-18,CAMP-024,Mobile App Acquisition,Google Ads,App Acquisition,Europe,New Customers,Tablet,8383,287,8,560.53,566.27
REC-004617,2026-02-07,CAMP-019,Display Retargeting Loop,Display Ads,Retargeting,Asia-Pacific,Small Business Owners,Mobile,20109,173,2,105.52,316.81
REC-005586,2026-05-05,CAMP-021,Micro Creator Conversion,Influencer,Influencer Partnership,Asia-Pacific,New Customers,Tablet,28882,615,17,510.75,1747.86
REC-005652,2026-05-11,CAMP-014,Win Back Customers,Email,Reactivation,North America,Returning Customers,Desktop,7662,523,92,101.99,12561.85
REC-002032,2025-06-30,CAMP-018,Programmatic Market Reach,Display Ads,Brand Awareness,MENA,Returning Customers,Mobile,18604,61,1,70.5,54.91
REC-003595,2025-11-13,CAMP-013,Lifecycle Nurture,Email,Customer Nurture,North America,New Customers,Tablet,4402,219,21,53.53,1594.6
REC-001547,2025-05-14,CAMP-004,Social Scale Prospecting,Meta Ads,Prospecting,Europe,Enterprise Decision Makers,Desktop,18959,288,14,354.44,3647.24
REC-004717,2026-02-15,CAMP-016,Video Reach Accelerator,YouTube Ads,Brand Awareness,MENA,New Customers,Mobile,12098,120,0,88.15,0.0
REC-005293,2026-04-09,CAMP-004,Social Scale Prospecting,Meta Ads,Prospecting,Europe,Small Business Owners,Desktop,31311,577,28,494.63,3517.09
REC-002206,2025-07-17,CAMP-013,Lifecycle Nurture,Email,Customer Nurture,MENA,Returning Customers,Mobile,11206,942,115,123.87,13714.11
REC-000687,2025-03-01,CAMP-024,Mobile App Acquisition,Google Ads,App Acquisition,Latin America,New Customers,Desktop,10088,274,13,384.98,886.76
REC-003178,2025-10-09,CAMP-021,Micro Creator Conversion,Influencer,Influencer Partnership,MENA,Returning Customers,Desktop,29457,891,59,687.53,6368.93
REC-000345,2025-01-31,CAMP-018,Programmatic Market Reach,Display Ads,Brand Awareness,North America,Returning Customers,Mobile,14787,62,2,44.81,164.76
REC-000317,2025-01-28,CAMP-009,Startup Founder Leads,LinkedIn Ads,Lead Generation,Europe,Returning Customers,Desktop,6150,73,7,483.8,944.21
REC-001602,2025-05-20,CAMP-012,Youth Engagement Sprint,TikTok Ads,Engagement,MENA,Small Business Owners,Mobile,30960,476,10,289.12,1189.23
REC-004046,2025-12-19,CAMP-018,Programmatic Market Reach,Display Ads,Brand Awareness,MENA,New Customers,Desktop,25336,60,1,63.3,53.22
REC-002678,2025-08-26,CAMP-005,Cart Recovery Social,Meta Ads,Retargeting,Asia-Pacific,Students & Young Professionals,Desktop,6158,226,9,208.71,609.91
REC-003228,2025-10-13,CAMP-014,Win Back Customers,Email,Reactivation,Asia-Pacific,Small Business Owners,Desktop,11928,630,132,136.75,20421.25
REC-001869,2025-06-14,CAMP-019,Display Retargeting Loop,Display Ads,Retargeting,MENA,New Customers,Mobile,31410,313,3,192.3,316.07
REC-001936,2025-06-21,CAMP-013,Lifecycle Nurture,Email,Customer Nurture,Asia-Pacific,Enterprise Decision Makers,Mobile,2479,163,19,42.7,5863.21
REC-000409,2025-02-05,CAMP-002,Brand Demand Capture,Google Ads,Brand Awareness,MENA,Returning Customers,Desktop,15139,357,18,512.74,1460.33
REC-001938,2025-06-21,CAMP-015,Monthly Product Digest,Email,Customer Nurture,Europe,Returning Customers,Desktop,8603,540,74,99.77,10539.29
REC-006030,2026-06-12,CAMP-017,Product Demo Views,YouTube Ads,Product Education,Europe,New Customers,Desktop,8860,64,1,60.32,108.81
REC-002363,2025-07-31,CAMP-018,Programmatic Market Reach,Display Ads,Brand Awareness,MENA,Returning Customers,Desktop,45793,169,3,110.03,184.48
REC-001590,2025-05-18,CAMP-016,Video Reach Accelerator,YouTube Ads,Brand Awareness,MENA,New Customers,Mobile,16440,142,0,120.86,0.0
REC-003028,2025-09-25,CAMP-023,Enterprise Pipeline Builder,LinkedIn Ads,Lead Generation,Europe,Small Business Owners,Mobile,7972,128,13,582.93,3205.96
REC-000579,2025-02-19,CAMP-001,Search Growth Engine,Google Ads,Always-on Acquisition,Europe,Small Business Owners,Desktop,7871,267,22,487.06,2622.26
REC-003116,2025-10-03,CAMP-003,High Intent Retargeting,Google Ads,Retargeting,Latin America,Returning Customers,Mobile,9029,567,44,784.86,6119.77
REC-000664,2025-02-27,CAMP-021,Micro Creator Conversion,Influencer,Influencer Partnership,North America,Small Business Owners,Mobile,52390,2009,69,1290.03,11069.64
REC-002443,2025-08-06,CAMP-004,Social Scale Prospecting,Meta Ads,Prospecting,MENA,Enterprise Decision Makers,Desktop,16124,255,11,222.31,3621.91
REC-003932,2025-12-10,CAMP-024,Mobile App Acquisition,Google Ads,App Acquisition,Europe,Small Business Owners,Mobile,4719,254,10,403.49,859.6
REC-003696,2025-11-21,CAMP-007,B2B Decision Makers,LinkedIn Ads,Lead Generation,Asia-Pacific,Returning Customers,Desktop,2818,52,8,227.29,1021.37
REC-001695,2025-05-28,CAMP-021,Micro Creator Conversion,Influencer,Influencer Partnership,North America,Small Business Owners,Mobile,47052,1671,76,1613.44,10343.35
REC-004045,2025-12-19,CAMP-018,Programmatic Market Reach,Display Ads,Brand Awareness,North America,New Customers,Mobile,38740,172,1,123.22,42.57
REC-002964,2025-09-20,CAMP-016,Video Reach Accelerator,YouTube Ads,Brand Awareness,North America,Students & Young Professionals,Mobile,9076,82,1,113.08,63.99
REC-000486,2025-02-11,CAMP-009,Startup Founder Leads,LinkedIn Ads,Lead Generation,North America,Returning Customers,Desktop,3274,39,5,301.92,723.07
REC-004067,2025-12-21,CAMP-010,Short Video Discovery,TikTok Ads,Prospecting,North America,Enterprise Decision Makers,Mobile,23321,408,11,339.86,3185.99
REC-004860,2026-02-28,CAMP-016,Video Reach Accelerator,YouTube Ads,Brand Awareness,Europe,Enterprise Decision Makers,Mobile,26963,275,3,283.64,661.91
REC-000582,2025-02-19,CAMP-020,Creator Partnership Series,Influencer,Influencer Partnership,MENA,Students & Young Professionals,Desktop,17482,625,18,485.9,1185.41
REC-002302,2025-07-25,CAMP-023,Enterprise Pipeline Builder,LinkedIn Ads,Lead Generation,Europe,Enterprise Decision Makers,Mobile,7415,146,11,684.27,5436.41
REC-006077,2026-06-16,CAMP-024,Mobile App Acquisition,Google Ads,App Acquisition,Asia-Pacific,Returning Customers,Desktop,16954,464,30,695.14,2181.42
REC-003011,2025-09-24,CAMP-006,Seasonal Offer Push,Meta Ads,Seasonal Promotion,MENA,New Customers,Desktop,17477,322,13,331.3,1463.07
REC-004346,2026-01-14,CAMP-009,Startup Founder Leads,LinkedIn Ads,Lead Generation,MENA,Small Business Owners,Desktop,7351,110,10,431.39,1455.95
REC-002096,2025-07-06,CAMP-024,Mobile App Acquisition,Google Ads,App Acquisition,North America,New Customers,Mobile,13119,573,23,1002.81,1578.41
REC-002671,2025-08-26,CAMP-013,Lifecycle Nurture,Email,Customer Nurture,MENA,New Customers,Mobile,2813,192,15,42.97,1400.74
REC-001588,2025-05-18,CAMP-003,High Intent Retargeting,Google Ads,Retargeting,North America,Small Business Owners,Mobile,8883,560,48,1034.31,7757.78
REC-003934,2025-12-10,CAMP-017,Product Demo Views,YouTube Ads,Product Education,Europe,Enterprise Decision Makers,Mobile,14774,183,4,151.16,1156.72
REC-003510,2025-11-06,CAMP-005,Cart Recovery Social,Meta Ads,Retargeting,MENA,Students & Young Professionals,Desktop,11279,376,20,408.59,1330.8
REC-000410,2025-02-05,CAMP-003,High Intent Retargeting,Google Ads,Retargeting,Asia-Pacific,Enterprise Decision Makers,Mobile,15881,1007,76,1516.59,27553.82
REC-000060,2025-01-06,CAMP-009,Startup Founder Leads,LinkedIn Ads,Lead Generation,MENA,New Customers,Mobile,7831,105,4,561.69,436.58
REC-001818,2025-06-10,CAMP-008,Executive Thought Leadership,LinkedIn Ads,Brand Awareness,MENA,New Customers,Mobile,2743,23,1,151.33,46.28
REC-000656,2025-02-26,CAMP-011,Creator Product Launch,TikTok Ads,Product Launch,North America,New Customers,Desktop,12638,239,7,229.03,604.9
REC-001802,2025-06-08,CAMP-024,Mobile App Acquisition,Google Ads,App Acquisition,Asia-Pacific,Students & Young Professionals,Mobile,8714,275,7,395.48,332.87
REC-000915,2025-03-21,CAMP-019,Display Retargeting Loop,Display Ads,Retargeting,MENA,Small Business Owners,Mobile,34196,195,3,103.8,491.4
REC-003672,2025-11-19,CAMP-001,Search Growth Engine,Google Ads,Always-on Acquisition,North America,Returning Customers,Mobile,12384,679,47,1087.63,5486.52
REC-000645,2025-02-25,CAMP-007,B2B Decision Makers,LinkedIn Ads,Lead Generation,Asia-Pacific,New Customers,Mobile,1769,39,4,177.01,587.17
REC-004520,2026-01-29,CAMP-007,B2B Decision Makers,LinkedIn Ads,Lead Generation,Latin America,Enterprise Decision Makers,Mobile,3664,54,4,216.53,1157.58
REC-003654,2025-11-17,CAMP-014,Win Back Customers,Email,Reactivation,MENA,New Customers,Mobile,14018,824,73,151.35,7707.14
REC-001902,2025-06-17,CAMP-005,Cart Recovery Social,Meta Ads,Retargeting,Latin America,New Customers,Mobile,8987,299,19,263.85,2122.48
REC-005114,2026-03-23,CAMP-001,Search Growth Engine,Google Ads,Always-on Acquisition,MENA,Small Business Owners,Mobile,19648,1034,63,1689.08,10264.18
REC-004146,2025-12-28,CAMP-022,Holiday Revenue Boost,Meta Ads,Seasonal Promotion,North America,Small Business Owners,Mobile,12439,369,14,410.73,2083.38
REC-005862,2026-05-28,CAMP-017,Product Demo Views,YouTube Ads,Product Education,Europe,Returning Customers,Mobile,20690,253,5,186.47,649.93
REC-003145,2025-10-06,CAMP-015,Monthly Product Digest,Email,Customer Nurture,MENA,Students & Young Professionals,Tablet,10546,544,30,113.04,2404.58
REC-000413,2025-02-06,CAMP-024,Mobile App Acquisition,Google Ads,App Acquisition,Latin America,Small Business Owners,Desktop,11100,332,26,393.2,1940.85
REC-002121,2025-07-08,CAMP-016,Video Reach Accelerator,YouTube Ads,Brand Awareness,Asia-Pacific,New Customers,Mobile,45323,381,4,322.79,258.07
REC-000968,2025-03-26,CAMP-024,Mobile App Acquisition,Google Ads,App Acquisition,Asia-Pacific,New Customers,Desktop,10654,399,20,652.84,1139.99
REC-001057,2025-04-03,CAMP-009,Startup Founder Leads,LinkedIn Ads,Lead Generation,Europe,Returning Customers,Mobile,3534,63,8,339.77,1124.86
REC-003455,2025-11-01,CAMP-021,Micro Creator Conversion,Influencer,Influencer Partnership,North America,Enterprise Decision Makers,Tablet,27862,709,27,767.99,7548.74
REC-003955,2025-12-12,CAMP-009,Startup Founder Leads,LinkedIn Ads,Lead Generation,Asia-Pacific,New Customers,Mobile,3960,72,4,410.88,501.6
REC-002286,2025-07-24,CAMP-017,Product Demo Views,YouTube Ads,Product Education,Latin America,Returning Customers,Mobile,25757,300,7,189.73,901.96
REC-003514,2025-11-06,CAMP-022,Holiday Revenue Boost,Meta Ads,Seasonal Promotion,Europe,Small Business Owners,Tablet,29695,688,32,697.39,4730.39
REC-003679,2025-11-19,CAMP-022,Holiday Revenue Boost,Meta Ads,Seasonal Promotion,North America,Returning Customers,Mobile,21187,509,33,534.04,3493.62
REC-002778,2025-09-04,CAMP-006,Seasonal Offer Push,Meta Ads,Seasonal Promotion,North America,Students & Young Professionals,Desktop,17725,355,14,347.03,933.3
REC-003795,2025-11-29,CAMP-001,Search Growth Engine,Google Ads,Always-on Acquisition,Asia-Pacific,Returning Customers,Mobile,4805,170,11,244.75,1449.22
REC-001619,2025-05-22,CAMP-009,Startup Founder Leads,LinkedIn Ads,Lead Generation,North America,New Customers,Desktop,1740,21,2,138.29,249.07
REC-003775,2025-11-27,CAMP-004,Social Scale Prospecting,Meta Ads,Prospecting,MENA,Students & Young Professionals,Mobile,7833,175,5,152.9,398.07
REC-002204,2025-07-16,CAMP-012,Youth Engagement Sprint,TikTok Ads,Engagement,North America,Students & Young Professionals,Mobile,38135,635,8,648.46,470.09
REC-003061,2025-09-28,CAMP-013,Lifecycle Nurture,Email,Customer Nurture,Latin America,Small Business Owners,Mobile,5232,283,24,57.87,3807.75
REC-005518,2026-04-29,CAMP-014,Win Back Customers,Email,Reactivation,Latin America,New Customers,Mobile,11990,844,104,128.63,14025.19
REC-003814,2025-11-30,CAMP-003,High Intent Retargeting,Google Ads,Retargeting,Europe,Students & Young Professionals,Desktop,12340,706,45,1233.11,3536.36
REC-002247,2025-07-20,CAMP-012,Youth Engagement Sprint,TikTok Ads,Engagement,Europe,Small Business Owners,Desktop,19729,320,10,327.19,1175.97
REC-002817,2025-09-08,CAMP-017,Product Demo Views,YouTube Ads,Product Education,North America,New Customers,Desktop,13370,140,4,168.18,370.82
REC-004880,2026-03-02,CAMP-021,Micro Creator Conversion,Influencer,Influencer Partnership,MENA,Enterprise Decision Makers,Desktop,25216,624,25,644.26,5693.38
REC-003772,2025-11-27,CAMP-016,Video Reach Accelerator,YouTube Ads,Brand Awareness,Asia-Pacific,Students & Young Professionals,Desktop,36397,218,1,202.73,53.13
REC-003003,2025-09-23,CAMP-017,Product Demo Views,YouTube Ads,Product Education,North America,Small Business Owners,Desktop,44733,356,10,381.84,1216.22
REC-000070,2025-01-07,CAMP-015,Monthly Product Digest,Email,Customer Nurture,Asia-Pacific,New Customers,Desktop,8521,500,51,101.43,5124.04
REC-004296,2026-01-10,CAMP-009,Startup Founder Leads,LinkedIn Ads,Lead Generation,Europe,New Customers,Desktop,2644,38,3,231.78,350.7
REC-004496,2026-01-26,CAMP-023,Enterprise Pipeline Builder,LinkedIn Ads,Lead Generation,Asia-Pacific,New Customers,Tablet,7686,93,7,394.67,857.3
REC-002828,2025-09-09,CAMP-002,Brand Demand Capture,Google Ads,Brand Awareness,North America,Returning Customers,Mobile,18703,652,31,1093.6,2283.13
REC-004474,2026-01-25,CAMP-001,Search Growth Engine,Google Ads,Always-on Acquisition,MENA,Small Business Owners,Mobile,8891,520,35,644.71,5541.9
REC-002959,2025-09-19,CAMP-005,Cart Recovery Social,Meta Ads,Retargeting,North America,New Customers,Tablet,22340,446,18,546.69,1523.14
REC-000652,2025-02-26,CAMP-003,High Intent Retargeting,Google Ads,Retargeting,Europe,Students & Young Professionals,Mobile,11647,897,59,1531.86,5391.48
REC-002833,2025-09-09,CAMP-023,Enterprise Pipeline Builder,LinkedIn Ads,Lead Generation,Europe,New Customers,Mobile,2830,58,4,317.23,536.51
REC-001559,2025-05-15,CAMP-019,Display Retargeting Loop,Display Ads,Retargeting,Asia-Pacific,Enterprise Decision Makers,Mobile,12040,124,3,72.37,928.43
REC-000355,2025-02-01,CAMP-018,Programmatic Market Reach,Display Ads,Brand Awareness,North America,Enterprise Decision Makers,Desktop,30200,88,0,94.74,0.0
REC-004557,2026-02-01,CAMP-024,Mobile App Acquisition,Google Ads,App Acquisition,Europe,New Customers,Desktop,7663,241,14,369.45,910.66
REC-003105,2025-10-02,CAMP-002,Brand Demand Capture,Google Ads,Brand Awareness,Asia-Pacific,Students & Young Professionals,Tablet,15655,402,6,555.07,259.94
REC-004824,2026-02-25,CAMP-005,Cart Recovery Social,Meta Ads,Retargeting,MENA,New Customers,Desktop,19844,645,39,649.96,3781.57
REC-000347,2025-01-31,CAMP-021,Micro Creator Conversion,Influencer,Influencer Partnership,Europe,New Customers,Desktop,13074,354,12,236.21,1208.89
REC-004263,2026-01-07,CAMP-017,Product Demo Views,YouTube Ads,Product Education,MENA,Small Business Owners,Desktop,20929,174,6,117.17,823.26
REC-001841,2025-06-12,CAMP-020,Creator Partnership Series,Influencer,Influencer Partnership,MENA,Small Business Owners,Mobile,8219,289,12,183.68,1732.96
REC-000031,2025-01-03,CAMP-008,Executive Thought Leadership,LinkedIn Ads,Brand Awareness,North America,Students & Young Professionals,Desktop,1095,10,1,104.63,32.04
REC-005031,2026-03-16,CAMP-019,Display Retargeting Loop,Display Ads,Retargeting,Europe,New Customers,Mobile,14327,101,2,72.12,219.23
REC-003466,2025-11-02,CAMP-024,Mobile App Acquisition,Google Ads,App Acquisition,North America,Small Business Owners,Mobile,14465,632,31,1005.55,2789.51
REC-002397,2025-08-03,CAMP-012,Youth Engagement Sprint,TikTok Ads,Engagement,Asia-Pacific,New Customers,Desktop,7888,95,1,68.92,58.33
REC-003445,2025-10-31,CAMP-020,Creator Partnership Series,Influencer,Influencer Partnership,Asia-Pacific,New Customers,Mobile,25235,626,16,567.26,1717.35
REC-002901,2025-09-15,CAMP-015,Monthly Product Digest,Email,Customer Nurture,Europe,Small Business Owners,Mobile,12807,872,82,144.03,10149.19
REC-003677,2025-11-19,CAMP-010,Short Video Discovery,TikTok Ads,Prospecting,Asia-Pacific,New Customers,Mobile,31030,366,8,261.72,620.64
REC-000385,2025-02-03,CAMP-002,Brand Demand Capture,Google Ads,Brand Awareness,Europe,New Customers,Mobile,16287,500,14,817.33,1002.95
REC-001711,2025-05-29,CAMP-007,B2B Decision Makers,LinkedIn Ads,Lead Generation,MENA,Enterprise Decision Makers,Desktop,8987,115,17,501.0,5160.43
REC-000416,2025-02-06,CAMP-018,Programmatic Market Reach,Display Ads,Brand Awareness,North America,New Customers,Mobile,13577,63,0,46.24,0.0
REC-005661,2026-05-12,CAMP-024,Mobile App Acquisition,Google Ads,App Acquisition,Latin America,Enterprise Decision Makers,Mobile,19616,634,38,682.0,6065.42
REC-005233,2026-04-04,CAMP-015,Monthly Product Digest,Email,Customer Nurture,North America,Students & Young Professionals,Mobile,16599,894,38,172.62,2418.47
REC-000271,2025-01-24,CAMP-016,Video Reach Accelerator,YouTube Ads,Brand Awareness,Europe,Returning Customers,Mobile,26558,287,5,270.13,522.2
REC-001471,2025-05-07,CAMP-007,B2B Decision Makers,LinkedIn Ads,Lead Generation,MENA,Returning Customers,Desktop,7953,102,13,457.31,2298.31
REC-002258,2025-07-21,CAMP-020,Creator Partnership Series,Influencer,Influencer Partnership,Asia-Pacific,New Customers,Desktop,34695,766,24,719.93,2344.44
REC-000478,2025-02-11,CAMP-020,Creator Partnership Series,Influencer,Influencer Partnership,Asia-Pacific,Students & Young Professionals,Mobile,35900,1296,27,770.99,1511.27
REC-000177,2025-01-16,CAMP-023,Enterprise Pipeline Builder,LinkedIn Ads,Lead Generation,Asia-Pacific,Returning Customers,Desktop,2175,36,6,213.53,1392.22
REC-000401,2025-02-05,CAMP-019,Display Retargeting Loop,Display Ads,Retargeting,MENA,Small Business Owners,Desktop,39888,273,5,126.48,693.95
REC-002759,2025-09-02,CAMP-007,B2B Decision Makers,LinkedIn Ads,Lead Generation,North America,Students & Young Professionals,Desktop,7941,109,9,770.24,751.26
REC-003240,2025-10-14,CAMP-008,Executive Thought Leadership,LinkedIn Ads,Brand Awareness,Europe,Returning Customers,Mobile,5443,59,2,318.53,115.98
REC-000034,2025-01-03,CAMP-016,Video Reach Accelerator,YouTube Ads,Brand Awareness,MENA,New Customers,Mobile,13416,122,0,126.43,0.0
REC-005739,2026-05-17,CAMP-008,Executive Thought Leadership,LinkedIn Ads,Brand Awareness,MENA,New Customers,Mobile,7458,70,1,381.06,56.43
REC-004174,2025-12-30,CAMP-023,Enterprise Pipeline Builder,LinkedIn Ads,Lead Generation,MENA,New Customers,Mobile,8361,123,10,631.21,1243.88
REC-001950,2025-06-22,CAMP-017,Product Demo Views,YouTube Ads,Product Education,North America,Small Business Owners,Mobile,6118,72,0,100.4,0.0
REC-005341,2026-04-13,CAMP-015,Monthly Product Digest,Email,Customer Nurture,Latin America,Small Business Owners,Desktop,5782,226,31,73.56,4669.81
REC-001988,2025-06-25,CAMP-010,Short Video Discovery,TikTok Ads,Prospecting,North America,Enterprise Decision Makers,Mobile,25121,477,9,433.92,2927.26
REC-005770,2026-05-20,CAMP-016,Video Reach Accelerator,YouTube Ads,Brand Awareness,Europe,New Customers,Tablet,25521,125,1,108.9,69.94
REC-005883,2026-05-30,CAMP-013,Lifecycle Nurture,Email,Customer Nurture,Asia-Pacific,Returning Customers,Mobile,7004,458,55,80.66,5766.24
REC-003241,2025-10-14,CAMP-020,Creator Partnership Series,Influencer,Influencer Partnership,Asia-Pacific,Students & Young Professionals,Desktop,40729,1409,49,1128.33,2768.02
REC-005243,2026-04-04,CAMP-008,Executive Thought Leadership,LinkedIn Ads,Brand Awareness,MENA,Small Business Owners,Desktop,5368,35,1,204.27,85.1
REC-001222,2025-04-17,CAMP-008,Executive Thought Leadership,LinkedIn Ads,Brand Awareness,North America,Small Business Owners,Tablet,3118,26,1,196.74,75.85
REC-005495,2026-04-26,CAMP-020,Creator Partnership Series,Influencer,Influencer Partnership,Europe,New Customers,Desktop,12562,417,12,245.74,1332.45
REC-000406,2025-02-05,CAMP-012,Youth Engagement Sprint,TikTok Ads,Engagement,Latin America,Students & Young Professionals,Desktop,34015,358,7,274.78,292.74
REC-001097,2025-04-06,CAMP-019,Display Retargeting Loop,Display Ads,Retargeting,Asia-Pacific,Returning Customers,Desktop,39671,253,6,136.42,849.2
REC-003193,2025-10-10,CAMP-019,Display Retargeting Loop,Display Ads,Retargeting,North America,New Customers,Mobile,29303,180,2,124.73,189.08
REC-002617,2025-08-21,CAMP-002,Brand Demand Capture,Google Ads,Brand Awareness,Latin America,New Customers,Mobile,4293,128,3,175.56,195.6
REC-005682,2026-05-13,CAMP-023,Enterprise Pipeline Builder,LinkedIn Ads,Lead Generation,Europe,New Customers,Mobile,9116,126,12,767.72,1488.78
REC-003596,2025-11-13,CAMP-002,Brand Demand Capture,Google Ads,Brand Awareness,North America,Small Business Owners,Mobile,19022,625,21,1357.63,1911.45
REC-003200,2025-10-11,CAMP-017,Product Demo Views,YouTube Ads,Product Education,North America,Enterprise Decision Makers,Mobile,24987,249,4,198.38,1271.39
REC-000102,2025-01-10,CAMP-004,Social Scale Prospecting,Meta Ads,Prospecting,Europe,Small Business Owners,Desktop,19001,285,19,366.04,2259.66
REC-002388,2025-08-02,CAMP-019,Display Retargeting Loop,Display Ads,Retargeting,North America,Enterprise Decision Makers,Desktop,32203,252,6,179.99,1642.3
REC-004388,2026-01-17,CAMP-018,Programmatic Market Reach,Display Ads,Brand Awareness,North America,New Customers,Desktop,38565,118,0,76.96,0.0
REC-001964,2025-06-23,CAMP-010,Short Video Discovery,TikTok Ads,Prospecting,Europe,Students & Young Professionals,Tablet,20388,268,4,248.28,271.18
REC-002367,2025-07-31,CAMP-017,Product Demo Views,YouTube Ads,Product Education,MENA,Returning Customers,Mobile,37919,335,9,256.59,1395.18
REC-003034,2025-09-26,CAMP-019,Display Retargeting Loop,Display Ads,Retargeting,Asia-Pacific,Students & Young Professionals,Mobile,23814,187,2,114.02,146.9
REC-000609,2025-02-22,CAMP-005,Cart Recovery Social,Meta Ads,Retargeting,MENA,Students & Young Professionals,Desktop,11929,413,15,415.29,1081.0
REC-005996,2026-06-09,CAMP-014,Win Back Customers,Email,Reactivation,North America,New Customers,Mobile,9022,606,66,96.82,8948.66
REC-000104,2025-01-10,CAMP-019,Display Retargeting Loop,Display Ads,Retargeting,Asia-Pacific,Small Business Owners,Desktop,14387,136,3,88.24,372.64
REC-000863,2025-03-17,CAMP-024,Mobile App Acquisition,Google Ads,App Acquisition,Europe,New Customers,Mobile,14153,650,35,1038.03,1866.72
REC-005078,2026-03-20,CAMP-018,Programmatic Market Reach,Display Ads,Brand Awareness,North America,Students & Young Professionals,Tablet,11120,35,0,23.86,0.0
REC-002622,2025-08-21,CAMP-010,Short Video Discovery,TikTok Ads,Prospecting,MENA,Returning Customers,Mobile,31656,467,11,357.99,1292.85
REC-000245,2025-01-22,CAMP-018,Programmatic Market Reach,Display Ads,Brand Awareness,Asia-Pacific,Small Business Owners,Desktop,47721,151,1,110.78,74.47
REC-004160,2025-12-29,CAMP-013,Lifecycle Nurture,Email,Customer Nurture,Asia-Pacific,Small Business Owners,Mobile,2370,210,23,43.72,3527.2
REC-001233,2025-04-18,CAMP-005,Cart Recovery Social,Meta Ads,Retargeting,Asia-Pacific,New Customers,Desktop,14342,346,16,321.49,1461.79
REC-005131,2026-03-25,CAMP-009,Startup Founder Leads,LinkedIn Ads,Lead Generation,Europe,New Customers,Mobile,8885,135,9,592.82,1159.74
REC-001921,2025-06-19,CAMP-016,Video Reach Accelerator,YouTube Ads,Brand Awareness,Asia-Pacific,Students & Young Professionals,Mobile,18860,171,1,178.61,60.49
REC-006112,2026-06-19,CAMP-014,Win Back Customers,Email,Reactivation,Latin America,Students & Young Professionals,Desktop,2178,147,21,45.75,2051.38
REC-002717,2025-08-29,CAMP-005,Cart Recovery Social,Meta Ads,Retargeting,Europe,Students & Young Professionals,Desktop,17445,550,21,567.59,1182.62
REC-002011,2025-06-27,CAMP-020,Creator Partnership Series,Influencer,Influencer Partnership,Latin America,Small Business Owners,Desktop,11226,258,13,284.52,1764.75
REC-002870,2025-09-13,CAMP-013,Lifecycle Nurture,Email,Customer Nurture,Europe,New Customers,Desktop,6856,357,37,88.92,3641.97
REC-000120,2025-01-11,CAMP-014,Win Back Customers,Email,Reactivation,North America,Returning Customers,Mobile,11720,856,202,133.74,30498.92
REC-003408,2025-10-28,CAMP-014,Win Back Customers,Email,Reactivation,Europe,New Customers,Mobile,16813,1367,229,185.49,26495.76
REC-005205,2026-04-01,CAMP-014,Win Back Customers,Email,Reactivation,North America,Returning Customers,Mobile,3445,269,43,58.12,5729.65
REC-000030,2025-01-03,CAMP-010,Short Video Discovery,TikTok Ads,Prospecting,MENA,New Customers,Desktop,13888,193,4,163.48,440.64
REC-000121,2025-01-11,CAMP-007,B2B Decision Makers,LinkedIn Ads,Lead Generation,North America,Returning Customers,Mobile,5369,81,6,578.95,823.25
REC-001498,2025-05-10,CAMP-005,Cart Recovery Social,Meta Ads,Retargeting,Latin America,Students & Young Professionals,Desktop,19781,498,22,419.87,1484.16
REC-002686,2025-08-27,CAMP-008,Executive Thought Leadership,LinkedIn Ads,Brand Awareness,Europe,New Customers,Desktop,3495,29,1,180.79,51.51
REC-000723,2025-03-04,CAMP-007,B2B Decision Makers,LinkedIn Ads,Lead Generation,MENA,New Customers,Desktop,4996,76,6,308.6,858.46
REC-003211,2025-10-12,CAMP-019,Display Retargeting Loop,Display Ads,Retargeting,North America,Enterprise Decision Makers,Mobile,26688,185,3,117.7,846.56
REC-000824,2025-03-14,CAMP-002,Brand Demand Capture,Google Ads,Brand Awareness,Asia-Pacific,Returning Customers,Desktop,18872,551,28,834.03,2015.38
REC-002294,2025-07-24,CAMP-009,Startup Founder Leads,LinkedIn Ads,Lead Generation,Asia-Pacific,Returning Customers,Mobile,4471,73,7,324.67,1259.33
REC-006127,2026-06-21,CAMP-020,Creator Partnership Series,Influencer,Influencer Partnership,Asia-Pacific,Small Business Owners,Desktop,11488,244,8,260.57,1225.82
REC-003636,2025-11-16,CAMP-005,Cart Recovery Social,Meta Ads,Retargeting,Europe,New Customers,Desktop,10159,372,26,364.08,2033.71
REC-005773,2026-05-21,CAMP-009,Startup Founder Leads,LinkedIn Ads,Lead Generation,North America,Returning Customers,Mobile,4859,67,6,345.28,826.76
REC-006066,2026-06-15,CAMP-020,Creator Partnership Series,Influencer,Influencer Partnership,Latin America,Returning Customers,Desktop,42741,1285,65,1304.81,7583.46
REC-000141,2025-01-13,CAMP-014,Win Back Customers,Email,Reactivation,MENA,Returning Customers,Mobile,4472,261,44,60.72,7899.83
REC-000916,2025-03-22,CAMP-019,Display Retargeting Loop,Display Ads,Retargeting,MENA,New Customers,Mobile,9806,103,1,61.21,88.24
REC-000516,2025-02-14,CAMP-017,Product Demo Views,YouTube Ads,Product Education,North America,New Customers,Mobile,29995,303,5,342.34,544.06
REC-001720,2025-05-31,CAMP-016,Video Reach Accelerator,YouTube Ads,Brand Awareness,Europe,Small Business Owners,Desktop,26819,153,3,135.23,295.96
REC-000140,2025-01-13,CAMP-003,High Intent Retargeting,Google Ads,Retargeting,North America,Returning Customers,Desktop,3172,186,28,433.8,4827.78
REC-001897,2025-06-17,CAMP-018,Programmatic Market Reach,Display Ads,Brand Awareness,Europe,Returning Customers,Desktop,30453,87,1,73.86,70.42
REC-003657,2025-11-18,CAMP-005,Cart Recovery Social,Meta Ads,Retargeting,Europe,Enterprise Decision Makers,Desktop,27784,711,58,642.16,16263.89
REC-004258,2026-01-07,CAMP-021,Micro Creator Conversion,Influencer,Influencer Partnership,Asia-Pacific,New Customers,Mobile,44072,1262,34,854.45,3153.81
REC-003785,2025-11-28,CAMP-015,Monthly Product Digest,Email,Customer Nurture,North America,Small Business Owners,Desktop,5833,198,28,72.6,3347.73
REC-003884,2025-12-06,CAMP-017,Product Demo Views,YouTube Ads,Product Education,Latin America,Returning Customers,Desktop,40290,347,9,217.56,1029.72
REC-003399,2025-10-28,CAMP-013,Lifecycle Nurture,Email,Customer Nurture,North America,Enterprise Decision Makers,Mobile,10414,651,85,108.32,25286.46
REC-002628,2025-08-22,CAMP-021,Micro Creator Conversion,Influencer,Influencer Partnership,Europe,New Customers,Mobile,42710,1566,57,953.79,5351.94
REC-000268,2025-01-24,CAMP-005,Cart Recovery Social,Meta Ads,Retargeting,Europe,Returning Customers,Desktop,6295,153,10,186.91,1392.53
REC-003359,2025-10-24,CAMP-020,Creator Partnership Series,Influencer,Influencer Partnership,Asia-Pacific,Students & Young Professionals,Tablet,27943,549,15,482.26,1052.42
REC-005546,2026-05-01,CAMP-004,Social Scale Prospecting,Meta Ads,Prospecting,Asia-Pacific,Small Business Owners,Mobile,18557,332,7,287.9,1116.38
REC-005543,2026-05-01,CAMP-020,Creator Partnership Series,Influencer,Influencer Partnership,North America,New Customers,Desktop,25857,749,27,818.74,2343.64
REC-002293,2025-07-24,CAMP-009,Startup Founder Leads,LinkedIn Ads,Lead Generation,Asia-Pacific,,Desktop,4784,57,5,243.21,1663.33
REC-002263,2025-07-22,CAMP-013,Lifecycle Nurture,Email,Customer Nurture,Latin America,New Customers,Desktop,4261,181,19,49.1,1645.12
REC-000750,2025-03-07,CAMP-019,Display Retargeting Loop,Display Ads,Retargeting,Europe,New Customers,Mobile,45585,359,7,201.93,762.13
REC-004818,2026-02-24,CAMP-004,Social Scale Prospecting,Meta Ads,Prospecting,North America,New Customers,Mobile,23028,409,11,420.42,929.3
REC-002243,2025-07-20,CAMP-014,Win Back Customers,Email,Reactivation,Latin America,New Customers,Desktop,10675,656,118,121.85,12784.31
REC-005890,2026-05-30,CAMP-007,B2B Decision Makers,LinkedIn Ads,Lead Generation,MENA,Returning Customers,Desktop,3306,45,5,194.3,878.75
REC-000623,2025-02-23,CAMP-023,Enterprise Pipeline Builder,LinkedIn Ads,Lead Generation,MENA,New Customers,Desktop,3001,33,3,151.21,494.3
REC-004061,2025-12-21,CAMP-014,Win Back Customers,Email,Reactivation,Europe,New Customers,Mobile,4466,282,28,64.37,2797.23
REC-005676,2026-05-13,CAMP-001,Search Growth Engine,Google Ads,Always-on Acquisition,North America,Students & Young Professionals,Mobile,12510,548,23,1162.43,1819.74
REC-001551,2025-05-14,CAMP-008,Executive Thought Leadership,LinkedIn Ads,Brand Awareness,Europe,New Customers,Mobile,3801,35,2,215.91,82.16
REC-002099,2025-07-06,CAMP-007,B2B Decision Makers,LinkedIn Ads,Lead Generation,MENA,Returning Customers,Mobile,4568,80,8,353.75,1212.11
REC-003584,2025-11-12,CAMP-018,Programmatic Market Reach,Display Ads,Brand Awareness,North America,Enterprise Decision Makers,Desktop,38958,156,1,136.22,132.8
REC-004816,2026-02-24,CAMP-024,Mobile App Acquisition,Google Ads,App Acquisition,Europe,Returning Customers,Desktop,8953,368,26,669.24,2271.36
REC-000562,2025-02-18,CAMP-010,Short Video Discovery,TikTok Ads,Prospecting,North America,New Customers,Desktop,23608,337,10,318.41,878.07
REC-002149,2025-07-11,CAMP-010,Short Video Discovery,TikTok Ads,Prospecting,Europe,Returning Customers,Mobile,22304,423,13,398.34,1663.57
REC-002868,2025-09-13,CAMP-009,Startup Founder Leads,LinkedIn Ads,Lead Generation,Europe,Small Business Owners,Desktop,2102,32,3,149.76,488.15
REC-006174,2026-06-26,CAMP-003,High Intent Retargeting,Google Ads,Retargeting,North America,Enterprise Decision Makers,Mobile,16412,813,61,1647.2,21726.27
REC-006195,2026-06-27,CAMP-014,Win Back Customers,Email,Reactivation,Asia-Pacific,Enterprise Decision Makers,Mobile,10757,611,82,120.08,21758.92
REC-005143,2026-03-26,CAMP-003,High Intent Retargeting,Google Ads,Retargeting,Latin America,Small Business Owners,Mobile,8312,781,57,1099.2,9865.98
REC-003644,2025-11-17,CAMP-023,Enterprise Pipeline Builder,LinkedIn Ads,Lead Generation,MENA,New Customers,Desktop,2480,43,3,227.97,542.4
REC-006059,2026-06-15,CAMP-019,Display Retargeting Loop,Display Ads,Retargeting,Europe,New Customers,Mobile,31664,286,4,182.35,459.16
REC-002478,2025-08-09,CAMP-018,Programmatic Market Reach,Display Ads,Brand Awareness,Europe,Enterprise Decision Makers,Mobile,30705,120,2,102.71,322.22
REC-003342,2025-10-22,CAMP-007,B2B Decision Makers,LinkedIn Ads,Lead Generation,North America,Small Business Owners,Mobile,5025,101,7,637.1,1303.2
REC-005148,2026-03-27,CAMP-009,Startup Founder Leads,LinkedIn Ads,Lead Generation,North America,Small Business Owners,Mobile,8181,129,9,649.11,1688.2
REC-001627,2025-05-22,CAMP-014,Win Back Customers,Email,Reactivation,North America,New Customers,Mobile,4927,263,33,74.65,3299.16
REC-001070,2025-04-04,CAMP-020,Creator Partnership Series,Influencer,Influencer Partnership,Asia-Pacific,New Customers,Desktop,38058,958,39,1183.52,3849.82
REC-005388,2026-04-17,CAMP-014,Win Back Customers,Email,Reactivation,Asia-Pacific,Small Business Owners,Desktop,13315,800,140,139.74,26222.92
REC-001673,2025-05-26,CAMP-007,B2B Decision Makers,LinkedIn Ads,Lead Generation,Asia-Pacific,Returning Customers,Mobile,7481,131,15,513.76,2807.8
REC-004276,2026-01-08,CAMP-012,Youth Engagement Sprint,TikTok Ads,Engagement,MENA,Small Business Owners,Desktop,17317,182,3,178.28,293.4
REC-000814,2025-03-13,CAMP-014,Win Back Customers,Email,Reactivation,Europe,Returning Customers,Mobile,15506,1430,259,183.78,32796.81
REC-004632,2026-02-08,CAMP-008,Executive Thought Leadership,LinkedIn Ads,Brand Awareness,MENA,Small Business Owners,Mobile,3862,32,1,163.65,83.84
REC-003444,2025-10-31,CAMP-001,Search Growth Engine,Google Ads,Always-on Acquisition,MENA,New Customers,Mobile,12293,588,28,860.13,3122.29
REC-001207,2025-04-15,CAMP-009,Startup Founder Leads,LinkedIn Ads,Lead Generation,Europe,Small Business Owners,Mobile,4982,75,7,395.4,1267.16
REC-006169,2026-06-25,CAMP-010,Short Video Discovery,TikTok Ads,Prospecting,North America,Students & Young Professionals,Desktop,15572,195,3,195.68,246.53
REC-005540,2026-05-01,CAMP-016,Video Reach Accelerator,YouTube Ads,Brand Awareness,North America,New Customers,Mobile,31274,292,1,302.14,85.27
REC-003125,2025-10-04,CAMP-017,Product Demo Views,YouTube Ads,Product Education,MENA,Students & Young Professionals,Mobile,36016,395,4,245.57,305.6
REC-004310,2026-01-11,CAMP-002,Brand Demand Capture,Google Ads,Brand Awareness,Latin America,Enterprise Decision Makers,Mobile,15158,551,22,747.27,5167.48
REC-005836,2026-05-26,CAMP-005,Cart Recovery Social,Meta Ads,Retargeting,Asia-Pacific,Enterprise Decision Makers,Desktop,7952,247,20,211.89,4613.49
REC-002855,2025-09-11,CAMP-020,Creator Partnership Series,Influencer,Influencer Partnership,Latin America,Small Business Owners,Desktop,38411,896,43,1046.8,5345.41
REC-006138,2026-06-22,CAMP-013,Lifecycle Nurture,Email,Customer Nurture,North America,New Customers,Desktop,12605,884,115,150.73,11040.1
REC-005505,2026-04-27,CAMP-020,Creator Partnership Series,Influencer,Influencer Partnership,Europe,New Customers,Mobile,27402,1146,35,709.17,3458.71
REC-000767,2025-03-08,CAMP-018,Programmatic Market Reach,Display Ads,Brand Awareness,MENA,Returning Customers,Mobile,12105,45,1,40.11,55.67
REC-000795,2025-03-11,CAMP-012,Youth Engagement Sprint,TikTok Ads,Engagement,MENA,New Customers,Mobile,28215,463,7,312.74,520.97
REC-003530,2025-11-07,CAMP-007,B2B Decision Makers,LinkedIn Ads,Lead Generation,MENA,Small Business Owners,Desktop,6015,98,12,530.84,1911.74
REC-000131,2025-01-12,CAMP-023,Enterprise Pipeline Builder,LinkedIn Ads,Lead Generation,North America,Students & Young Professionals,Desktop,3293,55,5,339.45,564.02
REC-004197,2026-01-01,CAMP-012,Youth Engagement Sprint,TikTok Ads,Engagement,Europe,Returning Customers,Mobile,6997,125,3,157.45,305.61
REC-000631,2025-02-24,CAMP-023,Enterprise Pipeline Builder,LinkedIn Ads,Lead Generation,Europe,Students & Young Professionals,Mobile,7112,154,7,750.08,779.08
REC-006043,2026-06-13,CAMP-020,Creator Partnership Series,Influencer,Influencer Partnership,Asia-Pacific,New Customers,Mobile,26904,911,27,720.1,2532.38
REC-000491,2025-02-12,CAMP-016,Video Reach Accelerator,YouTube Ads,Brand Awareness,Latin America,Returning Customers,Desktop,30211,197,3,143.03,339.9
REC-005429,2026-04-21,CAMP-007,B2B Decision Makers,LinkedIn Ads,Lead Generation,Latin America,New Customers,Mobile,9472,176,9,596.6,1053.16
REC-001318,2025-04-24,CAMP-018,Programmatic Market Reach,Display Ads,Brand Awareness,MENA,Small Business Owners,Mobile,28172,116,0,64.95,0.0
REC-003340,2025-10-22,CAMP-002,Brand Demand Capture,Google Ads,Brand Awareness,Asia-Pacific,Small Business Owners,Desktop,15390,495,25,840.9,2594.68
REC-003549,2025-11-09,CAMP-015,Monthly Product Digest,Email,Customer Nurture,North America,New Customers,Desktop,8001,455,48,96.56,4049.33
REC-003123,2025-10-04,CAMP-008,Executive Thought Leadership,LinkedIn Ads,Brand Awareness,Asia-Pacific,Small Business Owners,Mobile,3964,35,0,214.99,0.0
REC-001817,2025-06-10,CAMP-008,Executive Thought Leadership,LinkedIn Ads,Brand Awareness,North America,New Customers,Desktop,5760,54,1,348.54,39.16
REC-001472,2025-05-08,CAMP-004,Social Scale Prospecting,Meta Ads,Prospecting,MENA,Returning Customers,Mobile,9720,255,11,273.96,1594.52
REC-005503,2026-04-27,CAMP-005,Cart Recovery Social,Meta Ads,Retargeting,Latin America,Small Business Owners,Desktop,32356,1032,84,884.93,11090.5
REC-001930,2025-06-20,CAMP-001,Search Growth Engine,Google Ads,Always-on Acquisition,North America,Small Business Owners,Tablet,4157,187,11,415.78,1418.27
REC-003670,2025-11-19,CAMP-008,Executive Thought Leadership,LinkedIn Ads,Brand Awareness,Latin America,Returning Customers,Desktop,9689,65,5,352.76,260.6
REC-003819,2025-11-30,CAMP-010,Short Video Discovery,TikTok Ads,Prospecting,MENA,Students & Young Professionals,Mobile,24300,434,7,349.16,461.22
REC-003261,2025-10-16,CAMP-010,Short Video Discovery,TikTok Ads,Prospecting,Europe,New Customers,Desktop,34369,364,11,285.35,1063.19
REC-000625,2025-02-23,CAMP-014,Win Back Customers,Email,Reactivation,Latin America,Students & Young Professionals,Desktop,5821,403,43,78.6,3638.03
REC-004725,2026-02-16,CAMP-001,Search Growth Engine,Google Ads,Always-on Acquisition,North America,Returning Customers,Mobile,11108,505,36,1021.57,3583.69
REC-000135,2025-01-12,CAMP-014,Win Back Customers,Email,Reactivation,Latin America,New Customers,Mobile,10047,575,69,111.13,7823.66
REC-001885,2025-06-16,CAMP-018,Programmatic Market Reach,Display Ads,Brand Awareness,North America,Returning Customers,Mobile,28879,122,1,106.5,68.48
REC-005751,2026-05-18,CAMP-020,Creator Partnership Series,Influencer,Influencer Partnership,Europe,New Customers,Mobile,48310,1465,50,886.74,4730.87
REC-001593,2025-05-19,CAMP-017,Product Demo Views,YouTube Ads,Product Education,North America,Students & Young Professionals,Mobile,20265,244,3,254.48,222.58
REC-004396,2026-01-18,CAMP-021,Micro Creator Conversion,Influencer,Influencer Partnership,Europe,New Customers,Mobile,8516,275,8,239.23,805.9
REC-003353,2025-10-23,CAMP-023,Enterprise Pipeline Builder,LinkedIn Ads,Lead Generation,Latin America,New Customers,Mobile,2408,40,2,168.38,356.15
REC-001227,2025-04-17,CAMP-003,High Intent Retargeting,GOOGLE ADS,Retargeting,MENA,New Customers,Tablet,7153,320,16,500.12,2040.38
REC-004713,2026-02-15,CAMP-011,Creator Product Launch,TikTok Ads,Product Launch,North America,Enterprise Decision Makers,Mobile,19052,275,7,268.98,1916.35
REC-000895,2025-03-20,CAMP-010,Short Video Discovery,TikTok Ads,Prospecting,North America,Enterprise Decision Makers,Mobile,12784,145,2,141.4,605.44
REC-006015,2026-06-11,CAMP-001,Search Growth Engine,Google Ads,Always-on Acquisition,Europe,New Customers,Desktop,4715,159,13,255.89,1230.43
REC-000608,2025-02-22,CAMP-016,Video Reach Accelerator,YouTube Ads,Brand Awareness,MENA,Students & Young Professionals,Mobile,21483,145,1,99.42,57.41
REC-000396,2025-02-04,CAMP-007,B2B Decision Makers,LinkedIn Ads,Lead Generation,Europe,Enterprise Decision Makers,Desktop,6124,100,9,528.27,2619.21
REC-000087,2025-01-08,CAMP-024,Mobile App Acquisition,Google Ads,App Acquisition,Asia-Pacific,Enterprise Decision Makers,Mobile,7895,292,10,399.15,1427.81
REC-005502,2026-04-27,CAMP-024,Mobile App Acquisition,Google Ads,App Acquisition,Europe,New Customers,Mobile,12392,434,13,617.17,635.13
REC-000867,2025-03-18,CAMP-016,Video Reach Accelerator,YouTube Ads,Brand Awareness,Europe,New Customers,Mobile,32903,276,4,227.82,304.16
REC-001280,2025-04-21,CAMP-019,Display Retargeting Loop,Display Ads,Retargeting,Asia-Pacific,Returning Customers,Mobile,46761,363,8,170.07,1068.22
REC-003849,2025-12-03,CAMP-021,Micro Creator Conversion,Influencer,Influencer Partnership,North America,Returning Customers,Desktop,69222,1428,84,1749.94,8366.56
REC-004288,2026-01-09,CAMP-005,Cart Recovery Social,Meta Ads,Retargeting,MENA,Students & Young Professionals,Desktop,18110,588,34,560.42,2097.73
REC-002677,2025-08-26,CAMP-003,High Intent Retargeting,Google Ads,Retargeting,Europe,Students & Young Professionals,Desktop,11954,793,50,1150.22,3608.85
REC-002484,2025-08-10,CAMP-012,Youth Engagement Sprint,TikTok Ads,Engagement,North America,Students & Young Professionals,Mobile,20484,388,5,429.39,259.08
REC-004865,2026-02-28,CAMP-001,Search Growth Engine,Google Ads,Always-on Acquisition,North America,New Customers,Desktop,5763,174,10,397.05,1145.86
REC-005602,2026-05-06,CAMP-020,Creator Partnership Series,Influencer,Influencer Partnership,North America,New Customers,Desktop,13767,381,13,408.3,1446.03
REC-005925,2026-06-03,CAMP-020,Creator Partnership Series,Influencer,Influencer Partnership,North America,Returning Customers,Mobile,27844,944,31,641.93,4548.81
REC-000510,2025-02-13,CAMP-020,Creator Partnership Series,Influencer,Influencer Partnership,North America,Enterprise Decision Makers,Mobile,58885,2292,114,1228.39,28975.62
REC-001713,2025-05-30,CAMP-012,Youth Engagement Sprint,TikTok Ads,Engagement,North America,Students & Young Professionals,Mobile,11792,141,2,141.25,118.18
REC-000133,2025-01-12,CAMP-017,Product Demo Views,YouTube Ads,Product Education,North America,New Customers,Desktop,24519,171,5,165.69,523.97
REC-001103,2025-04-07,CAMP-017,Product Demo Views,YouTube Ads,Product Education,Europe,Small Business Owners,Desktop,18283,158,3,157.66,429.02
REC-003697,2025-11-21,CAMP-004,Social Scale Prospecting,Meta Ads,Prospecting,Asia-Pacific,Enterprise Decision Makers,Desktop,15996,338,18,364.33,5293.32
REC-000655,2025-02-26,CAMP-023,Enterprise Pipeline Builder,LinkedIn Ads,Lead Generation,Latin America,New Customers,Mobile,5419,104,7,451.11,1151.82
REC-000875,2025-03-18,CAMP-003,High Intent Retargeting,Google Ads,Retargeting,North America,Students & Young Professionals,Desktop,10786,599,39,1320.13,3161.01
REC-002897,2025-09-15,CAMP-008,Executive Thought Leadership,LinkedIn Ads,Brand Awareness,Europe,Small Business Owners,Mobile,5982,52,2,263.54,150.47
REC-005481,2026-04-25,CAMP-007,B2B Decision Makers,LinkedIn Ads,Lead Generation,North America,New Customers,Mobile,7247,139,10,696.09,1465.06
REC-004693,2026-02-13,CAMP-009,Startup Founder Leads,LinkedIn Ads,Lead Generation,MENA,New Customers,Mobile,2000,33,3,194.12,313.88
REC-005592,2026-05-05,CAMP-018,Programmatic Market Reach,Display Ads,Brand Awareness,Europe,New Customers,Desktop,54355,174,0,162.9,0.0
REC-004252,2026-01-06,CAMP-012,Youth Engagement Sprint,TikTok Ads,Engagement,North America,Enterprise Decision Makers,Mobile,9812,173,3,182.86,678.44
REC-001120,2025-04-08,CAMP-007,B2B Decision Makers,LinkedIn Ads,Lead Generation,Asia-Pacific,New Customers,Tablet,8838,112,5,508.44,686.14
REC-004506,2026-01-28,CAMP-017,Product Demo Views,YouTube Ads,Product Education,North America,Students & Young Professionals,Desktop,15024,157,3,204.37,275.06
REC-004500,2026-01-27,CAMP-014,Win Back Customers,Email,Reactivation,Europe,Returning Customers,Mobile,2428,165,25,32.06,4429.33
REC-004151,2025-12-28,CAMP-017,Product Demo Views,YouTube Ads,Product Education,Europe,Small Business Owners,Mobile,22448,227,5,200.8,906.85
REC-003053,2025-09-27,CAMP-020,Creator Partnership Series,Influencer,Influencer Partnership,MENA,Small Business Owners,Desktop,45058,1169,40,881.03,6470.65
REC-004983,2026-03-11,CAMP-006,Seasonal Offer Push,Meta Ads,Seasonal Promotion,North America,New Customers,Mobile,9242,246,10,316.92,876.15
REC-001961,2025-06-23,CAMP-001,Search Growth Engine,Google Ads,Always-on Acquisition,Europe,Returning Customers,Tablet,7345,213,12,384.8,1280.37
REC-001927,2025-06-20,CAMP-005,Cart Recovery Social,Meta Ads,Retargeting,Europe,New Customers,Mobile,19564,801,28,927.61,2496.7
REC-003130,2025-10-05,CAMP-010,Short Video Discovery,TikTok Ads,Prospecting,North America,Small Business Owners,Mobile,30304,645,16,545.66,2249.99
REC-000921,2025-03-22,CAMP-014,Win Back Customers,Email,Reactivation,Asia-Pacific,Small Business Owners,Mobile,17097,987,128,171.98,19909.25
REC-004383,2026-01-17,CAMP-023,Enterprise Pipeline Builder,LinkedIn Ads,Lead Generation,North America,Returning Customers,Mobile,5693,97,10,496.56,1974.0
REC-002682,2025-08-27,CAMP-021,Micro Creator Conversion,Influencer,Influencer Partnership,North America,Small Business Owners,Mobile,60157,2272,81,1567.9,13350.68
REC-004799,2026-02-22,CAMP-018,Programmatic Market Reach,Display Ads,Brand Awareness,North America,New Customers,Mobile,21214,90,1,74.0,54.98
REC-004680,2026-02-12,CAMP-004,Social Scale Prospecting,Meta Ads,Prospecting,Latin America,Returning Customers,Mobile,20893,453,19,387.34,2780.81
REC-002190,2025-07-15,CAMP-023,Enterprise Pipeline Builder,LinkedIn Ads,Lead Generation,Europe,Returning Customers,Mobile,3375,65,8,312.58,1453.45
REC-004441,2026-01-21,CAMP-002,Brand Demand Capture,Google Ads,Brand Awareness,Latin America,Small Business Owners,Mobile,11379,544,20,735.31,1640.05
REC-000788,2025-03-11,CAMP-003,High Intent Retargeting,Google Ads,Retargeting,North America,Returning Customers,Mobile,11020,792,76,1611.83,12680.56
REC-004485,2026-01-26,CAMP-013,Lifecycle Nurture,Email,Customer Nurture,North America,New Customers,Desktop,13928,871,105,160.59,10805.59
REC-002422,2025-08-04,CAMP-023,Enterprise Pipeline Builder,LinkedIn Ads,Lead Generation,Asia-Pacific,Returning Customers,Mobile,5856,120,11,623.48,2442.28
REC-002890,2025-09-14,CAMP-017,Product Demo Views,YouTube Ads,Product Education,Europe,New Customers,Mobile,30100,394,7,396.79,820.86
REC-001939,2025-06-21,CAMP-021,Micro Creator Conversion,Influencer,Influencer Partnership,North America,Returning Customers,Desktop,17855,483,37,324.77,4320.75
REC-001292,2025-04-22,CAMP-007,B2B Decision Makers,LinkedIn Ads,Lead Generation,MENA,New Customers,Mobile,8080,130,10,478.17,1277.47
REC-001754,2025-06-03,CAMP-018,Programmatic Market Reach,Display Ads,Brand Awareness,North America,Enterprise Decision Makers,Mobile,24396,81,0,91.72,0.0
REC-005013,2026-03-14,CAMP-008,Executive Thought Leadership,LinkedIn Ads,Brand Awareness,Asia-Pacific,New Customers,Mobile,8565,98,3,632.85,127.78
REC-004615,2026-02-06,CAMP-003,High Intent Retargeting,Google Ads,Retargeting,Europe,Small Business Owners,Mobile,13168,1180,86,1791.52,12101.38
REC-006225,2026-06-29,CAMP-007,B2B Decision Makers,LinkedIn Ads,Lead Generation,Asia-Pacific,Enterprise Decision Makers,Desktop,4852,75,10,329.73,3408.12
REC-004514,2026-01-29,CAMP-013,Lifecycle Nurture,Email,Customer Nurture,MENA,New Customers,Desktop,12054,659,84,133.03,7663.75
REC-005479,2026-04-25,CAMP-005,Cart Recovery Social,Meta Ads,Retargeting,North America,Students & Young Professionals,Mobile,22056,565,18,560.86,1041.9
REC-003370,2025-10-25,CAMP-018,Programmatic Market Reach,Display Ads,Brand Awareness,North America,Small Business Owners,Mobile,10942,37,1,30.37,91.79
REC-003856,2025-12-04,CAMP-020,Creator Partnership Series,Influencer,Influencer Partnership,MENA,Enterprise Decision Makers,Mobile,52410,2035,72,1835.25,16753.72
REC-004696,2026-02-14,CAMP-024,Mobile App Acquisition,Google Ads,App Acquisition,Europe,New Customers,Desktop,10812,361,15,574.28,731.76
REC-005124,2026-03-24,CAMP-009,Startup Founder Leads,LinkedIn Ads,Lead Generation,MENA,Students & Young Professionals,Desktop,7493,89,4,501.08,325.55
REC-001091,2025-04-06,CAMP-010,Short Video Discovery,TikTok Ads,Prospecting,North America,New Customers,Mobile,23820,544,13,492.1,1457.38
REC-004241,2026-01-05,CAMP-018,Programmatic Market Reach,Display Ads,Brand Awareness,North America,New Customers,Desktop,20513,62,0,83.97,0.0
REC-001288,2025-04-22,CAMP-014,Win Back Customers,Email,Reactivation,North America,New Customers,Desktop,8940,537,72,109.81,6814.07
REC-005924,2026-06-02,CAMP-002,Brand Demand Capture,Google Ads,Brand Awareness,Asia-Pacific,New Customers,Mobile,4105,173,6,308.94,452.79
REC-001844,2025-06-12,CAMP-018,Programmatic Market Reach,Display Ads,Brand Awareness,Latin America,Returning Customers,Mobile,33897,135,1,79.91,66.67
REC-001645,2025-05-24,CAMP-015,Monthly Product Digest,Email,Customer Nurture,Asia-Pacific,Students & Young Professionals,Desktop,6560,389,27,88.07,2189.6
REC-002246,2025-07-20,CAMP-020,Creator Partnership Series,Influencer,Influencer Partnership,Latin America,Small Business Owners,Mobile,28269,966,23,812.82,3214.39
REC-000646,2025-02-25,CAMP-007,B2B Decision Makers,LinkedIn Ads,Lead Generation,North America,Small Business Owners,Mobile,4006,68,7,482.56,1401.55
REC-001848,2025-06-12,CAMP-008,Executive Thought Leadership,LinkedIn Ads,Brand Awareness,Europe,New Customers,Mobile,5751,73,2,478.31,84.71
REC-003597,2025-11-13,CAMP-018,Programmatic Market Reach,Display Ads,Brand Awareness,MENA,Students & Young Professionals,Mobile,38202,141,1,100.92,43.98
REC-002491,2025-08-10,CAMP-003,High Intent Retargeting,Google Ads,Retargeting,Europe,Students & Young Professionals,Mobile,7015,364,28,605.92,2417.6
REC-003396,2025-10-27,CAMP-024,Mobile App Acquisition,Google Ads,App Acquisition,Europe,Returning Customers,Desktop,6150,261,21,489.23,1327.99
REC-005351,2026-04-14,CAMP-001,Search Growth Engine,Google Ads,Always-on Acquisition,MENA,New Customers,Mobile,4160,219,12,367.95,1337.83
REC-002350,2025-07-30,CAMP-024,Mobile App Acquisition,Google Ads,App Acquisition,North America,Returning Customers,Mobile,9082,330,17,738.98,1048.45
REC-001692,2025-05-28,CAMP-010,Short Video Discovery,TikTok Ads,Prospecting,MENA,New Customers,Mobile,11172,124,3,121.42,336.97
REC-001326,2025-04-25,CAMP-008,Executive Thought Leadership,LinkedIn Ads,Brand Awareness,Asia-Pacific,Small Business Owners,Mobile,4761,57,1,303.22,86.24
REC-006063,2026-06-15,CAMP-023,Enterprise Pipeline Builder,LinkedIn Ads,Lead Generation,North America,New Customers,Mobile,6214,89,4,662.77,645.85
REC-002074,2025-07-04,CAMP-004,Social Scale Prospecting,Meta Ads,Prospecting,Asia-Pacific,New Customers,Desktop,19065,452,12,438.51,1329.01
REC-003949,2025-12-11,CAMP-019,Display Retargeting Loop,Display Ads,Retargeting,Asia-Pacific,New Customers,Mobile,50211,510,10,223.67,1114.76
REC-000868,2025-03-18,CAMP-016,Video Reach Accelerator,YouTube Ads,Brand Awareness,North America,New Customers,Desktop,30537,214,3,232.94,248.66
REC-001243,2025-04-18,CAMP-004,Social Scale Prospecting,Meta Ads,Prospecting,Asia-Pacific,Students & Young Professionals,Mobile,10456,203,5,193.47,335.85
REC-003485,2025-11-04,CAMP-009,Startup Founder Leads,LinkedIn Ads,Lead Generation,Latin America,Enterprise Decision Makers,Mobile,11860,252,16,990.92,6522.53
REC-001337,2025-04-26,CAMP-013,Lifecycle Nurture,Email,Customer Nurture,MENA,Enterprise Decision Makers,Mobile,12460,959,112,135.76,28446.09
REC-005383,2026-04-17,CAMP-007,B2B Decision Makers,LinkedIn Ads,Lead Generation,MENA,Small Business Owners,Desktop,8927,152,12,559.89,1891.35
REC-006163,2026-06-25,CAMP-018,Programmatic Market Reach,Display Ads,Brand Awareness,Europe,Students & Young Professionals,Desktop,17960,74,1,67.66,34.36
REC-005401,2026-04-18,CAMP-012,Youth Engagement Sprint,TikTok Ads,Engagement,MENA,Students & Young Professionals,Desktop,10052,117,2,126.31,80.78
REC-002048,2025-07-01,CAMP-021,Micro Creator Conversion,Influencer,Influencer Partnership,MENA,Returning Customers,Desktop,12779,395,25,279.62,3357.93
REC-000046,2025-01-04,CAMP-005,Cart Recovery Social,Meta Ads,Retargeting,Latin America,New Customers,Desktop,19241,443,16,311.08,1398.96
REC-002543,2025-08-15,CAMP-017,Product Demo Views,YouTube Ads,Product Education,North America,Returning Customers,Desktop,29473,305,9,315.21,1204.82
REC-001519,2025-05-12,CAMP-023,Enterprise Pipeline Builder,LinkedIn Ads,Lead Generation,North America,Enterprise Decision Makers,Mobile,8114,175,16,956.67,6465.74
REC-000377,2025-02-03,CAMP-003,High Intent Retargeting,Google Ads,Retargeting,MENA,Returning Customers,Mobile,9346,616,48,919.7,6165.91
REC-003945,2025-12-11,CAMP-022,Holiday Revenue Boost,Meta Ads,Seasonal Promotion,North America,Students & Young Professionals,Desktop,16704,504,20,620.81,1231.45
REC-001460,2025-05-07,CAMP-020,Creator Partnership Series,Influencer,Influencer Partnership,Europe,Students & Young Professionals,Desktop,44672,1067,26,1195.93,1584.9
REC-005585,2026-05-04,CAMP-024,Mobile App Acquisition,Google Ads,App Acquisition,North America,New Customers,Desktop,11374,432,17,946.32,864.82
REC-003146,2025-10-06,CAMP-015,Monthly Product Digest,Email,Customer Nurture,Europe,New Customers,Mobile,3970,226,16,51.17,1351.46
REC-000122,2025-01-11,CAMP-002,Brand Demand Capture,Google Ads,Brand Awareness,Europe,Small Business Owners,Desktop,13987,349,16,580.83,1450.85
REC-001980,2025-06-25,CAMP-020,Creator Partnership Series,Influencer,Influencer Partnership,North America,Small Business Owners,Mobile,29978,734,20,725.45,2856.91
REC-004596,2026-02-05,CAMP-007,B2B Decision Makers,LinkedIn Ads,Lead Generation,Europe,New Customers,Desktop,2929,43,4,278.92,583.93
REC-004282,2026-01-09,CAMP-003,High Intent Retargeting,Google Ads,Retargeting,North America,New Customers,Mobile,10946,610,51,1173.08,5009.02
REC-001560,2025-05-15,CAMP-019,Display Retargeting Loop,Display Ads,Retargeting,MENA,Enterprise Decision Makers,Mobile,16255,120,2,83.62,570.47
REC-003060,2025-09-28,CAMP-024,Mobile App Acquisition,Google Ads,App Acquisition,MENA,Small Business Owners,Mobile,18351,835,41,1283.57,3363.04
REC-001138,2025-04-09,CAMP-003,High Intent Retargeting,Google Ads,Retargeting,Europe,Returning Customers,Desktop,6855,339,57,610.13,9022.03
REC-001614,2025-05-21,CAMP-013,Lifecycle Nurture,Email,Customer Nurture,MENA,Returning Customers,Mobile,13495,780,123,151.21,17240.64
REC-000354,2025-02-01,CAMP-018,Programmatic Market Reach,Display Ads,Brand Awareness,Europe,New Customers,Mobile,36530,144,1,101.86,61.64
REC-005713,2026-05-15,CAMP-011,Creator Product Launch,TikTok Ads,Product Launch,Asia-Pacific,Students & Young Professionals,Mobile,25450,477,9,347.51,580.01
REC-004625,2026-02-07,CAMP-007,B2B Decision Makers,LinkedIn Ads,Lead Generation,Latin America,Students & Young Professionals,Desktop,6180,83,7,345.13,617.93
REC-003484,2025-11-04,CAMP-007,B2B Decision Makers,LinkedIn Ads,Lead Generation,Latin America,New Customers,Mobile,11095,156,9,578.19,1072.88
REC-002919,2025-09-16,CAMP-008,Executive Thought Leadership,LinkedIn Ads,Brand Awareness,Europe,Enterprise Decision Makers,Desktop,8166,57,3,360.15,352.17
REC-001771,2025-06-05,CAMP-002,Brand Demand Capture,Google Ads,Brand Awareness,Europe,Small Business Owners,Mobile,9654,457,16,914.2,1834.48
REC-001779,2025-06-05,CAMP-001,Search Growth Engine,Google Ads,Always-on Acquisition,MENA,Students & Young Professionals,Mobile,11828,604,23,808.63,1605.58
REC-001755,2025-06-03,CAMP-018,Programmatic Market Reach,Display Ads,Brand Awareness,Europe,New Customers,Desktop,33203,88,0,72.32,0.0
REC-001018,2025-03-31,CAMP-016,Video Reach Accelerator,YouTube Ads,Brand Awareness,Asia-Pacific,Small Business Owners,Desktop,8974,56,0,69.08,0.0
REC-004459,2026-01-24,CAMP-004,Social Scale Prospecting,Meta Ads,Prospecting,Europe,Small Business Owners,Mobile,7859,167,7,238.01,1016.58
REC-000782,2025-03-10,CAMP-014,Win Back Customers,Email,Reactivation,North America,Returning Customers,Tablet,5436,248,30,79.66,5351.03
REC-005056,2026-03-18,CAMP-023,Enterprise Pipeline Builder,LinkedIn Ads,Lead Generation,Europe,New Customers,Desktop,2603,44,3,277.47,518.32
REC-003780,2025-11-27,CAMP-010,Short Video Discovery,TikTok Ads,Prospecting,Asia-Pacific,Returning Customers,Mobile,23239,334,10,254.21,1241.81
REC-001348,2025-04-27,CAMP-023,Enterprise Pipeline Builder,LinkedIn Ads,Lead Generation,MENA,New Customers,Mobile,2108,29,2,157.57,252.75
REC-003643,2025-11-16,CAMP-018,Programmatic Market Reach,Display Ads,Brand Awareness,North America,Returning Customers,Mobile,28540,101,1,78.71,61.73
REC-002619,2025-08-21,CAMP-012,Youth Engagement Sprint,TikTok Ads,Engagement,North America,Small Business Owners,Desktop,20509,259,6,255.13,721.45
REC-004138,2025-12-27,CAMP-022,Holiday Revenue Boost,Meta Ads,Seasonal Promotion,Asia-Pacific,Returning Customers,Desktop,26885,549,30,421.21,3918.68
REC-002217,2025-07-18,CAMP-002,Brand Demand Capture,Google Ads,Brand Awareness,Asia-Pacific,Returning Customers,Desktop,11801,298,20,506.42,1828.63
REC-001612,2025-05-21,CAMP-011,Creator Product Launch,TikTok Ads,Product Launch,Europe,Small Business Owners,Desktop,18053,286,9,261.64,1312.09
REC-002731,2025-08-31,CAMP-002,Brand Demand Capture,Google Ads,Brand Awareness,North America,Returning Customers,Mobile,9248,405,21,768.51,1634.09
REC-003341,2025-10-22,CAMP-014,Win Back Customers,Email,Reactivation,Asia-Pacific,New Customers,Desktop,11530,799,134,128.54,17456.84
REC-005360,2026-04-15,CAMP-013,Lifecycle Nurture,Email,Customer Nurture,Europe,Small Business Owners,Mobile,3823,255,27,59.14,4281.07
REC-004226,2026-01-04,CAMP-002,Brand Demand Capture,Google Ads,Brand Awareness,North America,Small Business Owners,Desktop,12944,465,19,824.94,1983.86
REC-002538,2025-08-14,CAMP-010,Short Video Discovery,TikTok Ads,Prospecting,Europe,Small Business Owners,Mobile,33184,536,12,485.17,1648.98
REC-001099,2025-04-06,CAMP-005,Cart Recovery Social,Meta Ads,Retargeting,MENA,Students & Young Professionals,Desktop,18270,617,32,599.89,2362.0
REC-004509,2026-01-28,CAMP-019,Display Retargeting Loop,Display Ads,Retargeting,Europe,Small Business Owners,Desktop,26511,192,4,90.32,601.47
REC-000574,2025-02-19,CAMP-013,Lifecycle Nurture,Email,Customer Nurture,Asia-Pacific,Enterprise Decision Makers,Desktop,3904,211,32,53.07,8913.42
REC-002368,2025-07-31,CAMP-015,Monthly Product Digest,Email,Customer Nurture,North America,Enterprise Decision Makers,Desktop,14502,518,54,151.32,15383.19
REC-003015,2025-09-24,CAMP-003,High Intent Retargeting,Google Ads,Retargeting,North America,New Customers,Mobile,16390,752,45,1603.53,6250.87
REC-005129,2026-03-25,CAMP-004,Social Scale Prospecting,Meta Ads,Prospecting,Asia-Pacific,Enterprise Decision Makers,Desktop,12780,310,19,296.9,5682.38
REC-005526,2026-04-29,CAMP-002,Brand Demand Capture,Google Ads,Brand Awareness,Latin America,New Customers,Mobile,7688,268,9,417.82,621.71
REC-005684,2026-05-13,CAMP-003,High Intent Retargeting,Google Ads,Retargeting,Europe,Small Business Owners,Mobile,12612,802,64,1168.25,10555.17
REC-002390,2025-08-02,CAMP-001,Search Growth Engine,Google Ads,Always-on Acquisition,Europe,New Customers,Mobile,10870,655,30,1138.55,3292.13
REC-002416,2025-08-04,CAMP-010,Short Video Discovery,TikTok Ads,Prospecting,Asia-Pacific,Enterprise Decision Makers,Tablet,17312,172,4,118.7,897.22
REC-002385,2025-08-02,CAMP-014,Win Back Customers,Email,Reactivation,Europe,Small Business Owners,Desktop,8339,504,84,103.8,15541.82
REC-005385,2026-04-17,CAMP-013,Lifecycle Nurture,Email,Customer Nurture,Europe,New Customers,Mobile,8508,666,36,105.1,2729.36
REC-005726,2026-05-16,CAMP-011,Creator Product Launch,TikTok Ads,Product Launch,North America,New Customers,Mobile,18976,445,9,365.77,933.21
REC-004313,2026-01-11,CAMP-005,Cart Recovery Social,Meta Ads,Retargeting,MENA,New Customers,Desktop,24956,815,38,657.4,3780.49
REC-001345,2025-04-27,CAMP-024,Mobile App Acquisition,Google Ads,App Acquisition,North America,Enterprise Decision Makers,Tablet,5487,132,8,247.8,1527.17
REC-001566,2025-05-16,CAMP-010,Short Video Discovery,TikTok Ads,Prospecting,Europe,New Customers,Mobile,23320,382,6,241.41,527.12
REC-005177,2026-03-30,CAMP-020,Creator Partnership Series,Influencer,Influencer Partnership,Latin America,Returning Customers,Tablet,28354,570,13,696.48,1343.34
REC-000041,2025-01-04,CAMP-003,High Intent Retargeting,Google Ads,Retargeting,MENA,Students & Young Professionals,Tablet,11773,534,22,825.38,1660.14
REC-002766,2025-09-03,CAMP-018,Programmatic Market Reach,Display Ads,Brand Awareness,Europe,New Customers,Mobile,14546,56,0,70.69,0.0
REC-000937,2025-03-23,CAMP-009,Startup Founder Leads,LinkedIn Ads,Lead Generation,Asia-Pacific,Enterprise Decision Makers,Mobile,1774,27,2,154.36,732.1
REC-004819,2026-02-24,CAMP-003,High Intent Retargeting,Google Ads,Retargeting,North America,Enterprise Decision Makers,Mobile,9608,639,69,1222.29,27798.06
REC-004522,2026-01-29,CAMP-002,Brand Demand Capture,Google Ads,Brand Awareness,Europe,Enterprise Decision Makers,Mobile,4122,117,5,252.13,1083.34
REC-004745,2026-02-18,CAMP-012,Youth Engagement Sprint,TikTok Ads,Engagement,Asia-Pacific,New Customers,Mobile,10951,158,3,162.45,171.88
REC-005803,2026-05-23,CAMP-015,Monthly Product Digest,Email,Customer Nurture,North America,Enterprise Decision Makers,Mobile,6341,387,42,77.63,12949.19
REC-004340,2026-01-14,CAMP-015,Monthly Product Digest,Email,Customer Nurture,Europe,Small Business Owners,Mobile,10912,487,59,124.46,9513.85
REC-000841,2025-03-15,CAMP-012,Youth Engagement Sprint,TikTok Ads,Engagement,MENA,New Customers,Mobile,30995,445,7,334.93,553.45
REC-004136,2025-12-27,CAMP-016,Video Reach Accelerator,YouTube Ads,Brand Awareness,Europe,New Customers,Mobile,35613,316,2,241.42,122.32
REC-002495,2025-08-11,CAMP-011,Creator Product Launch,TikTok Ads,Product Launch,Europe,Small Business Owners,Mobile,21027,435,11,369.14,1846.22
REC-005660,2026-05-12,CAMP-007,B2B Decision Makers,LinkedIn Ads,Lead Generation,MENA,Small Business Owners,Desktop,6647,79,7,445.23,1178.7
REC-004969,2026-03-10,CAMP-013,Lifecycle Nurture,Email,Customer Nurture,Europe,Small Business Owners,Mobile,15512,923,89,164.81,11556.32
REC-003313,2025-10-20,CAMP-006,Seasonal Offer Push,Meta Ads,Seasonal Promotion,Europe,New Customers,Mobile,6196,175,7,156.25,571.17
REC-004395,2026-01-18,CAMP-005,Cart Recovery Social,Meta Ads,Retargeting,Europe,New Customers,Desktop,25420,795,55,909.55,5350.62
REC-002576,2025-08-18,CAMP-002,Brand Demand Capture,Google Ads,Brand Awareness,MENA,Returning Customers,Mobile,10215,357,20,540.42,2101.21
REC-001444,2025-05-05,CAMP-009,Startup Founder Leads,LinkedIn Ads,Lead Generation,MENA,New Customers,Mobile,7915,147,7,766.54,753.4
REC-002440,2025-08-06,CAMP-005,Cart Recovery Social,Meta Ads,Retargeting,Latin America,Small Business Owners,Desktop,11529,307,26,261.69,4385.43
REC-002232,2025-07-19,CAMP-018,Programmatic Market Reach,Display Ads,Brand Awareness,Latin America,Returning Customers,Desktop,23485,75,1,42.98,63.03
REC-001834,2025-06-11,CAMP-014,Win Back Customers,Email,Reactivation,MENA,Returning Customers,Tablet,6494,431,63,75.81,8906.68
REC-004291,2026-01-09,CAMP-021,Micro Creator Conversion,Influencer,Influencer Partnership,Latin America,Returning Customers,Mobile,19860,871,33,469.58,4499.94
REC-001923,2025-06-19,CAMP-015,Monthly Product Digest,Email,Customer Nurture,Asia-Pacific,New Customers,Desktop,1734,64,6,31.57,465.12
REC-000173,2025-01-15,CAMP-019,Display Retargeting Loop,Display Ads,Retargeting,North America,Returning Customers,Desktop,24310,223,6,139.6,682.0
REC-001150,2025-04-10,CAMP-019,Display Retargeting Loop,Display Ads,Retargeting,Europe,Students & Young Professionals,Desktop,51539,411,5,208.37,441.24
REC-004409,2026-01-19,CAMP-009,Startup Founder Leads,LinkedIn Ads,Lead Generation,MENA,Returning Customers,Desktop,1824,21,3,135.45,418.19
REC-004227,2026-01-04,CAMP-010,Short Video Discovery,TikTok Ads,Prospecting,Europe,New Customers,Desktop,29335,463,9,335.26,967.75
REC-003579,2025-11-11,CAMP-011,Creator Product Launch,TikTok Ads,Product Launch,MENA,New Customers,Mobile,22903,449,7,307.22,640.7
REC-000743,2025-03-06,CAMP-023,Enterprise Pipeline Builder,LinkedIn Ads,Lead Generation,MENA,Returning Customers,Mobile,1705,36,5,202.2,1112.24
REC-000017,2025-01-02,CAMP-002,Brand Demand Capture,Google Ads,Brand Awareness,MENA,Students & Young Professionals,Mobile,4557,184,5,245.16,246.25
REC-004116,2025-12-25,CAMP-021,Micro Creator Conversion,Influencer,Influencer Partnership,Latin America,Students & Young Professionals,Desktop,62983,1219,26,1261.77,1703.77
REC-000390,2025-02-04,CAMP-018,Programmatic Market Reach,Display Ads,Brand Awareness,North America,New Customers,Mobile,34751,158,1,122.0,61.42
REC-004656,2026-02-10,CAMP-016,Video Reach Accelerator,YouTube Ads,Brand Awareness,Europe,Students & Young Professionals,Desktop,14105,95,1,112.25,65.06
REC-004153,2025-12-28,CAMP-001,Search Growth Engine,Google Ads,Always-on Acquisition,North America,Returning Customers,Mobile,10820,685,53,1091.26,6206.18
REC-002883,2025-09-13,CAMP-008,Executive Thought Leadership,LinkedIn Ads,Brand Awareness,Asia-Pacific,Small Business Owners,Mobile,5343,66,1,420.99,79.53
REC-001449,2025-05-06,CAMP-019,Display Retargeting Loop,Display Ads,Retargeting,Europe,Small Business Owners,Mobile,47049,324,6,203.7,1089.3
REC-001706,2025-05-29,CAMP-010,Short Video Discovery,TikTok Ads,Prospecting,Asia-Pacific,Returning Customers,Mobile,22906,317,6,243.27,601.37
REC-005438,2026-04-21,CAMP-021,Micro Creator Conversion,Influencer,Influencer Partnership,MENA,New Customers,Mobile,57202,1886,62,1682.68,5443.66
REC-000552,2025-02-17,CAMP-010,Short Video Discovery,TikTok Ads,Prospecting,MENA,New Customers,Mobile,8003,126,3,93.75,311.8
REC-004905,2026-03-04,CAMP-014,Win Back Customers,Email,Reactivation,MENA,Students & Young Professionals,Mobile,6779,371,36,90.28,3282.38
REC-001875,2025-06-15,CAMP-013,Lifecycle Nurture,Email,Customer Nurture,North America,Small Business Owners,Desktop,7812,382,46,90.59,7264.1
REC-003749,2025-11-25,CAMP-003,High Intent Retargeting,Google Ads,Retargeting,Europe,New Customers,Tablet,12246,575,27,795.2,2670.57
REC-000182,2025-01-16,CAMP-019,Display Retargeting Loop,Display Ads,Retargeting,North America,Enterprise Decision Makers,Mobile,23845,245,4,162.48,1237.07
REC-002442,2025-08-06,CAMP-024,Mobile App Acquisition,Google Ads,App Acquisition,Asia-Pacific,Returning Customers,Mobile,9717,404,20,709.74,1710.58
REC-003573,2025-11-11,CAMP-024,Mobile App Acquisition,Google Ads,App Acquisition,North America,Returning Customers,Desktop,15601,622,43,1365.88,2844.23
REC-001631,2025-05-23,CAMP-005,Cart Recovery Social,Meta Ads,Retargeting,Latin America,Small Business Owners,Mobile,23508,709,48,500.55,6489.9
REC-001398,2025-05-01,CAMP-021,Micro Creator Conversion,Influencer,Influencer Partnership,Latin America,New Customers,Mobile,41652,1234,38,997.39,2878.09
REC-000448,2025-02-08,CAMP-011,Creator Product Launch,TikTok Ads,Product Launch,North America,Students & Young Professionals,Mobile,18156,445,6,375.82,451.11
REC-001744,2025-06-02,CAMP-016,Video Reach Accelerator,YouTube Ads,Brand Awareness,Europe,Students & Young Professionals,Mobile,13547,95,1,122.58,49.7
REC-005647,2026-05-10,CAMP-002,Brand Demand Capture,Google Ads,Brand Awareness,North America,Returning Customers,Mobile,12689,489,22,920.27,2270.65
REC-003380,2025-10-26,CAMP-010,Short Video Discovery,TikTok Ads,Prospecting,Europe,Students & Young Professionals,Desktop,6487,111,2,105.45,114.57
REC-002600,2025-08-20,CAMP-004,Social Scale Prospecting,Meta Ads,Prospecting,Latin America,Students & Young Professionals,Desktop,27267,607,21,543.61,1713.82
REC-003798,2025-11-29,CAMP-014,Win Back Customers,Email,Reactivation,Europe,Students & Young Professionals,Mobile,2892,176,16,42.01,1133.69
REC-001309,2025-04-24,CAMP-004,Social Scale Prospecting,Meta Ads,Prospecting,Europe,New Customers,Mobile,21628,523,12,537.76,1109.18
REC-000257,2025-01-23,CAMP-021,Micro Creator Conversion,Influencer,Influencer Partnership,Europe,Small Business Owners,Desktop,8868,204,9,194.71,1202.35
REC-005981,2026-06-08,CAMP-008,Executive Thought Leadership,LinkedIn Ads,Brand Awareness,MENA,Small Business Owners,Desktop,5343,45,1,258.7,60.81
REC-002712,2025-08-29,CAMP-024,Mobile App Acquisition,Google Ads,App Acquisition,Europe,Returning Customers,Desktop,10864,347,24,540.13,1452.79
REC-003035,2025-09-26,CAMP-019,Display Retargeting Loop,Display Ads,Retargeting,Asia-Pacific,Students & Young Professionals,Mobile,30992,301,3,189.09,265.6
REC-000999,2025-03-29,CAMP-017,Product Demo Views,YouTube Ads,Product Education,Asia-Pacific,New Customers,Desktop,30806,306,5,281.61,491.35
REC-006040,2026-06-13,CAMP-017,Product Demo Views,YouTube Ads,Product Education,North America,New Customers,Mobile,25318,320,4,274.16,329.01
REC-001234,2025-04-18,CAMP-006,Seasonal Offer Push,Meta Ads,Seasonal Promotion,MENA,Students & Young Professionals,Desktop,17667,275,9,227.36,730.27
REC-001383,2025-04-30,CAMP-023,Enterprise Pipeline Builder,LinkedIn Ads,Lead Generation,North America,Small Business Owners,Mobile,6897,142,12,993.37,2998.34
REC-003305,2025-10-20,CAMP-002,Brand Demand Capture,Google Ads,Brand Awareness,Europe,Enterprise Decision Makers,Mobile,4716,220,9,402.83,2140.09
REC-003488,2025-11-04,CAMP-006,Seasonal Offer Push,Meta Ads,Seasonal Promotion,Europe,Students & Young Professionals,Mobile,12585,255,7,234.02,405.79
REC-005022,2026-03-15,CAMP-017,Product Demo Views,YouTube Ads,Product Education,North America,Returning Customers,Desktop,30074,374,10,395.34,1233.78
REC-000572,2025-02-19,CAMP-023,Enterprise Pipeline Builder,LinkedIn Ads,Lead Generation,Europe,New Customers,Desktop,6636,93,9,567.98,1196.89
REC-005958,2026-06-06,CAMP-021,Micro Creator Conversion,Influencer,Influencer Partnership,Europe,Students & Young Professionals,Desktop,34407,1083,26,1042.68,2101.59
REC-003147,2025-10-06,CAMP-002,Brand Demand Capture,Google Ads,Brand Awareness,Asia-Pacific,Students & Young Professionals,Mobile,8270,323,8,511.63,359.65
REC-004899,2026-03-03,CAMP-001,Search Growth Engine,Google Ads,Always-on Acquisition,Europe,New Customers,Desktop,23318,818,61,1475.2,5177.35
REC-000847,2025-03-16,CAMP-010,Short Video Discovery,TikTok Ads,Prospecting,Europe,Enterprise Decision Makers,Desktop,20802,302,10,240.92,2239.95
REC-002223,2025-07-18,CAMP-024,Mobile App Acquisition,Google Ads,App Acquisition,Europe,Returning Customers,Mobile,10676,446,29,838.02,2349.78
REC-002143,2025-07-11,CAMP-019,Display Retargeting Loop,Display Ads,Retargeting,North America,New Customers,Mobile,19202,132,2,88.28,174.68
REC-002219,2025-07-18,CAMP-020,Creator Partnership Series,Influencer,Influencer Partnership,Latin America,New Customers,Mobile,10335,390,13,335.65,1185.38
REC-002330,2025-07-28,CAMP-021,Micro Creator Conversion,Influencer,Influencer Partnership,North America,New Customers,Desktop,10589,259,9,306.85,820.34
REC-004702,2026-02-14,CAMP-012,Youth Engagement Sprint,TikTok Ads,Engagement,Latin America,Students & Young Professionals,Mobile,20300,327,5,221.72,224.5
REC-000459,2025-02-09,CAMP-020,Creator Partnership Series,Influencer,Influencer Partnership,Latin America,Students & Young Professionals,Mobile,22089,822,15,691.91,854.16
REC-004147,2025-12-28,CAMP-010,Short Video Discovery,TikTok Ads,Prospecting,North America,Small Business Owners,Mobile,38057,519,11,483.95,1471.91
REC-003683,2025-11-20,CAMP-003,High Intent Retargeting,Google Ads,Retargeting,North America,Returning Customers,Desktop,22575,1093,121,2373.36,19539.43
REC-005373,2026-04-16,CAMP-021,Micro Creator Conversion,Influencer,Influencer Partnership,North America,Returning Customers,Desktop,44937,1048,55,1047.38,7954.26
REC-005897,2026-05-31,CAMP-010,Short Video Discovery,TikTok Ads,Prospecting,Europe,Small Business Owners,Mobile,19028,373,10,314.89,1392.6
REC-003858,2025-12-04,CAMP-008,Executive Thought Leadership,LinkedIn Ads,Brand Awareness,MENA,Returning Customers,Mobile,9732,109,4,473.23,301.27
REC-003812,2025-11-30,CAMP-024,Mobile App Acquisition,Google Ads,App Acquisition,North America,New Customers,Mobile,7765,335,14,729.81,952.33
REC-001101,2025-04-07,CAMP-013,Lifecycle Nurture,Email,Customer Nurture,North America,Enterprise Decision Makers,Tablet,14323,535,58,142.42,14781.2
REC-005377,2026-04-16,CAMP-017,Product Demo Views,YouTube Ads,Product Education,Europe,Returning Customers,Mobile,24236,214,3,222.92,390.25
REC-002080,2025-07-05,CAMP-024,Mobile App Acquisition,Google Ads,App Acquisition,Europe,Students & Young Professionals,Mobile,17292,793,31,1481.67,1377.5
REC-001677,2025-05-27,CAMP-012,Youth Engagement Sprint,TikTok Ads,Engagement,Latin America,Students & Young Professionals,Desktop,7223,101,2,103.76,80.97
REC-002173,2025-07-14,CAMP-021,Micro Creator Conversion,Influencer,Influencer Partnership,Europe,Enterprise Decision Makers,Desktop,38240,1071,40,792.96,9728.63
REC-000865,2025-03-17,CAMP-013,Lifecycle Nurture,Email,Customer Nurture,Europe,New Customers,Mobile,3637,302,37,60.14,2917.99
REC-005374,2026-04-16,CAMP-007,B2B Decision Makers,LinkedIn Ads,Lead Generation,Europe,Returning Customers,Mobile,8399,101,11,564.22,1728.97
REC-000614,2025-02-22,CAMP-013,Lifecycle Nurture,Email,Customer Nurture,Europe,Returning Customers,Desktop,12472,754,100,130.59,14109.81
REC-004780,2026-02-21,CAMP-003,High Intent Retargeting,Google Ads,Retargeting,North America,Returning Customers,Tablet,9056,347,36,683.47,5372.9
REC-003675,2025-11-19,CAMP-005,Cart Recovery Social,Meta Ads,Retargeting,Europe,New Customers,Tablet,21177,455,20,462.81,1574.44
REC-005141,2026-03-26,CAMP-004,Social Scale Prospecting,Meta Ads,Prospecting,Asia-Pacific,Small Business Owners,Desktop,10903,242,8,202.94,1073.22
REC-003252,2025-10-15,CAMP-006,Seasonal Offer Push,Meta Ads,Seasonal Promotion,North America,New Customers,Desktop,29422,600,24,802.84,2303.34
REC-003854,2025-12-04,CAMP-018,Programmatic Market Reach,Display Ads,Brand Awareness,Europe,Students & Young Professionals,Desktop,54651,186,1,121.87,39.72
REC-002441,2025-08-06,CAMP-007,B2B Decision Makers,LinkedIn Ads,Lead Generation,MENA,New Customers,Tablet,7001,108,6,544.65,641.78
REC-001910,2025-06-18,CAMP-001,Search Growth Engine,Google Ads,Always-on Acquisition,Europe,Returning Customers,Desktop,7345,254,18,463.32,2182.18
REC-004716,2026-02-15,CAMP-021,Micro Creator Conversion,Influencer,Influencer Partnership,Europe,Small Business Owners,Mobile,19540,547,14,495.48,1598.47
REC-004149,2025-12-28,CAMP-024,Mobile App Acquisition,Google Ads,App Acquisition,North America,Students & Young Professionals,Mobile,10364,511,15,1087.29,624.41
REC-004857,2026-02-27,CAMP-003,High Intent Retargeting,Google Ads,Retargeting,Asia-Pacific,Returning Customers,Mobile,14709,751,68,1154.31,9343.89
REC-001845,2025-06-12,CAMP-014,Win Back Customers,Email,Reactivation,Europe,New Customers,Mobile,5084,353,36,70.41,4062.54
REC-005098,2026-03-22,CAMP-007,B2B Decision Makers,LinkedIn Ads,Lead Generation,North America,Students & Young Professionals,Mobile,4017,50,3,264.47,272.66
REC-002118,2025-07-08,CAMP-020,Creator Partnership Series,Influencer,Influencer Partnership,North America,Returning Customers,Mobile,13303,395,20,253.47,2795.37
REC-005710,2026-05-15,CAMP-004,Social Scale Prospecting,Meta Ads,Prospecting,Asia-Pacific,New Customers,Mobile,17694,362,8,364.37,734.24
REC-003736,2025-11-24,CAMP-014,Win Back Customers,Email,Reactivation,Latin America,Returning Customers,Tablet,14672,892,149,150.24,18554.95
REC-005677,2026-05-13,CAMP-005,Cart Recovery Social,Meta Ads,Retargeting,North America,Small Business Owners,Desktop,24949,741,45,985.86,7291.61
REC-002226,2025-07-18,CAMP-021,Micro Creator Conversion,Influencer,Influencer Partnership,MENA,Small Business Owners,Mobile,18055,518,21,404.22,3013.86
REC-005445,2026-04-22,CAMP-002,Brand Demand Capture,Google Ads,Brand Awareness,North America,New Customers,Desktop,4128,157,6,367.89,363.37
REC-004774,2026-02-20,CAMP-020,Creator Partnership Series,Influencer,Influencer Partnership,Europe,Students & Young Professionals,Mobile,29748,1054,18,1002.7,1235.22
REC-002364,2025-07-31,CAMP-021,Micro Creator Conversion,influencer,Influencer Partnership,Europe,Students & Young Professionals,Mobile,23001,797,21,705.99,1443.81
REC-001242,2025-04-18,CAMP-002,Brand Demand Capture,Google Ads,Brand Awareness,MENA,Students & Young Professionals,Mobile,12776,552,15,925.11,839.88
REC-001970,2025-06-24,CAMP-008,Executive Thought Leadership,LinkedIn Ads,Brand Awareness,Asia-Pacific,New Customers,Mobile,7597,74,2,412.39,89.75
REC-002606,2025-08-20,CAMP-013,Lifecycle Nurture,Email,Customer Nurture,Latin America,Returning Customers,Mobile,6476,407,46,88.67,6302.03
REC-003357,2025-10-24,CAMP-004,Social Scale Prospecting,Meta Ads,Prospecting,North America,Enterprise Decision Makers,Desktop,14254,353,18,418.47,3995.19
REC-004007,2025-12-16,CAMP-019,Display Retargeting Loop,Display Ads,Retargeting,Europe,New Customers,Mobile,24928,161,2,89.07,190.53
REC-004921,2026-03-05,CAMP-014,Win Back Customers,Email,Reactivation,Europe,Students & Young Professionals,Desktop,6667,401,49,71.45,3372.49
REC-005524,2026-04-29,CAMP-013,Lifecycle Nurture,Email,Customer Nurture,Asia-Pacific,New Customers,Desktop,3481,252,33,58.97,2918.83
REC-000247,2025-01-22,CAMP-023,Enterprise Pipeline Builder,LinkedIn Ads,Lead Generation,North America,Small Business Owners,Mobile,7645,160,13,930.35,2461.43
REC-002278,2025-07-23,CAMP-008,Executive Thought Leadership,LinkedIn Ads,Brand Awareness,MENA,Small Business Owners,Desktop,3447,22,2,167.99,117.47
REC-001623,2025-05-22,CAMP-003,High Intent Retargeting,Google Ads,Retargeting,North America,Returning Customers,Mobile,7682,482,31,1008.22,4319.64
REC-003927,2025-12-10,CAMP-007,B2B Decision Makers,LinkedIn Ads,Lead Generation,North America,New Customers,Mobile,10733,209,16,1079.25,1854.24
REC-002693,2025-08-28,CAMP-015,Monthly Product Digest,Email,Customer Nurture,North America,Students & Young Professionals,Mobile,8281,628,41,96.75,3404.31
REC-000503,2025-02-13,CAMP-012,Youth Engagement Sprint,TikTok Ads,Engagement,Asia-Pacific,Enterprise Decision Makers,Mobile,22754,312,5,303.54,1052.7
REC-005279,2026-04-08,CAMP-009,Startup Founder Leads,LinkedIn Ads,Lead Generation,North America,Small Business Owners,Desktop,1959,24,2,149.95,389.97
REC-002834,2025-09-09,CAMP-023,Enterprise Pipeline Builder,LinkedIn Ads,Lead Generation,MENA,Returning Customers,Mobile,3914,57,7,306.59,1461.17
REC-002791,2025-09-06,CAMP-019,Display Retargeting Loop,Display Ads,Retargeting,North America,Students & Young Professionals,Mobile,29766,248,2,171.66,135.62
REC-000145,2025-01-13,CAMP-008,Executive Thought Leadership,LinkedIn Ads,Brand Awareness,Latin America,Enterprise Decision Makers,Mobile,3812,40,2,245.54,281.47
REC-001259,2025-04-19,CAMP-002,Brand Demand Capture,Google Ads,Brand Awareness,MENA,Students & Young Professionals,Mobile,4195,177,4,247.63,223.24
REC-002148,2025-07-11,CAMP-010,Short Video Discovery,TikTok Ads,Prospecting,North America,Students & Young Professionals,Desktop,23569,318,6,260.75,439.98
REC-000636,2025-02-24,CAMP-002,Brand Demand Capture,Google Ads,Brand Awareness,MENA,Returning Customers,Desktop,7588,250,20,313.76,2106.73
REC-001650,2025-05-24,CAMP-016,Video Reach Accelerator,YouTube Ads,Brand Awareness,Asia-Pacific,Small Business Owners,Mobile,38449,255,2,207.67,197.31
REC-004953,2026-03-09,CAMP-016,Video Reach Accelerator,YouTube Ads,Brand Awareness,Asia-Pacific,Returning Customers,Desktop,27415,191,4,172.86,402.38
REC-003242,2025-10-14,CAMP-013,Lifecycle Nurture,Email,Customer Nurture,Europe,Enterprise Decision Makers,Mobile,11726,822,81,128.2,18337.21
REC-000403,2025-02-05,CAMP-001,Search Growth Engine,Google Ads,Always-on Acquisition,Latin America,Small Business Owners,Desktop,12329,572,46,779.38,5515.1
REC-000407,2025-02-05,CAMP-013,Lifecycle Nurture,Email,Customer Nurture,North America,New Customers,Mobile,6770,422,31,76.95,3131.98
REC-006108,2026-06-19,CAMP-012,Youth Engagement Sprint,TikTok Ads,Engagement,MENA,Enterprise Decision Makers,Desktop,17327,235,7,149.23,1618.77
REC-003776,2025-11-27,CAMP-020,Creator Partnership Series,Influencer,Influencer Partnership,North America,Students & Young Professionals,Mobile,45270,1624,43,1090.69,3528.21
REC-000719,2025-03-04,CAMP-005,Cart Recovery Social,Meta Ads,Retargeting,Latin America,New Customers,Tablet,9595,211,9,204.88,1009.38
REC-003624,2025-11-15,CAMP-014,Win Back Customers,Email,Reactivation,Asia-Pacific,Students & Young Professionals,Mobile,9595,737,52,118.43,4268.93
REC-002882,2025-09-13,CAMP-008,Executive Thought Leadership,LinkedIn Ads,Brand Awareness,Europe,Students & Young Professionals,Desktop,6886,57,1,364.28,30.96
REC-005444,2026-04-22,CAMP-018,Programmatic Market Reach,Display Ads,Brand Awareness,Asia-Pacific,Students & Young Professionals,Mobile,18486,69,0,67.91,0.0
REC-001879,2025-06-15,CAMP-010,Short Video Discovery,TikTok Ads,Prospecting,Europe,Returning Customers,Mobile,25627,524,13,433.26,1636.41
REC-001536,2025-05-13,CAMP-021,Micro Creator Conversion,Influencer,Influencer Partnership,MENA,New Customers,Desktop,33476,869,38,718.2,3508.67
REC-004828,2026-02-25,CAMP-001,Search Growth Engine,Google Ads,Always-on Acquisition,Asia-Pacific,Enterprise Decision Makers,Mobile,6638,351,19,441.01,5253.15
REC-001160,2025-04-11,CAMP-010,Short Video Discovery,TikTok Ads,Prospecting,North America,Students & Young Professionals,Mobile,12773,176,3,164.55,224.62
REC-000425,2025-02-07,CAMP-004,Social Scale Prospecting,Meta Ads,Prospecting,North America,Students & Young Professionals,Desktop,12126,176,6,226.23,365.15
REC-005794,2026-05-23,CAMP-010,Short Video Discovery,TikTok Ads,Prospecting,Latin America,Small Business Owners,Mobile,7640,150,3,105.46,448.78
REC-001761,2025-06-03,CAMP-023,Enterprise Pipeline Builder,LinkedIn Ads,Lead Generation,Europe,New Customers,Mobile,4100,70,5,336.08,697.17
REC-000773,2025-03-09,CAMP-021,Micro Creator Conversion,Influencer,Influencer Partnership,Asia-Pacific,Returning Customers,Mobile,9613,432,23,217.24,2746.35
REC-003448,2025-11-01,CAMP-006,Seasonal Offer Push,Meta Ads,Seasonal Promotion,Asia-Pacific,Students & Young Professionals,Mobile,26717,718,18,590.08,1430.09
REC-005582,2026-05-04,CAMP-008,Executive Thought Leadership,LinkedIn Ads,Brand Awareness,Europe,New Customers,Mobile,4657,46,1,249.26,46.12
REC-000211,2025-01-19,CAMP-009,Startup Founder Leads,LinkedIn Ads,Lead Generation,North America,Small Business Owners,Mobile,5009,81,8,475.76,1611.77
REC-001492,2025-05-10,CAMP-007,B2B Decision Makers,LinkedIn Ads,Lead Generation,Europe,Small Business Owners,Mobile,5963,106,11,581.76,2363.34
REC-001759,2025-06-03,CAMP-009,Startup Founder Leads,LinkedIn Ads,Lead Generation,Europe,New Customers,Mobile,4812,84,5,401.6,589.17
REC-005506,2026-04-27,CAMP-003,High Intent Retargeting,Google Ads,Retargeting,Asia-Pacific,New Customers,Desktop,7188,375,38,530.04,3767.17
REC-003787,2025-11-28,CAMP-004,Social Scale Prospecting,Meta Ads,Prospecting,North America,Small Business Owners,Desktop,7947,176,6,228.85,961.31
REC-002237,2025-07-19,CAMP-016,Video Reach Accelerator,YouTube Ads,Brand Awareness,North America,Small Business Owners,Mobile,10280,89,0,98.62,0.0
REC-001316,2025-04-24,CAMP-007,B2B Decision Makers,LinkedIn Ads,Lead Generation,Latin America,Small Business Owners,Mobile,1517,22,2,98.81,394.19
REC-004672,2026-02-12,CAMP-024,Mobile App Acquisition,Google Ads,App Acquisition,North America,New Customers,Mobile,19522,791,33,1361.51,2099.88
REC-000640,2025-02-25,CAMP-017,Product Demo Views,YouTube Ads,Product Education,Europe,New Customers,Mobile,14917,128,2,111.37,213.23
REC-003171,2025-10-08,CAMP-007,B2B Decision Makers,LinkedIn Ads,Lead Generation,Europe,New Customers,Desktop,5635,74,6,445.35,833.78
REC-004015,2025-12-17,CAMP-024,Mobile App Acquisition,Google Ads,App Acquisition,North America,Returning Customers,Mobile,19369,618,27,997.48,2429.97
REC-001255,2025-04-19,CAMP-018,Programmatic Market Reach,Display Ads,Brand Awareness,Asia-Pacific,Small Business Owners,Mobile,37025,127,0,100.84,0.0
REC-001109,2025-04-07,CAMP-024,Mobile App Acquisition,Google Ads,App Acquisition,North America,New Customers,Mobile,15352,661,28,1304.0,1651.2
REC-005381,2026-04-17,CAMP-004,Social Scale Prospecting,Meta Ads,Prospecting,North America,Students & Young Professionals,Desktop,12014,213,6,250.42,341.86
REC-000832,2025-03-15,CAMP-021,Micro Creator Conversion,Influencer,Influencer Partnership,MENA,Students & Young Professionals,Mobile,36484,1062,29,750.58,2171.03
REC-004611,2026-02-06,CAMP-011,Creator Product Launch,TikTok Ads,Product Launch,MENA,Small Business Owners,Tablet,11222,131,3,83.42,441.97
REC-000050,2025-01-05,CAMP-010,Short Video Discovery,TikTok Ads,Prospecting,North America,New Customers,Mobile,19246,356,7,261.42,657.92
REC-004584,2026-02-04,CAMP-012,Youth Engagement Sprint,TikTok Ads,Engagement,North America,Enterprise Decision Makers,Desktop,26067,321,8,368.2,1845.37
REC-005302,2026-04-10,CAMP-006,Seasonal Offer Push,Meta Ads,Seasonal Promotion,North America,Small Business Owners,Mobile,12162,370,11,506.02,1710.05
REC-002374,2025-08-01,CAMP-007,B2B Decision Makers,LinkedIn Ads,Lead Generation,Europe,Returning Customers,Mobile,3977,57,5,283.9,844.32
REC-001111,2025-04-07,CAMP-014,Win Back Customers,Email,Reactivation,MENA,Small Business Owners,Mobile,16295,1279,209,172.02,39320.59
REC-003939,2025-12-11,CAMP-007,B2B Decision Makers,LinkedIn Ads,Lead Generation,North America,Returning Customers,Mobile,4848,69,5,483.75,936.78
REC-003599,2025-11-13,CAMP-019,Display Retargeting Loop,Display Ads,Retargeting,MENA,Small Business Owners,Desktop,31236,233,6,91.02,955.12
REC-001657,2025-05-25,CAMP-024,Mobile App Acquisition,Google Ads,App Acquisition,Asia-Pacific,Small Business Owners,Mobile,8965,329,14,527.61,1179.5
REC-000580,2025-02-19,CAMP-016,Video Reach Accelerator,YouTube Ads,Brand Awareness,MENA,Small Business Owners,Mobile,23369,165,2,134.24,224.11
REC-005854,2026-05-27,CAMP-017,Product Demo Views,YouTube Ads,Product Education,Europe,New Customers,Mobile,15876,193,1,147.42,115.26
REC-005847,2026-05-27,CAMP-023,Enterprise Pipeline Builder,LinkedIn Ads,Lead Generation,North America,New Customers,Mobile,2375,47,4,283.8,577.87
REC-003587,2025-11-12,CAMP-023,Enterprise Pipeline Builder,LinkedIn Ads,Lead Generation,Europe,Returning Customers,Mobile,7949,119,12,627.96,2734.69
REC-002407,2025-08-03,CAMP-024,Mobile App Acquisition,Google Ads,App Acquisition,Europe,Small Business Owners,Mobile,11882,358,22,673.78,2035.76
REC-000096,2025-01-09,CAMP-017,Product Demo Views,YouTube Ads,Product Education,North America,Enterprise Decision Makers,Mobile,39257,363,7,385.69,2012.37
REC-002066,2025-07-03,CAMP-019,Display Retargeting Loop,Display Ads,Retargeting,Europe,Small Business Owners,Desktop,23637,124,3,83.15,409.06
REC-003312,2025-10-20,CAMP-009,Startup Founder Leads,LinkedIn Ads,Lead Generation,Europe,New Customers,Mobile,6574,85,7,471.3,922.62
REC-005464,2026-04-24,CAMP-007,B2B Decision Makers,LinkedIn Ads,Lead Generation,Asia-Pacific,Returning Customers,Mobile,7262,108,10,458.1,1325.79
REC-005320,2026-04-11,CAMP-009,Startup Founder Leads,LinkedIn Ads,Lead Generation,Europe,Returning Customers,Mobile,5839,106,13,530.59,2103.09
REC-005459,2026-04-23,CAMP-008,Executive Thought Leadership,LinkedIn Ads,Brand Awareness,North America,New Customers,Mobile,5194,59,1,447.42,52.98
REC-001219,2025-04-16,CAMP-021,Micro Creator Conversion,Influencer,Influencer Partnership,Asia-Pacific,New Customers,Desktop,43355,1463,47,988.68,4701.08
REC-003409,2025-10-28,CAMP-003,High Intent Retargeting,Google Ads,Retargeting,MENA,New Customers,Desktop,19196,1117,93,1742.54,9713.44
REC-001527,2025-05-13,CAMP-019,Display Retargeting Loop,Display Ads,Retargeting,North America,New Customers,Mobile,23867,191,2,145.36,244.88
REC-004466,2026-01-24,CAMP-005,Cart Recovery Social,Meta Ads,Retargeting,MENA,Returning Customers,Mobile,12420,380,28,364.21,4017.26
REC-005099,2026-03-22,CAMP-004,Social Scale Prospecting,Meta Ads,Prospecting,Europe,Returning Customers,Mobile,20428,481,25,558.62,3624.13
REC-004859,2026-02-27,CAMP-016,Video Reach Accelerator,YouTube Ads,Brand Awareness,Europe,Students & Young Professionals,Desktop,28287,179,2,167.41,119.39
REC-006233,2026-06-30,CAMP-015,Monthly Product Digest,Email,Customer Nurture,Europe,New Customers,Desktop,11737,621,49,138.58,4399.94
REC-003287,2025-10-18,CAMP-022,Holiday Revenue Boost,Meta Ads,Seasonal Promotion,Asia-Pacific,New Customers,Desktop,25198,731,26,686.41,2094.77
REC-003539,2025-11-08,CAMP-013,Lifecycle Nurture,Email,Customer Nurture,Europe,Small Business Owners,Mobile,3047,213,19,46.48,3007.49
REC-004448,2026-01-22,CAMP-020,Creator Partnership Series,Influencer,Influencer Partnership,Europe,Small Business Owners,Mobile,48342,1731,50,1267.04,6646.51
REC-005239,2026-04-04,CAMP-014,Win Back Customers,Email,Reactivation,North America,Small Business Owners,Desktop,8196,657,126,107.34,23644.14
REC-003440,2025-10-31,CAMP-021,Micro Creator Conversion,Influencer,Influencer Partnership,Latin America,Students & Young Professionals,Mobile,12935,549,14,399.65,1126.42
REC-004097,2025-12-24,CAMP-020,Creator Partnership Series,Influencer,Influencer Partnership,North America,New Customers,Desktop,27907,632,21,534.29,2064.54
REC-002699,2025-08-28,CAMP-005,Cart Recovery Social,Meta Ads,Retargeting,Europe,Enterprise Decision Makers,Mobile,16115,572,29,676.11,8327.09
REC-002863,2025-09-12,CAMP-005,Cart Recovery Social,Meta Ads,Retargeting,Asia-Pacific,New Customers,Mobile,20712,791,37,792.46,3224.41
REC-005709,2026-05-15,CAMP-004,Social Scale Prospecting,Meta Ads,Prospecting,Europe,Small Business Owners,Desktop,16869,300,10,289.27,1523.45
REC-000816,2025-03-13,CAMP-017,Product Demo Views,YouTube Ads,Product Education,Asia-Pacific,New Customers,Desktop,22279,166,3,142.77,309.58
REC-002837,2025-09-10,CAMP-002,Brand Demand Capture,Google Ads,Brand Awareness,Asia-Pacific,New Customers,Desktop,7056,247,9,455.89,524.98
REC-002069,2025-07-03,CAMP-018,Programmatic Market Reach,Display Ads,Brand Awareness,Latin America,Students & Young Professionals,Mobile,22817,98,1,68.28,45.79
REC-001147,2025-04-10,CAMP-021,Micro Creator Conversion,Influencer,Influencer Partnership,Asia-Pacific,Students & Young Professionals,Mobile,43599,1551,39,1172.72,2393.2
REC-004604,2026-02-05,CAMP-002,Brand Demand Capture,Google Ads,Brand Awareness,Europe,Enterprise Decision Makers,Mobile,16564,624,18,1015.04,2835.84
REC-005560,2026-05-02,CAMP-009,Startup Founder Leads,LinkedIn Ads,Lead Generation,Europe,Returning Customers,Desktop,5143,73,8,406.52,1323.57
REC-003483,2025-11-04,CAMP-017,Product Demo Views,YouTube Ads,Product Education,North America,New Customers,Desktop,44631,441,7,378.88,828.4
REC-006057,2026-06-15,CAMP-008,Executive Thought Leadership,LinkedIn Ads,Brand Awareness,Asia-Pacific,New Customers,Mobile,5059,50,1,313.05,43.78
REC-002042,2025-07-01,CAMP-019,Display Retargeting Loop,Display Ads,Retargeting,Asia-Pacific,Enterprise Decision Makers,Mobile,12027,111,2,59.36,542.34
REC-004999,2026-03-13,CAMP-012,Youth Engagement Sprint,TikTok Ads,Engagement,Europe,Returning Customers,Mobile,10942,214,3,254.62,272.15
REC-000095,2025-01-09,CAMP-007,B2B Decision Makers,LinkedIn Ads,Lead Generation,MENA,Students & Young Professionals,Desktop,3376,50,5,264.49,428.27
REC-004897,2026-03-03,CAMP-020,Creator Partnership Series,Influencer,Influencer Partnership,Asia-Pacific,Students & Young Professionals,Mobile,18526,722,13,398.93,1049.74
REC-002872,2025-09-13,CAMP-018,Programmatic Market Reach,Display Ads,Brand Awareness,MENA,Small Business Owners,Mobile,42733,164,1,100.06,66.71
REC-006171,2026-06-25,CAMP-007,B2B Decision Makers,LinkedIn Ads,Lead Generation,North America,Returning Customers,Mobile,5950,111,12,568.92,2217.48
REC-000702,2025-03-02,CAMP-023,Enterprise Pipeline Builder,LinkedIn Ads,Lead Generation,MENA,Returning Customers,Tablet,3693,57,7,280.48,1093.7
REC-000676,2025-02-28,CAMP-023,Enterprise Pipeline Builder,LinkedIn Ads,Lead Generation,North America,Returning Customers,Desktop,6026,100,16,560.12,3572.84
REC-003813,2025-11-30,CAMP-004,Social Scale Prospecting,Meta Ads,Prospecting,Europe,New Customers,Desktop,12511,271,7,255.77,546.89
REC-002428,2025-08-05,CAMP-008,Executive Thought Leadership,LinkedIn Ads,Brand Awareness,Asia-Pacific,Small Business Owners,Desktop,5492,37,2,206.29,115.84
REC-003361,2025-10-24,CAMP-009,Startup Founder Leads,LinkedIn Ads,Lead Generation,Europe,Small Business Owners,Desktop,2600,39,3,191.58,467.95
REC-001715,2025-05-30,CAMP-024,Mobile App Acquisition,Google Ads,App Acquisition,MENA,New Customers,Tablet,5201,167,6,257.12,381.84
REC-000208,2025-01-19,CAMP-013,Lifecycle Nurture,Email,Customer Nurture,MENA,Small Business Owners,Mobile,6868,516,46,94.73,7703.49
REC-004911,2026-03-05,CAMP-006,Seasonal Offer Push,Meta Ads,Seasonal Promotion,Latin America,Small Business Owners,Mobile,15659,413,17,287.45,2781.75
REC-004239,2026-01-05,CAMP-003,High Intent Retargeting,Google Ads,Retargeting,MENA,Small Business Owners,Mobile,7805,433,34,638.33,5444.41
REC-003043,2025-09-26,CAMP-010,Short Video Discovery,TikTok Ads,Prospecting,Europe,Returning Customers,Desktop,27405,430,20,301.25,2686.55
REC-001763,2025-06-04,CAMP-015,Monthly Product Digest,Email,Customer Nurture,Asia-Pacific,Small Business Owners,Desktop,5027,278,28,57.36,3854.75
REC-003096,2025-10-01,CAMP-006,Seasonal Offer Push,Meta Ads,Seasonal Promotion,North America,Students & Young Professionals,Mobile,20446,587,18,736.06,1289.44
REC-001599,2025-05-19,CAMP-009,Startup Founder Leads,LinkedIn Ads,Lead Generation,Asia-Pacific,Students & Young Professionals,Mobile,4102,62,2,371.76,180.25
REC-001979,2025-06-25,CAMP-014,Win Back Customers,Email,Reactivation,North America,New Customers,Mobile,15239,1552,169,174.97,21857.08
REC-000339,2025-01-30,CAMP-021,Micro Creator Conversion,Influencer,Influencer Partnership,Europe,Enterprise Decision Makers,Tablet,42086,1095,37,1214.04,11673.9
REC-005929,2026-06-03,CAMP-024,Mobile App Acquisition,Google Ads,App Acquisition,Europe,New Customers,Desktop,5582,192,10,382.92,540.65
REC-005934,2026-06-03,CAMP-023,Enterprise Pipeline Builder,LinkedIn Ads,Lead Generation,MENA,Students & Young Professionals,Mobile,5800,85,5,380.65,488.5
REC-003469,2025-11-02,CAMP-018,Programmatic Market Reach,DISPLAY ADS,Brand Awareness,North America,Small Business Owners,Desktop,18520,52,0,47.77,0.0
REC-002572,2025-08-18,CAMP-007,B2B Decision Makers,LinkedIn Ads,Lead Generation,North America,New Customers,Mobile,7159,103,6,731.7,608.33
REC-000314,2025-01-28,CAMP-019,Display Retargeting Loop,Display Ads,Retargeting,MENA,Students & Young Professionals,Mobile,24833,185,2,100.79,159.77
REC-005588,2026-05-05,CAMP-015,Monthly Product Digest,Email,Customer Nurture,Europe,Small Business Owners,Tablet,2381,121,12,43.41,1590.18
REC-005999,2026-06-09,CAMP-002,Brand Demand Capture,Google Ads,Brand Awareness,Latin America,Students & Young Professionals,Mobile,15635,683,12,853.52,573.73
REC-004883,2026-03-02,CAMP-013,Lifecycle Nurture,Email,Customer Nurture,Europe,New Customers,Mobile,2180,175,13,49.8,1010.14
REC-002200,2025-07-16,CAMP-024,Mobile App Acquisition,Google Ads,App Acquisition,Asia-Pacific,Students & Young Professionals,Mobile,12168,394,15,718.8,683.45
REC-002529,2025-08-14,CAMP-008,Executive Thought Leadership,LinkedIn Ads,Brand Awareness,Asia-Pacific,New Customers,Desktop,4697,47,2,263.93,82.24
REC-003122,2025-10-04,CAMP-021,Micro Creator Conversion,Influencer,Influencer Partnership,North America,Small Business Owners,Desktop,39243,1207,57,1064.44,6414.82
REC-004406,2026-01-19,CAMP-016,Video Reach Accelerator,YouTube Ads,Brand Awareness,North America,Returning Customers,Mobile,7805,55,1,56.52,108.42
REC-003741,2025-11-24,CAMP-009,Startup Founder Leads,LinkedIn Ads,Lead Generation,Europe,Returning Customers,Desktop,1893,29,4,163.68,723.64
REC-005960,2026-06-06,CAMP-015,Monthly Product Digest,Email,Customer Nurture,MENA,Enterprise Decision Makers,Tablet,2338,97,10,43.18,2692.76
REC-002556,2025-08-16,CAMP-004,Social Scale Prospecting,Meta Ads,Prospecting,Latin America,New Customers,Mobile,7299,158,6,112.51,679.9
REC-001516,2025-05-12,CAMP-011,Creator Product Launch,TikTok Ads,Product Launch,Europe,Small Business Owners,Mobile,20849,412,9,314.85,1016.55
REC-005093,2026-03-21,CAMP-021,Micro Creator Conversion,Influencer,Influencer Partnership,MENA,Small Business Owners,Mobile,10857,382,10,356.88,1130.13
REC-000291,2025-01-26,CAMP-013,Lifecycle Nurture,Email,Customer Nurture,Latin America,Students & Young Professionals,Desktop,8323,376,35,99.0,2796.83
REC-002969,2025-09-20,CAMP-012,Youth Engagement Sprint,TikTok Ads,Engagement,North America,Small Business Owners,Mobile,20085,342,8,402.38,848.18
REC-003948,2025-12-11,CAMP-012,Youth Engagement Sprint,TikTok Ads,Engagement,Asia-Pacific,Students & Young Professionals,Mobile,33208,403,6,323.54,342.81
REC-003947,2025-12-11,CAMP-012,Youth Engagement Sprint,TikTok Ads,Engagement,MENA,New Customers,Mobile,27661,470,8,306.25,532.21
REC-005020,2026-03-15,CAMP-002,Brand Demand Capture,Google Ads,Brand Awareness,Asia-Pacific,Students & Young Professionals,Desktop,15120,527,17,930.23,696.5
REC-003167,2025-10-08,CAMP-004,Social Scale Prospecting,Meta Ads,Prospecting,Europe,Small Business Owners,Mobile,29086,587,23,617.43,3052.19
REC-001058,2025-04-03,CAMP-009,Startup Founder Leads,LinkedIn Ads,Lead Generation,North America,Small Business Owners,Mobile,8270,146,13,813.64,2577.02
REC-005740,2026-05-18,CAMP-018,Programmatic Market Reach,Display Ads,Brand Awareness,North America,Enterprise Decision Makers,Mobile,14313,45,1,47.78,131.84
REC-000953,2025-03-24,CAMP-023,Enterprise Pipeline Builder,LinkedIn Ads,Lead Generation,Europe,Returning Customers,Desktop,2822,31,3,208.17,499.04
REC-000062,2025-01-06,CAMP-008,Executive Thought Leadership,LinkedIn Ads,Brand Awareness,North America,Small Business Owners,Mobile,3038,20,0,155.25,0.0
REC-000908,2025-03-21,CAMP-008,Executive Thought Leadership,LinkedIn Ads,Brand Awareness,MENA,Enterprise Decision Makers,Mobile,5412,60,2,326.22,306.51
REC-002641,2025-08-23,CAMP-015,Monthly Product Digest,Email,Customer Nurture,Europe,New Customers,Desktop,2038,97,10,27.94,1115.5
REC-000585,2025-02-20,CAMP-004,Social Scale Prospecting,Meta Ads,Prospecting,North America,New Customers,Desktop,7374,141,4,167.45,342.93
REC-000512,2025-02-13,CAMP-002,Brand Demand Capture,Google Ads,Brand Awareness,MENA,Students & Young Professionals,Mobile,7182,240,4,351.6,210.97
REC-000860,2025-03-17,CAMP-004,Social Scale Prospecting,Meta Ads,Prospecting,North America,Enterprise Decision Makers,Mobile,6220,180,7,277.21,2295.6
REC-003215,2025-10-12,CAMP-010,Short Video Discovery,TikTok Ads,Prospecting,Europe,New Customers,Mobile,32217,379,7,303.04,732.87
REC-000010,2025-01-01,CAMP-007,B2B Decision Makers,LinkedIn Ads,Lead Generation,North America,Enterprise Decision Makers,Mobile,8206,150,17,819.9,6194.09
REC-005261,2026-04-06,CAMP-016,Video Reach Accelerator,YouTube Ads,Brand Awareness,MENA,Small Business Owners,Mobile,32873,265,2,219.5,173.01
REC-000081,2025-01-08,CAMP-015,Monthly Product Digest,Email,Customer Nurture,Latin America,New Customers,Mobile,6450,287,18,83.42,1644.54
REC-003397,2025-10-27,CAMP-022,Holiday Revenue Boost,Meta Ads,Seasonal Promotion,Europe,New Customers,Desktop,7941,197,8,243.01,835.45
REC-005095,2026-03-22,CAMP-020,Creator Partnership Series,Influencer,Influencer Partnership,Europe,Students & Young Professionals,Mobile,33979,1103,24,803.16,1766.57
REC-000316,2025-01-28,CAMP-021,Micro Creator Conversion,Influencer,Influencer Partnership,North America,New Customers,Tablet,17163,528,16,529.04,1758.7
REC-001455,2025-05-06,CAMP-017,Product Demo Views,YouTube Ads,Product Education,North America,Small Business Owners,Tablet,25962,174,4,168.48,611.64
REC-005045,2026-03-17,CAMP-006,Seasonal Offer Push,Meta Ads,Seasonal Promotion,Asia-Pacific,New Customers,Mobile,15549,465,14,435.45,1468.47
REC-001438,2025-05-05,CAMP-024,Mobile App Acquisition,Google Ads,App Acquisition,Europe,New Customers,Desktop,10083,400,19,697.92,939.55
REC-002007,2025-06-27,CAMP-018,Programmatic Market Reach,Display Ads,Brand Awareness,Europe,Enterprise Decision Makers,Mobile,19318,65,1,48.61,174.94
REC-005306,2026-04-10,CAMP-001,Search Growth Engine,Google Ads,Always-on Acquisition,North America,Returning Customers,Mobile,6909,387,31,718.48,4402.04
REC-003508,2025-11-06,CAMP-001,Search Growth Engine,Google Ads,Always-on Acquisition,Asia-Pacific,Students & Young Professionals,Tablet,20538,748,30,1034.11,2138.53
REC-000658,2025-02-27,CAMP-023,Enterprise Pipeline Builder,LinkedIn Ads,Lead Generation,North America,Students & Young Professionals,Desktop,8618,141,11,722.72,1047.8
REC-000309,2025-01-28,CAMP-004,Social Scale Prospecting,Meta Ads,Prospecting,Europe,New Customers,Desktop,20203,448,20,483.58,1893.25
REC-002265,2025-07-22,CAMP-018,Programmatic Market Reach,Display Ads,Brand Awareness,Asia-Pacific,Small Business Owners,Mobile,29758,116,1,60.62,76.54
REC-001016,2025-03-30,CAMP-008,Executive Thought Leadership,LinkedIn Ads,Brand Awareness,MENA,Small Business Owners,Mobile,2276,19,1,138.46,60.53
REC-006239,2026-06-30,CAMP-018,Programmatic Market Reach,Display Ads,Brand Awareness,Europe,Returning Customers,Mobile,23876,97,0,101.48,0.0
REC-006146,2026-06-23,CAMP-017,Product Demo Views,YouTube Ads,Product Education,North America,Small Business Owners,Tablet,20955,206,3,253.13,447.84
REC-000672,2025-02-28,CAMP-002,Brand Demand Capture,Google Ads,Brand Awareness,Europe,Students & Young Professionals,Mobile,15518,714,17,1219.64,746.83
REC-000025,2025-01-02,CAMP-023,Enterprise Pipeline Builder,LinkedIn Ads,Lead Generation,North America,Students & Young Professionals,Mobile,2302,41,2,306.03,204.22
REC-003114,2025-10-03,CAMP-004,Social Scale Prospecting,Meta Ads,Prospecting,Latin America,New Customers,Mobile,17759,497,17,386.4,1480.61
REC-001376,2025-04-29,CAMP-003,High Intent Retargeting,Google Ads,Retargeting,North America,Students & Young Professionals,Mobile,16413,1059,71,1721.4,6437.05
REC-000190,2025-01-17,CAMP-017,Product Demo Views,YouTube Ads,Product Education,MENA,Enterprise Decision Makers,Mobile,34529,508,9,326.25,2335.55
REC-000477,2025-02-11,CAMP-001,Search Growth Engine,Google Ads,Always-on Acquisition,North America,New Customers,Mobile,3821,238,10,503.41,852.59
REC-005717,2026-05-16,CAMP-024,Mobile App Acquisition,Google Ads,App Acquisition,Latin America,New Customers,Mobile,7942,367,15,496.03,716.77
REC-003891,2025-12-07,CAMP-024,Mobile App Acquisition,Google Ads,App Acquisition,Asia-Pacific,New Customers,Desktop,5485,183,10,254.79,669.3
REC-002382,2025-08-01,CAMP-005,Cart Recovery Social,Meta Ads,Retargeting,North America,Returning Customers,Mobile,8919,229,18,258.32,2413.48
REC-005501,2026-04-27,CAMP-024,Mobile App Acquisition,Google Ads,App Acquisition,Asia-Pacific,Returning Customers,Mobile,18491,696,42,1065.74,3234.58
REC-004588,2026-02-04,CAMP-023,Enterprise Pipeline Builder,LinkedIn Ads,Lead Generation,MENA,New Customers,Mobile,2012,42,4,202.11,586.73
REC-001996,2025-06-26,CAMP-015,Monthly Product Digest,Email,Customer Nurture,MENA,Small Business Owners,Mobile,12028,575,38,129.38,5112.36
REC-000989,2025-03-28,CAMP-015,Monthly Product Digest,Email,Customer Nurture,Latin America,Students & Young Professionals,Mobile,8274,407,16,102.49,898.13
REC-004489,2026-01-26,CAMP-009,Startup Founder Leads,LinkedIn Ads,Lead Generation,North America,Students & Young Professionals,Mobile,4484,68,5,448.82,387.96
REC-000110,2025-01-10,CAMP-024,Mobile App Acquisition,Google Ads,App Acquisition,Latin America,New Customers,Mobile,16837,760,34,913.03,2414.28
REC-002063,2025-07-03,CAMP-007,B2B Decision Makers,LinkedIn Ads,Lead Generation,MENA,Students & Young Professionals,Desktop,7440,99,9,522.0,717.35
REC-005259,2026-04-06,CAMP-002,Brand Demand Capture,Google Ads,Brand Awareness,North America,Returning Customers,Mobile,8121,213,7,402.19,687.85
REC-001620,2025-05-22,CAMP-024,Mobile App Acquisition,Google Ads,App Acquisition,North America,Enterprise Decision Makers,Desktop,13368,398,31,830.03,4698.45
REC-001154,2025-04-10,CAMP-010,Short Video Discovery,TikTok Ads,Prospecting,North America,Returning Customers,Mobile,16890,239,8,254.18,808.55
REC-001401,2025-05-01,CAMP-019,Display Retargeting Loop,Display Ads,Retargeting,Latin America,Small Business Owners,Mobile,19696,123,1,75.28,148.58
REC-004560,2026-02-02,CAMP-011,Creator Product Launch,TikTok Ads,Product Launch,Asia-Pacific,Small Business Owners,Mobile,26845,467,10,268.15,1438.09
REC-000906,2025-03-21,CAMP-005,Cart Recovery Social,Meta Ads,Retargeting,North America,New Customers,Mobile,19926,561,29,725.98,2330.64
REC-001971,2025-06-24,CAMP-024,Mobile App Acquisition,Google Ads,App Acquisition,MENA,New Customers,Desktop,4460,169,10,226.26,630.61
REC-001370,2025-04-28,CAMP-023,Enterprise Pipeline Builder,LinkedIn Ads,Lead Generation,Europe,Students & Young Professionals,Mobile,3587,61,1,316.22,125.48
REC-005727,2026-05-16,CAMP-011,Creator Product Launch,TikTok Ads,Product Launch,Asia-Pacific,New Customers,Mobile,20822,418,10,287.09,1080.68
REC-005247,2026-04-05,CAMP-002,Brand Demand Capture,Google Ads,Brand Awareness,MENA,New Customers,Desktop,7671,288,12,491.45,702.66
REC-002953,2025-09-19,CAMP-021,Micro Creator Conversion,Influencer,Influencer Partnership,North America,Students & Young Professionals,Desktop,26023,885,24,836.26,2037.63
REC-005214,2026-04-02,CAMP-008,Executive Thought Leadership,LinkedIn Ads,Brand Awareness,Latin America,Students & Young Professionals,Mobile,8396,82,1,324.61,35.53
REC-005827,2026-05-25,CAMP-019,Display Retargeting Loop,Display Ads,Retargeting,MENA,Small Business Owners,Tablet,11513,63,0,37.03,0.0
REC-001520,2025-05-12,CAMP-023,Enterprise Pipeline Builder,LinkedIn Ads,Lead Generation,Europe,,Mobile,6035,82,9,452.81,2355.04
REC-002715,2025-08-29,CAMP-020,Creator Partnership Series,Influencer,Influencer Partnership,Europe,Students & Young Professionals,Mobile,11668,293,6,382.43,389.11
REC-000632,2025-02-24,CAMP-020,Creator Partnership Series,Influencer,Influencer Partnership,Asia-Pacific,Small Business Owners,Desktop,44552,1050,41,1166.9,6548.35
REC-000098,2025-01-09,CAMP-001,Search Growth Engine,Google Ads,Always-on Acquisition,North America,Students & Young Professionals,Desktop,12920,483,28,974.4,1583.31
REC-004444,2026-01-22,CAMP-018,Programmatic Market Reach,Display Ads,Brand Awareness,MENA,Small Business Owners,Desktop,33214,94,1,59.62,83.42
REC-002729,2025-08-31,CAMP-007,B2B Decision Makers,LinkedIn Ads,Lead Generation,North America,Students & Young Professionals,Mobile,3299,66,3,483.9,272.4
REC-003126,2025-10-04,CAMP-002,Brand Demand Capture,Google Ads,Brand Awareness,Latin America,Returning Customers,Mobile,15575,566,32,782.91,3210.97
REC-004141,2025-12-27,CAMP-019,Display Retargeting Loop,Display Ads,Retargeting,MENA,Small Business Owners,Desktop,49469,261,7,114.07,901.83
REC-004453,2026-01-23,CAMP-015,Monthly Product Digest,Email,Customer Nurture,North America,Students & Young Professionals,Tablet,7701,407,16,96.72,1203.82
REC-001228,2025-04-17,CAMP-006,Seasonal Offer Push,Meta Ads,Seasonal Promotion,Europe,New Customers,Desktop,21799,549,17,608.07,1733.3
REC-004217,2026-01-03,CAMP-019,Display Retargeting Loop,Display Ads,Retargeting,Asia-Pacific,Small Business Owners,Tablet,26822,160,2,73.55,277.33
REC-005474,2026-04-24,CAMP-016,Video Reach Accelerator,YouTube Ads,Brand Awareness,Asia-Pacific,Returning Customers,Mobile,43664,397,5,307.26,504.26
REC-003069,2025-09-29,CAMP-018,Programmatic Market Reach,Display Ads,Brand Awareness,Asia-Pacific,Enterprise Decision Makers,Mobile,28355,112,1,84.89,161.69
REC-001231,2025-04-17,CAMP-015,Monthly Product Digest,Email,Customer Nurture,Latin America,Small Business Owners,Mobile,16983,778,55,177.97,6900.42
REC-005307,2026-04-10,CAMP-001,Search Growth Engine,Google Ads,Always-on Acquisition,MENA,New Customers,Desktop,13696,556,26,726.71,2103.36
REC-004890,2026-03-03,CAMP-021,Micro Creator Conversion,Influencer,Influencer Partnership,MENA,New Customers,Mobile,27433,801,22,705.51,2336.9
REC-002093,2025-07-06,CAMP-019,Display Retargeting Loop,Display Ads,Retargeting,North America,Small Business Owners,Desktop,34506,226,5,118.75,861.71
REC-004427,2026-01-20,CAMP-001,Search Growth Engine,Google Ads,Always-on Acquisition,Asia-Pacific,New Customers,Mobile,4560,173,7,239.5,766.81
REC-006031,2026-06-12,CAMP-004,Social Scale Prospecting,Meta Ads,Prospecting,Asia-Pacific,Students & Young Professionals,Mobile,15885,394,10,397.67,590.44
REC-005057,2026-03-18,CAMP-023,Enterprise Pipeline Builder,LinkedIn Ads,Lead Generation,North America,Returning Customers,Mobile,8658,140,13,762.89,2526.37
REC-005113,2026-03-23,CAMP-014,Win Back Customers,Email,Reactivation,North America,Small Business Owners,Mobile,13538,805,77,157.4,13039.42
REC-001640,2025-05-23,CAMP-008,Executive Thought Leadership,LinkedIn Ads,Brand Awareness,Asia-Pacific,Returning Customers,Mobile,5233,59,1,283.27,74.38
REC-001257,2025-04-19,CAMP-004,Social Scale Prospecting,Meta Ads,Prospecting,Europe,Students & Young Professionals,Mobile,19037,405,14,519.07,908.15
REC-003699,2025-11-21,CAMP-008,Executive Thought Leadership,LinkedIn Ads,Brand Awareness,Asia-Pacific,New Customers,Mobile,4683,55,2,343.78,114.17
REC-004092,2025-12-24,CAMP-001,Search Growth Engine,Google Ads,Always-on Acquisition,North America,Students & Young Professionals,Desktop,11462,434,17,916.21,1020.96
REC-000115,2025-01-11,CAMP-010,Short Video Discovery,TikTok Ads,Prospecting,MENA,New Customers,Mobile,22140,421,9,330.76,712.84
REC-005145,2026-03-26,CAMP-021,Micro Creator Conversion,Influencer,Influencer Partnership,Europe,Enterprise Decision Makers,Mobile,24033,664,27,427.12,8018.14
REC-000535,2025-02-16,CAMP-018,Programmatic Market Reach,Display Ads,Brand Awareness,MENA,Students & Young Professionals,Desktop,9811,39,1,57.84,33.46
REC-005116,2026-03-24,CAMP-010,Short Video Discovery,TikTok Ads,Prospecting,North America,Students & Young Professionals,Mobile,10814,195,3,169.75,179.05
REC-002326,2025-07-27,CAMP-008,Executive Thought Leadership,LinkedIn Ads,Brand Awareness,Europe,Enterprise Decision Makers,Mobile,1630,25,0,164.78,0.0
REC-001490,2025-05-09,CAMP-017,Product Demo Views,YouTube Ads,Product Education,MENA,Students & Young Professionals,Mobile,31015,352,4,277.66,307.76
REC-003501,2025-11-05,CAMP-009,Startup Founder Leads,LinkedIn Ads,Lead Generation,Europe,New Customers,Mobile,2952,58,4,253.68,473.64
REC-001184,2025-04-13,CAMP-004,Social Scale Prospecting,Meta Ads,Prospecting,Asia-Pacific,Returning Customers,Mobile,5359,162,8,150.34,789.09
REC-002935,2025-09-18,CAMP-019,Display Retargeting Loop,Display Ads,Retargeting,Europe,Small Business Owners,Mobile,29976,220,4,132.78,528.84
REC-001004,2025-03-29,CAMP-016,Video Reach Accelerator,YouTube Ads,Brand Awareness,Europe,New Customers,Desktop,27374,222,1,202.2,68.95
REC-000296,2025-01-27,CAMP-017,Product Demo Views,YouTube Ads,Product Education,Asia-Pacific,New Customers,Mobile,28391,333,5,248.54,525.94
REC-005335,2026-04-13,CAMP-002,Brand Demand Capture,Google Ads,Brand Awareness,North America,Enterprise Decision Makers,Desktop,9848,391,18,611.77,3672.78
REC-001173,2025-04-12,CAMP-005,Cart Recovery Social,Meta Ads,Retargeting,Asia-Pacific,Returning Customers,Desktop,19647,535,38,557.11,5519.77
REC-003067,2025-09-28,CAMP-005,Cart Recovery Social,Meta Ads,Retargeting,Asia-Pacific,Enterprise Decision Makers,Mobile,21986,905,48,791.57,12282.0
REC-000072,2025-01-07,CAMP-003,High Intent Retargeting,Google Ads,Retargeting,Europe,Small Business Owners,Mobile,7082,402,34,800.16,4876.08
REC-001775,2025-06-05,CAMP-012,Youth Engagement Sprint,TikTok Ads,Engagement,MENA,New Customers,Mobile,12190,211,3,146.39,201.42
REC-001380,2025-04-29,CAMP-002,Brand Demand Capture,Google Ads,Brand Awareness,Latin America,New Customers,Mobile,5845,174,6,242.69,485.14
REC-002851,2025-09-11,CAMP-001,Search Growth Engine,Google Ads,Always-on Acquisition,North America,Students & Young Professionals,Mobile,8771,553,17,1022.35,1147.98
REC-003044,2025-09-27,CAMP-005,Cart Recovery Social,Meta Ads,Retargeting,North America,Small Business Owners,Desktop,20934,483,37,542.73,5496.9
REC-000255,2025-01-23,CAMP-019,Display Retargeting Loop,Display Ads,Retargeting,Europe,Returning Customers,Mobile,38781,260,4,153.84,501.61
REC-000362,2025-02-01,CAMP-021,Micro Creator Conversion,Influencer,Influencer Partnership,Europe,Small Business Owners,Mobile,29383,1208,55,652.38,7266.71
REC-003923,2025-12-09,CAMP-010,Short Video Discovery,TikTok Ads,Prospecting,Europe,Returning Customers,Mobile,27276,545,14,430.69,1634.15
REC-003626,2025-11-15,CAMP-013,Lifecycle Nurture,Email,Customer Nurture,MENA,Students & Young Professionals,Mobile,5162,283,18,70.62,1258.77
REC-000312,2025-01-28,CAMP-014,Win Back Customers,Email,Reactivation,North America,Students & Young Professionals,Mobile,4999,321,21,72.08,1949.77
REC-005547,2026-05-01,CAMP-019,Display Retargeting Loop,Display Ads,Retargeting,Latin America,Returning Customers,Mobile,25820,222,6,127.16,783.56
REC-002772,2025-09-04,CAMP-008,Executive Thought Leadership,LinkedIn Ads,Brand Awareness,North America,Enterprise Decision Makers,Desktop,6486,53,3,372.52,476.92
REC-004521,2026-01-29,CAMP-017,Product Demo Views,YouTube Ads,Product Education,MENA,Enterprise Decision Makers,Mobile,30161,318,5,203.63,1290.35
REC-002739,2025-08-31,CAMP-021,Micro Creator Conversion,Influencer,Influencer Partnership,Europe,Returning Customers,Mobile,35934,1085,44,967.38,5570.7
REC-004982,2026-03-11,CAMP-009,Startup Founder Leads,LinkedIn Ads,Lead Generation,Asia-Pacific,Returning Customers,Mobile,7751,120,10,646.33,1474.08
REC-005232,2026-04-04,CAMP-015,Monthly Product Digest,Email,Customer Nurture,North America,New Customers,Mobile,11992,686,40,129.83,3281.9
REC-002849,2025-09-11,CAMP-015,Monthly Product Digest,Email,Customer Nurture,Europe,Students & Young Professionals,Mobile,13625,787,60,155.61,5060.23
REC-001643,2025-05-24,CAMP-017,Product Demo Views,YouTube Ads,Product Education,Europe,New Customers,Mobile,20301,223,3,157.35,282.89
REC-001396,2025-05-01,CAMP-003,High Intent Retargeting,Google Ads,Retargeting,MENA,New Customers,Desktop,3243,220,17,303.99,1976.59
REC-003345,2025-10-23,CAMP-002,Brand Demand Capture,Google Ads,Brand Awareness,North America,Enterprise Decision Makers,Mobile,4483,149,7,269.0,1613.6
REC-000502,2025-02-13,CAMP-004,Social Scale Prospecting,Meta Ads,Prospecting,MENA,New Customers,Mobile,24704,452,14,433.49,1583.99
REC-000766,2025-03-08,CAMP-004,Social Scale Prospecting,Meta Ads,Prospecting,North America,Students & Young Professionals,Desktop,9158,172,5,256.75,288.6
REC-004845,2026-02-26,CAMP-015,Monthly Product Digest,Email,Customer Nurture,North America,New Customers,Tablet,11748,550,47,136.04,4511.03
REC-003023,2025-09-25,CAMP-019,Display Retargeting Loop,Display Ads,Retargeting,North America,New Customers,Desktop,15147,118,1,92.47,97.64
REC-001065,2025-04-03,CAMP-020,Creator Partnership Series,Influencer,Influencer Partnership,Asia-Pacific,Students & Young Professionals,Desktop,20666,513,16,484.19,926.84
REC-005193,2026-03-31,CAMP-015,Monthly Product Digest,Email,Customer Nurture,Asia-Pacific,Students & Young Professionals,Desktop,12510,637,48,129.34,3792.1
REC-004105,2025-12-25,CAMP-010,Short Video Discovery,TikTok Ads,Prospecting,Asia-Pacific,Small Business Owners,Mobile,13099,201,5,162.81,783.65
REC-005178,2026-03-30,CAMP-018,Programmatic Market Reach,Display Ads,Brand Awareness,Latin America,Enterprise Decision Makers,Desktop,29278,92,1,62.56,146.77
REC-002539,2025-08-14,CAMP-005,Cart Recovery Social,Meta Ads,Retargeting,Europe,Returning Customers,Mobile,16628,413,34,352.43,3985.92
REC-003902,2025-12-08,CAMP-005,Cart Recovery Social,Meta Ads,Retargeting,MENA,Enterprise Decision Makers,Mobile,11414,341,17,354.66,3884.18
REC-000684,2025-03-01,CAMP-001,Search Growth Engine,Google Ads,Always-on Acquisition,MENA,New Customers,Mobile,13718,781,29,960.74,2423.49
REC-000531,2025-02-15,CAMP-001,Search Growth Engine,Google Ads,Always-on Acquisition,Asia-Pacific,Students & Young Professionals,Mobile,13079,663,30,1119.56,2154.32
REC-002675,2025-08-26,CAMP-016,Video Reach Accelerator,YouTube Ads,Brand Awareness,Europe,New Customers,Desktop,27781,246,2,231.37,175.72
REC-000340,2025-01-30,CAMP-024,Mobile App Acquisition,Google Ads,App Acquisition,Latin America,New Customers,Desktop,19462,689,32,842.93,1659.2
REC-005467,2026-04-24,CAMP-017,Product Demo Views,YouTube Ads,Product Education,MENA,Enterprise Decision Makers,Mobile,18993,222,5,183.52,1465.05
REC-000204,2025-01-18,CAMP-005,Cart Recovery Social,Meta Ads,Retargeting,Europe,New Customers,Mobile,11967,480,24,496.17,2088.79
REC-002392,2025-08-02,CAMP-013,Lifecycle Nurture,Email,Customer Nurture,MENA,Small Business Owners,Desktop,11853,858,107,137.46,13684.72
REC-001819,2025-06-10,CAMP-014,Win Back Customers,Email,Reactivation,North America,Small Business Owners,Mobile,8037,452,54,86.67,9211.02
REC-002239,2025-07-19,CAMP-005,Cart Recovery Social,Meta Ads,Retargeting,Asia-Pacific,Returning Customers,Mobile,16640,466,29,354.69,4086.34
REC-004077,2025-12-22,CAMP-018,Programmatic Market Reach,Display Ads,Brand Awareness,North America,Returning Customers,Mobile,30293,117,0,99.37,0.0
REC-006130,2026-06-21,CAMP-010,Short Video Discovery,TikTok Ads,Prospecting,North America,Students & Young Professionals,Mobile,19386,301,6,249.11,453.41
REC-005643,2026-05-10,CAMP-023,Enterprise Pipeline Builder,LinkedIn Ads,Lead Generation,North America,Returning Customers,Mobile,5690,69,6,421.61,1323.81
REC-003470,2025-11-03,CAMP-023,Enterprise Pipeline Builder,LinkedIn Ads,Lead Generation,Asia-Pacific,New Customers,Mobile,6622,87,6,455.83,1061.11
REC-001009,2025-03-30,CAMP-015,Monthly Product Digest,Email,Customer Nurture,MENA,Students & Young Professionals,Mobile,10159,459,33,117.87,2217.72
REC-004666,2026-02-11,CAMP-004,Social Scale Prospecting,Meta Ads,Prospecting,MENA,Small Business Owners,Desktop,20056,282,14,276.93,1578.54
REC-002472,2025-08-09,CAMP-008,Executive Thought Leadership,LinkedIn Ads,Brand Awareness,Latin America,Small Business Owners,Mobile,3194,35,0,185.71,0.0
REC-004423,2026-01-20,CAMP-005,Cart Recovery Social,Meta Ads,Retargeting,MENA,Students & Young Professionals,Mobile,9941,240,8,210.81,570.7
REC-004908,2026-03-04,CAMP-017,Product Demo Views,YouTube Ads,Product Education,Asia-Pacific,Small Business Owners,Mobile,25458,387,9,338.13,1357.89
REC-004223,2026-01-03,CAMP-010,Short Video Discovery,TikTok Ads,Prospecting,Europe,Small Business Owners,Desktop,31993,343,11,234.92,1811.39
REC-005158,2026-03-28,CAMP-016,Video Reach Accelerator,YouTube Ads,Brand Awareness,Europe,Returning Customers,Desktop,30945,282,5,255.99,560.9
REC-001474,2025-05-08,CAMP-010,Short Video Discovery,TikTok Ads,Prospecting,Latin America,Small Business Owners,Mobile,28390,436,8,259.33,1069.63
REC-003204,2025-10-11,CAMP-005,Cart Recovery Social,Meta Ads,Retargeting,North America,New Customers,Desktop,21206,557,27,686.43,2761.06
REC-001107,2025-04-07,CAMP-003,High Intent Retargeting,Google Ads,Retargeting,Asia-Pacific,Enterprise Decision Makers,Desktop,13616,902,84,1202.96,32553.44
REC-003738,2025-11-24,CAMP-021,Micro Creator Conversion,Influencer,Influencer Partnership,MENA,Students & Young Professionals,Desktop,16027,558,18,442.38,1263.78
REC-004063,2025-12-21,CAMP-016,Video Reach Accelerator,YouTube Ads,Brand Awareness,Europe,Enterprise Decision Makers,Mobile,37972,288,4,276.75,961.87
REC-004788,2026-02-21,CAMP-002,Brand Demand Capture,Google Ads,Brand Awareness,Asia-Pacific,New Customers,Mobile,14315,588,12,928.95,724.65
REC-004973,2026-03-10,CAMP-023,Enterprise Pipeline Builder,LinkedIn Ads,Lead Generation,North America,Returning Customers,Mobile,5973,120,10,675.07,1677.55
REC-005596,2026-05-06,CAMP-010,Short Video Discovery,TikTok Ads,Prospecting,North America,Students & Young Professionals,Mobile,17771,266,2,223.31,163.81
REC-000987,2025-03-28,CAMP-019,Display Retargeting Loop,Display Ads,Retargeting,North America,Returning Customers,Mobile,16458,117,2,86.23,297.65
REC-002046,2025-07-01,CAMP-005,Cart Recovery Social,Meta Ads,Retargeting,Europe,New Customers,Mobile,5998,183,8,228.41,900.49
REC-001718,2025-05-30,CAMP-010,Short Video Discovery,TikTok Ads,Prospecting,MENA,New Customers,Mobile,35061,553,12,338.24,1139.57
REC-003230,2025-10-13,CAMP-013,Lifecycle Nurture,Email,Customer Nurture,Asia-Pacific,Returning Customers,Mobile,1752,128,16,44.54,2092.57
REC-006126,2026-06-21,CAMP-020,Creator Partnership Series,Influencer,Influencer Partnership,Europe,New Customers,Desktop,11316,297,8,235.49,737.59
REC-001082,2025-04-05,CAMP-015,Monthly Product Digest,Email,Customer Nurture,Asia-Pacific,Enterprise Decision Makers,Mobile,2240,131,17,42.18,3816.08
REC-000521,2025-02-14,CAMP-004,Social Scale Prospecting,Meta Ads,Prospecting,Latin America,Small Business Owners,Desktop,6631,99,3,100.39,432.3
REC-002315,2025-07-26,CAMP-016,Video Reach Accelerator,YouTube Ads,Brand Awareness,Asia-Pacific,Returning Customers,Mobile,30230,308,3,246.65,300.92
REC-000301,2025-01-27,CAMP-014,Win Back Customers,Email,Reactivation,MENA,Small Business Owners,Mobile,7258,657,95,82.86,15137.56
REC-000156,2025-01-14,CAMP-019,Display Retargeting Loop,Display Ads,Retargeting,Asia-Pacific,New Customers,Mobile,9134,70,1,63.45,110.08
REC-001295,2025-04-23,CAMP-004,Social Scale Prospecting,Meta Ads,Prospecting,MENA,New Customers,Mobile,23297,591,19,438.95,1724.38
REC-005415,2026-04-19,CAMP-021,Micro Creator Conversion,Influencer,Influencer Partnership,MENA,Enterprise Decision Makers,Mobile,15541,471,23,440.37,5163.5
REC-000715,2025-03-03,CAMP-008,Executive Thought Leadership,LinkedIn Ads,Brand Awareness,MENA,Students & Young Professionals,Desktop,3008,24,0,173.79,0.0
REC-002058,2025-07-02,CAMP-008,Executive Thought Leadership,LinkedIn Ads,Brand Awareness,North America,Small Business Owners,Desktop,6167,69,2,565.23,165.1
REC-005229,2026-04-03,CAMP-017,Product Demo Views,YouTube Ads,Product Education,North America,Small Business Owners,Desktop,15245,178,3,194.64,507.62
REC-005218,2026-04-02,CAMP-015,Monthly Product Digest,Email,Customer Nurture,Europe,Returning Customers,Desktop,8720,401,59,100.72,5827.83
REC-004724,2026-02-16,CAMP-023,Enterprise Pipeline Builder,LinkedIn Ads,Lead Generation,Latin America,Small Business Owners,Desktop,2656,34,3,125.49,646.66
REC-000124,2025-01-11,CAMP-020,Creator Partnership Series,Influencer,Influencer Partnership,Latin America,New Customers,Mobile,31801,1474,39,1147.31,3452.23
REC-001044,2025-04-02,CAMP-009,Startup Founder Leads,LinkedIn Ads,Lead Generation,Europe,Returning Customers,Mobile,9136,106,11,626.15,1653.75
REC-003016,2025-09-24,CAMP-012,Youth Engagement Sprint,TikTok Ads,Engagement,North America,Small Business Owners,Desktop,34057,471,11,464.18,1264.64
REC-004437,2026-01-21,CAMP-013,Lifecycle Nurture,Email,Customer Nurture,MENA,Returning Customers,Mobile,6309,404,55,85.34,5620.1
REC-001702,2025-05-29,CAMP-019,Display Retargeting Loop,Display Ads,Retargeting,Europe,Small Business Owners,Desktop,27301,241,4,170.18,534.26
REC-004641,2026-02-09,CAMP-021,Micro Creator Conversion,Influencer,Influencer Partnership,North America,New Customers,Desktop,14039,351,15,357.86,1226.15
REC-003403,2025-10-28,CAMP-024,Mobile App Acquisition,Google Ads,App Acquisition,Europe,Enterprise Decision Makers,Mobile,6257,296,15,455.0,2757.73
REC-001040,2025-04-01,CAMP-021,Micro Creator Conversion,Influencer,Influencer Partnership,Europe,Small Business Owners,Mobile,69958,2808,80,1402.5,13163.24
REC-003190,2025-10-10,CAMP-010,Short Video Discovery,TikTok Ads,Prospecting,North America,New Customers,Mobile,23554,420,7,318.09,555.27
REC-005437,2026-04-21,CAMP-021,Micro Creator Conversion,Influencer,Influencer Partnership,North America,Students & Young Professionals,Mobile,53464,1914,34,1398.91,2590.2
REC-002022,2025-06-29,CAMP-009,Startup Founder Leads,LinkedIn Ads,Lead Generation,Asia-Pacific,Enterprise Decision Makers,Desktop,5530,50,6,234.0,1876.86
REC-000679,2025-02-28,CAMP-004,Social Scale Prospecting,Meta Ads,Prospecting,North America,New Customers,Mobile,19043,439,12,552.26,1142.34
REC-000674,2025-02-28,CAMP-013,Lifecycle Nurture,Email,Customer Nurture,North America,New Customers,Desktop,10128,664,65,108.57,7335.07
REC-000004,2025-01-01,CAMP-004,Social Scale Prospecting,Meta Ads,Prospecting,Asia-Pacific,Enterprise Decision Makers,Mobile,17660,381,20,357.34,5017.28
REC-000984,2025-03-28,CAMP-002,Brand Demand Capture,Google Ads,Brand Awareness,Europe,Students & Young Professionals,Desktop,17274,582,22,857.58,1161.29
REC-000101,2025-01-09,CAMP-004,Social Scale Prospecting,Meta Ads,Prospecting,North America,Returning Customers,Desktop,8805,192,9,255.69,1248.65
REC-001034,2025-04-01,CAMP-006,Seasonal Offer Push,Meta Ads,Seasonal Promotion,MENA,Small Business Owners,Desktop,12434,220,8,180.35,893.32
REC-004499,2026-01-27,CAMP-009,Startup Founder Leads,LinkedIn Ads,Lead Generation,Europe,Small Business Owners,Desktop,4310,53,5,275.59,848.82
REC-004963,2026-03-09,CAMP-003,High Intent Retargeting,Google Ads,Retargeting,Latin America,Small Business Owners,Mobile,12725,979,68,1243.71,13738.07
REC-006014,2026-06-11,CAMP-008,Executive Thought Leadership,LinkedIn Ads,Brand Awareness,Latin America,Returning Customers,Desktop,6768,44,2,238.16,100.66
REC-005446,2026-04-22,CAMP-009,Startup Founder Leads,LinkedIn Ads,Lead Generation,MENA,Enterprise Decision Makers,Desktop,7716,84,9,453.46,3350.45
REC-002535,2025-08-14,CAMP-020,Creator Partnership Series,Influencer,Influencer Partnership,North America,Returning Customers,Mobile,18940,561,22,555.19,2438.39
REC-002840,2025-09-10,CAMP-001,Search Growth Engine,Google Ads,Always-on Acquisition,MENA,Enterprise Decision Makers,Mobile,17818,969,54,1629.66,15122.21
REC-001604,2025-05-20,CAMP-003,High Intent Retargeting,Google Ads,Retargeting,MENA,Returning Customers,Mobile,13303,752,96,915.13,15302.83
REC-000305,2025-01-27,CAMP-019,Display Retargeting Loop,Display Ads,Retargeting,North America,Enterprise Decision Makers,Tablet,13503,70,1,84.02,261.43
REC-000977,2025-03-27,CAMP-009,Startup Founder Leads,LinkedIn Ads,Lead Generation,North America,Small Business Owners,Desktop,6903,74,5,428.84,1083.72
REC-005111,2026-03-23,CAMP-015,Monthly Product Digest,Email,Customer Nurture,Asia-Pacific,Returning Customers,Desktop,7532,416,54,98.8,7548.38
REC-000223,2025-01-20,CAMP-003,High Intent Retargeting,Google Ads,Retargeting,Latin America,New Customers,Mobile,10248,910,49,1195.72,6360.93
REC-000219,2025-01-19,CAMP-002,Brand Demand Capture,Google Ads,Brand Awareness,Europe,Small Business Owners,Desktop,4350,155,9,241.55,762.9
REC-001140,2025-04-09,CAMP-016,Video Reach Accelerator,YouTube Ads,Brand Awareness,North America,Returning Customers,Tablet,36257,231,5,238.26,447.77
REC-003834,2025-12-02,CAMP-016,Video Reach Accelerator,YouTube Ads,Brand Awareness,Europe,Returning Customers,Mobile,42448,261,2,190.9,176.52
REC-006199,2026-06-27,CAMP-023,Enterprise Pipeline Builder,LinkedIn Ads,Lead Generation,MENA,Students & Young Professionals,Mobile,1574,32,1,145.78,104.99
REC-005536,2026-04-30,CAMP-003,High Intent Retargeting,Google Ads,Retargeting,North America,Students & Young Professionals,Mobile,6358,319,14,537.94,1151.13
REC-004817,2026-02-24,CAMP-004,Social Scale Prospecting,Meta Ads,Prospecting,MENA,New Customers,Mobile,26327,548,14,520.46,1267.41
REC-003118,2025-10-04,CAMP-022,Holiday Revenue Boost,Meta Ads,Seasonal Promotion,Europe,Students & Young Professionals,Desktop,27575,498,22,595.79,1439.17
REC-002829,2025-09-09,CAMP-009,Startup Founder Leads,LinkedIn Ads,Lead Generation,Europe,Enterprise Decision Makers,Tablet,2479,33,2,209.75,728.52
REC-001801,2025-06-07,CAMP-005,Cart Recovery Social,Meta Ads,Retargeting,Europe,Returning Customers,Mobile,19899,748,56,645.72,8130.34
REC-005380,2026-04-16,CAMP-005,Cart Recovery Social,Meta Ads,Retargeting,North America,Small Business Owners,Mobile,8620,336,18,364.17,2947.88
REC-000175,2025-01-15,CAMP-014,Win Back Customers,Email,Reactivation,Asia-Pacific,Small Business Owners,Mobile,4968,320,36,66.76,6067.15
REC-002658,2025-08-24,CAMP-013,Lifecycle Nurture,Email,Customer Nurture,Latin America,New Customers,Mobile,1861,101,8,41.12,747.21
REC-003684,2025-11-20,CAMP-003,High Intent Retargeting,Google Ads,Retargeting,Europe,New Customers,Mobile,10961,654,39,879.73,5365.68
REC-002736,2025-08-31,CAMP-003,High Intent Retargeting,Google Ads,Retargeting,MENA,New Customers,Mobile,11023,827,62,1179.8,7527.91
REC-000889,2025-03-19,CAMP-014,Win Back Customers,Email,Reactivation,MENA,Enterprise Decision Makers,Mobile,4887,355,53,65.4,16544.17
REC-005492,2026-04-26,CAMP-021,Micro Creator Conversion,Influencer,Influencer Partnership,Europe,New Customers,Desktop,36578,1054,35,745.69,3573.16
REC-005584,2026-05-04,CAMP-011,Creator Product Launch,TikTok Ads,Product Launch,Asia-Pacific,Students & Young Professionals,Mobile,22485,438,10,332.72,648.76
REC-001792,2025-06-07,CAMP-002,Brand Demand Capture,Google Ads,Brand Awareness,Europe,Students & Young Professionals,Desktop,14746,331,11,655.88,498.9
REC-002674,2025-08-26,CAMP-012,Youth Engagement Sprint,TikTok Ads,Engagement,Europe,Enterprise Decision Makers,Desktop,29747,456,11,414.19,2217.02
REC-005192,2026-03-31,CAMP-010,Short Video Discovery,TikTok Ads,Prospecting,MENA,Returning Customers,Mobile,9826,198,5,119.06,584.75
REC-003298,2025-10-19,CAMP-023,Enterprise Pipeline Builder,LinkedIn Ads,Lead Generation,Latin America,Enterprise Decision Makers,Mobile,2030,28,4,159.62,1548.28
REC-000700,2025-03-02,CAMP-004,Social Scale Prospecting,Meta Ads,Prospecting,Europe,Small Business Owners,Mobile,8809,143,7,154.17,1162.0
REC-001260,2025-04-19,CAMP-002,Brand Demand Capture,Google Ads,Brand Awareness,Latin America,Returning Customers,Mobile,15186,606,22,895.01,1936.72
REC-003087,2025-09-30,CAMP-015,Monthly Product Digest,Email,Customer Nurture,Asia-Pacific,New Customers,Mobile,12498,664,39,130.92,3015.96
REC-004043,2025-12-19,CAMP-017,Product Demo Views,YouTube Ads,Product Education,Asia-Pacific,New Customers,Desktop,38517,438,7,338.57,651.75
REC-004508,2026-01-28,CAMP-019,Display Retargeting Loop,Display Ads,Retargeting,North America,New Customers,Mobile,47646,410,5,251.36,531.96
REC-005915,2026-06-02,CAMP-016,Video Reach Accelerator,YouTube Ads,Brand Awareness,North America,Enterprise Decision Makers,Desktop,28550,161,3,169.1,711.66
REC-000954,2025-03-24,CAMP-020,Creator Partnership Series,Influencer,Influencer Partnership,MENA,New Customers,Desktop,43460,1334,51,842.57,5031.08
REC-001329,2025-04-25,CAMP-015,Monthly Product Digest,Email,Customer Nurture,Europe,Small Business Owners,Mobile,12206,764,66,132.53,9987.75
REC-004274,2026-01-08,CAMP-005,Cart Recovery Social,Meta Ads,Retargeting,Asia-Pacific,Small Business Owners,Mobile,8747,222,12,263.97,1590.75
REC-003829,2025-12-01,CAMP-006,Seasonal Offer Push,Meta Ads,Seasonal Promotion,Europe,New Customers,Mobile,19336,559,16,606.25,1279.6
REC-001728,2025-05-31,CAMP-019,Display Retargeting Loop,Display Ads,Retargeting,North America,Returning Customers,Desktop,38409,245,6,173.13,832.47
REC-004266,2026-01-07,CAMP-012,Youth Engagement Sprint,TikTok Ads,Engagement,Europe,Small Business Owners,Mobile,29913,478,7,492.2,635.59
REC-005249,2026-04-05,CAMP-016,Video Reach Accelerator,YouTube Ads,Brand Awareness,Asia-Pacific,Students & Young Professionals,Mobile,16559,149,1,124.45,51.58
REC-000434,2025-02-07,CAMP-016,Video Reach Accelerator,YouTube Ads,Brand Awareness,MENA,Students & Young Professionals,Desktop,27781,155,2,141.97,91.74
REC-004807,2026-02-23,CAMP-013,Lifecycle Nurture,Email,Customer Nurture,Latin America,New Customers,Mobile,8782,503,49,110.53,5102.14
REC-002503,2025-08-11,CAMP-002,Brand Demand Capture,Google Ads,Brand Awareness,Europe,Students & Young Professionals,Mobile,4152,149,3,225.3,181.02
REC-004614,2026-02-06,CAMP-014,Win Back Customers,Email,Reactivation,MENA,Small Business Owners,Tablet,5913,319,56,66.04,8669.17
REC-003181,2025-10-09,CAMP-016,Video Reach Accelerator,YouTube Ads,Brand Awareness,Asia-Pacific,Enterprise Decision Makers,Mobile,22523,209,3,193.32,691.84
REC-003319,2025-10-21,CAMP-015,Monthly Product Digest,Email,Customer Nurture,Europe,New Customers,Mobile,4860,238,16,70.14,1744.04
REC-003617,2025-11-15,CAMP-015,Monthly Product Digest,Email,Customer Nurture,MENA,New Customers,Tablet,5309,294,17,78.15,1755.61
REC-001561,2025-05-15,CAMP-003,High Intent Retargeting,Google Ads,Retargeting,Asia-Pacific,New Customers,Mobile,8121,401,27,695.83,3554.98
REC-002920,2025-09-16,CAMP-007,B2B Decision Makers,LinkedIn Ads,Lead Generation,Asia-Pacific,Returning Customers,Mobile,5485,72,7,335.93,1038.43
REC-006070,2026-06-16,CAMP-013,Lifecycle Nurture,Email,Customer Nurture,North America,Returning Customers,Mobile,3362,234,28,53.22,2788.73
REC-001185,2025-04-13,CAMP-024,Mobile App Acquisition,Google Ads,App Acquisition,MENA,New Customers,Mobile,14966,486,24,633.36,1535.13
REC-000499,2025-02-12,CAMP-012,Youth Engagement Sprint,TikTok Ads,Engagement,Europe,New Customers,Desktop,13607,170,4,150.96,257.99
REC-000540,2025-02-16,CAMP-012,Youth Engagement Sprint,TikTok Ads,Engagement,Asia-Pacific,New Customers,Desktop,24510,238,5,203.5,371.17
REC-004663,2026-02-11,CAMP-014,Win Back Customers,Email,Reactivation,North America,Students & Young Professionals,Mobile,8531,492,51,105.34,5064.66
REC-005532,2026-04-30,CAMP-021,Micro Creator Conversion,Influencer,Influencer Partnership,MENA,Small Business Owners,Mobile,22305,726,25,549.59,3273.33
REC-003656,2025-11-17,CAMP-017,Product Demo Views,YouTube Ads,Product Education,Latin America,Small Business Owners,Tablet,20333,193,2,135.17,264.69
REC-003449,2025-11-01,CAMP-006,Seasonal Offer Push,Meta Ads,Seasonal Promotion,Europe,New Customers,Mobile,5640,108,4,129.67,407.41
REC-004935,2026-03-07,CAMP-019,Display Retargeting Loop,Display Ads,Retargeting,Europe,New Customers,Desktop,26931,239,5,154.56,448.55
REC-005609,2026-05-07,CAMP-011,Creator Product Launch,TikTok Ads,Product Launch,North America,New Customers,Desktop,16357,291,6,253.61,593.06
REC-003085,2025-09-30,CAMP-014,Win Back Customers,Email,Reactivation,Europe,Small Business Owners,Tablet,15646,931,93,166.37,17287.57
REC-001195,2025-04-14,CAMP-001,Search Growth Engine,Google Ads,Always-on Acquisition,MENA,Small Business Owners,Desktop,9994,472,33,772.32,4271.0
REC-003724,2025-11-23,CAMP-014,Win Back Customers,Email,Reactivation,MENA,Enterprise Decision Makers,Desktop,3538,203,39,42.52,11523.36
REC-000527,2025-02-15,CAMP-007,B2B Decision Makers,LinkedIn Ads,Lead Generation,North America,Students & Young Professionals,Mobile,6298,114,7,796.93,540.64
REC-002753,2025-09-02,CAMP-012,Youth Engagement Sprint,TikTok Ads,Engagement,Asia-Pacific,New Customers,Tablet,35214,471,8,438.24,456.63
REC-000601,2025-02-21,CAMP-007,B2B Decision Makers,LinkedIn Ads,Lead Generation,North America,Small Business Owners,Mobile,6811,134,15,941.33,2338.71
REC-000734,2025-03-05,CAMP-009,Startup Founder Leads,LinkedIn Ads,Lead Generation,North America,Small Business Owners,Desktop,2444,30,3,192.9,438.85
REC-005542,2026-05-01,CAMP-020,Creator Partnership Series,Influencer,Influencer Partnership,MENA,Small Business Owners,Tablet,38104,1043,25,982.97,3457.22
REC-005394,2026-04-18,CAMP-017,Product Demo Views,YouTube Ads,Product Education,Europe,Students & Young Professionals,Mobile,26419,285,4,219.22,284.3
REC-001201,2025-04-15,CAMP-007,B2B Decision Makers,LinkedIn Ads,Lead Generation,Europe,Small Business Owners,Desktop,4241,70,9,451.42,1942.76
REC-004196,2026-01-01,CAMP-012,Youth Engagement Sprint,TikTok Ads,Engagement,North America,New Customers,Mobile,34894,535,7,595.04,398.75
REC-004866,2026-02-28,CAMP-012,Youth Engagement Sprint,TikTok Ads,Engagement,MENA,New Customers,Desktop,10476,152,3,130.71,209.86
REC-002426,2025-08-05,CAMP-023,Enterprise Pipeline Builder,LinkedIn Ads,Lead Generation,MENA,Students & Young Professionals,Mobile,5499,107,5,517.17,670.21
REC-005728,2026-05-17,CAMP-020,Creator Partnership Series,Influencer,Influencer Partnership,Europe,Students & Young Professionals,Mobile,16405,616,16,556.43,1222.02
REC-004741,2026-02-17,CAMP-016,Video Reach Accelerator,YouTube Ads,Brand Awareness,Europe,Small Business Owners,Mobile,36572,285,4,250.25,502.06
REC-005420,2026-04-20,CAMP-015,Monthly Product Digest,Email,Customer Nurture,Europe,New Customers,Mobile,8725,447,26,101.45,2187.57
REC-003710,2025-11-22,CAMP-020,Creator Partnership Series,Influencer,Influencer Partnership,Europe,Returning Customers,Mobile,41397,1541,68,878.13,8398.33
REC-002621,2025-08-21,CAMP-018,Programmatic Market Reach,Display Ads,Brand Awareness,MENA,Enterprise Decision Makers,Mobile,44815,148,1,100.21,135.86
REC-001864,2025-06-13,CAMP-001,Search Growth Engine,Google Ads,Always-on Acquisition,Europe,Returning Customers,Mobile,11478,563,46,1058.39,6333.21
REC-002932,2025-09-17,CAMP-015,Monthly Product Digest,Email,Customer Nurture,Asia-Pacific,Returning Customers,Desktop,13683,676,110,140.48,13323.59
REC-003100,2025-10-02,CAMP-009,Startup Founder Leads,LinkedIn Ads,Lead Generation,MENA,Students & Young Professionals,Mobile,6296,101,6,481.41,593.78
REC-005396,2026-04-18,CAMP-009,Startup Founder Leads,LinkedIn Ads,Lead Generation,MENA,New Customers,Mobile,8472,145,9,568.09,892.9
REC-006021,2026-06-11,CAMP-014,Win Back Customers,Email,Reactivation,Asia-Pacific,New Customers,Mobile,9229,504,73,110.53,7182.67
REC-003655,2025-11-17,CAMP-017,Product Demo Views,YouTube Ads,Product Education,MENA,New Customers,Desktop,19106,219,4,152.51,481.77
REC-002156,2025-07-12,CAMP-010,Short Video Discovery,TikTok Ads,Prospecting,MENA,New Customers,Desktop,25519,298,7,223.47,773.47
REC-002000,2025-06-26,CAMP-012,Youth Engagement Sprint,TikTok Ads,Engagement,Europe,New Customers,Desktop,16435,256,3,241.2,190.87
REC-005418,2026-04-20,CAMP-013,Lifecycle Nurture,Email,Customer Nurture,Asia-Pacific,New Customers,Mobile,13161,900,70,136.65,5801.29
REC-005417,2026-04-19,CAMP-015,Monthly Product Digest,Email,Customer Nurture,MENA,New Customers,Mobile,3360,189,14,56.36,1513.26
REC-001262,2025-04-20,CAMP-019,Display Retargeting Loop,Display Ads,Retargeting,Asia-Pacific,Enterprise Decision Makers,Desktop,16100,107,2,93.08,503.54
REC-001751,2025-06-03,CAMP-007,B2B Decision Makers,LinkedIn Ads,Lead Generation,Asia-Pacific,New Customers,Mobile,1564,27,1,117.58,147.93
REC-004071,2025-12-22,CAMP-006,Seasonal Offer Push,Meta Ads,Seasonal Promotion,North America,Small Business Owners,Mobile,27133,865,34,1102.58,5247.19
REC-002280,2025-07-23,CAMP-020,Creator Partnership Series,Influencer,Influencer Partnership,Europe,Small Business Owners,Mobile,61307,1746,58,1972.32,7906.04
REC-001669,2025-05-26,CAMP-017,Product Demo Views,YouTube Ads,Product Education,Asia-Pacific,Returning Customers,Desktop,30606,271,7,182.98,1044.86
REC-002115,2025-07-08,CAMP-005,Cart Recovery Social,Meta Ads,Retargeting,North America,Returning Customers,Mobile,26535,948,58,958.8,6979.33
REC-004285,2026-01-09,CAMP-012,Youth Engagement Sprint,TikTok Ads,Engagement,Asia-Pacific,New Customers,Mobile,27417,338,5,313.54,373.46
REC-000207,2025-01-19,CAMP-013,Lifecycle Nurture,Email,Customer Nurture,Europe,Small Business Owners,Mobile,4580,254,33,65.87,4378.67
REC-002109,2025-07-07,CAMP-007,B2B Decision Makers,LinkedIn Ads,Lead Generation,North America,Students & Young Professionals,Mobile,8038,110,8,713.69,801.55
REC-001220,2025-04-16,CAMP-020,Creator Partnership Series,Influencer,Influencer Partnership,Asia-Pacific,Returning Customers,Desktop,43776,1565,87,1332.12,10889.81
REC-002724,2025-08-30,CAMP-005,Cart Recovery Social,Meta Ads,Retargeting,Asia-Pacific,Students & Young Professionals,Mobile,24022,821,24,634.67,1348.61
REC-005018,2026-03-14,CAMP-013,Lifecycle Nurture,Email,Customer Nurture,Europe,New Customers,Desktop,8467,518,49,101.72,5190.62
REC-001808,2025-06-08,CAMP-021,Micro Creator Conversion,Influencer,Influencer Partnership,MENA,Students & Young Professionals,Mobile,9128,375,7,242.67,508.96
REC-003231,2025-10-13,CAMP-013,Lifecycle Nurture,Email,Customer Nurture,Europe,Students & Young Professionals,Mobile,11852,894,46,131.05,3626.49
REC-004112,2025-12-25,CAMP-002,Brand Demand Capture,Google Ads,Brand Awareness,North America,Small Business Owners,Tablet,20873,667,25,1529.58,2977.39
REC-004314,2026-01-11,CAMP-017,Product Demo Views,YouTube Ads,Product Education,MENA,Students & Young Professionals,Desktop,16539,157,3,116.42,251.64
REC-002029,2025-06-29,CAMP-002,Brand Demand Capture,Google Ads,Brand Awareness,MENA,New Customers,Desktop,15399,445,15,719.71,1043.69
REC-006006,2026-06-10,CAMP-008,Executive Thought Leadership,LinkedIn Ads,Brand Awareness,Asia-Pacific,Students & Young Professionals,Mobile,2889,35,1,216.62,37.03
REC-004303,2026-01-10,CAMP-015,Monthly Product Digest,Email,Customer Nurture,Latin America,Returning Customers,Mobile,2922,212,26,39.64,2714.68
REC-002662,2025-08-25,CAMP-003,High Intent Retargeting,Google Ads,Retargeting,Europe,Students & Young Professionals,Mobile,5651,461,29,697.4,2354.52
REC-005255,2026-04-05,CAMP-005,Cart Recovery Social,Meta Ads,Retargeting,Europe,Small Business Owners,Desktop,9776,372,25,363.81,2791.42
REC-003212,2025-10-12,CAMP-016,Video Reach Accelerator,YouTube Ads,Brand Awareness,Asia-Pacific,Returning Customers,Desktop,13629,127,2,120.12,178.82
REC-000624,2025-02-23,CAMP-005,Cart Recovery Social,Meta Ads,Retargeting,North America,New Customers,Desktop,10072,256,18,354.54,1711.49
REC-002761,2025-09-03,CAMP-013,Lifecycle Nurture,Email,Customer Nurture,Europe,Students & Young Professionals,Mobile,3509,179,11,48.72,643.89
REC-004372,2026-01-16,CAMP-019,Display Retargeting Loop,Display Ads,Retargeting,MENA,Small Business Owners,Mobile,44752,320,7,132.88,1079.58
REC-005128,2026-03-25,CAMP-023,Enterprise Pipeline Builder,LinkedIn Ads,Lead Generation,Asia-Pacific,Small Business Owners,Desktop,6463,80,9,377.75,1899.39
REC-004265,2026-01-07,CAMP-012,Youth Engagement Sprint,TikTok Ads,Engagement,Asia-Pacific,Enterprise Decision Makers,Desktop,8206,114,3,77.81,634.13
REC-002589,2025-08-19,CAMP-011,Creator Product Launch,TikTok Ads,Product Launch,Europe,Returning Customers,Mobile,15370,263,10,241.5,1243.13
REC-002147,2025-07-11,CAMP-005,Cart Recovery Social,Meta Ads,Retargeting,Europe,Small Business Owners,Mobile,17322,471,25,547.98,2883.17
REC-006071,2026-06-16,CAMP-013,Lifecycle Nurture,Email,Customer Nurture,North America,Small Business Owners,Mobile,12152,586,49,132.02,7892.93
REC-001904,2025-06-17,CAMP-015,Monthly Product Digest,Email,Customer Nurture,Europe,,Mobile,5435,365,20,61.43,1912.27
REC-003188,2025-10-10,CAMP-013,Lifecycle Nurture,Email,Customer Nurture,MENA,New Customers,Desktop,2819,130,17,34.35,1852.66
REC-002396,2025-08-03,CAMP-009,Startup Founder Leads,LinkedIn Ads,Lead Generation,North America,Returning Customers,Mobile,2180,32,4,187.55,604.93
REC-004293,2026-01-09,CAMP-024,Mobile App Acquisition,Google Ads,App Acquisition,Europe,New Customers,Mobile,13212,655,27,984.25,1264.92
REC-001523,2025-05-12,CAMP-018,Programmatic Market Reach,Display Ads,Brand Awareness,North America,Students & Young Professionals,Desktop,23402,82,0,79.82,0.0
REC-002574,2025-08-18,CAMP-021,Micro Creator Conversion,Influencer,Influencer Partnership,MENA,New Customers,Desktop,41563,1453,47,1297.91,4750.93
REC-002357,2025-07-30,CAMP-010,Short Video Discovery,TikTok Ads,Prospecting,Europe,New Customers,Mobile,30848,608,8,555.57,828.3
REC-004550,2026-02-01,CAMP-005,Cart Recovery Social,Meta Ads,Retargeting,Latin America,Returning Customers,Desktop,18994,723,56,631.12,6837.66
REC-003633,2025-11-16,CAMP-016,Video Reach Accelerator,YouTube Ads,Brand Awareness,Asia-Pacific,New Customers,Mobile,32781,266,4,183.51,323.09
REC-003561,2025-11-10,CAMP-006,Seasonal Offer Push,Meta Ads,Seasonal Promotion,Asia-Pacific,Returning Customers,Desktop,25995,604,33,456.89,3851.66
REC-003021,2025-09-25,CAMP-005,Cart Recovery Social,Meta Ads,Retargeting,MENA,Small Business Owners,Mobile,25574,745,31,595.14,3467.21
REC-001217,2025-04-16,CAMP-013,Lifecycle Nurture,Email,Customer Nurture,Asia-Pacific,Small Business Owners,Mobile,10928,643,48,125.38,6080.74
REC-006069,2026-06-16,CAMP-016,Video Reach Accelerator,YouTube Ads,Brand Awareness,Latin America,Returning Customers,Mobile,9118,87,1,88.05,99.39
REC-002884,2025-09-14,CAMP-024,Mobile App Acquisition,Google Ads,App Acquisition,Europe,Students & Young Professionals,Mobile,4684,174,6,238.99,249.9
REC-001264,2025-04-20,CAMP-007,B2B Decision Makers,LinkedIn Ads,Lead Generation,MENA,Enterprise Decision Makers,Mobile,2975,42,3,218.4,1205.04
REC-002668,2025-08-25,CAMP-024,Mobile App Acquisition,Google Ads,App Acquisition,Asia-Pacific,Returning Customers,Mobile,4474,199,8,323.11,541.75
REC-003110,2025-10-03,CAMP-023,Enterprise Pipeline Builder,LinkedIn Ads,Lead Generation,Europe,Students & Young Professionals,Desktop,9886,183,13,1057.0,1518.49
REC-002270,2025-07-22,CAMP-017,Product Demo Views,YouTube Ads,Product Education,Asia-Pacific,New Customers,Desktop,14898,109,2,88.92,193.84
REC-004770,2026-02-20,CAMP-011,Creator Product Launch,TikTok Ads,Product Launch,Europe,Students & Young Professionals,Mobile,10979,178,3,159.05,212.36
REC-002878,2025-09-13,CAMP-024,Mobile App Acquisition,Google Ads,App Acquisition,North America,Small Business Owners,Mobile,21974,676,21,1355.91,2040.63
REC-000896,2025-03-20,CAMP-012,Youth Engagement Sprint,TikTok Ads,Engagement,Europe,Students & Young Professionals,Tablet,37036,418,4,383.81,229.44
REC-000593,2025-02-20,CAMP-017,Product Demo Views,YouTube Ads,Product Education,MENA,Small Business Owners,Desktop,37319,358,7,244.21,1245.66
REC-004127,2025-12-26,CAMP-005,Cart Recovery Social,Meta Ads,Retargeting,Europe,Small Business Owners,Desktop,30325,963,89,1134.6,13575.07
REC-000191,2025-01-17,CAMP-017,Product Demo Views,YouTube Ads,Product Education,North America,Students & Young Professionals,Mobile,28124,370,6,319.41,388.66
REC-002775,2025-09-04,CAMP-019,Display Retargeting Loop,Display Ads,Retargeting,MENA,New Customers,Desktop,15879,92,1,87.63,110.7
REC-000228,2025-01-20,CAMP-009,Startup Founder Leads,LinkedIn Ads,Lead Generation,North America,Returning Customers,Mobile,6975,85,10,607.48,1403.48
REC-002301,2025-07-25,CAMP-005,Cart Recovery Social,Meta Ads,Retargeting,MENA,New Customers,Mobile,12347,395,20,424.66,2139.14
REC-004723,2026-02-16,CAMP-013,Lifecycle Nurture,Email,Customer Nurture,Asia-Pacific,Small Business Owners,Desktop,10626,555,84,113.08,12408.24
REC-000075,2025-01-07,CAMP-021,Micro Creator Conversion,Influencer,Influencer Partnership,Asia-Pacific,New Customers,Desktop,40120,908,38,720.54,3340.84
REC-003323,2025-10-21,CAMP-002,Brand Demand Capture,Google Ads,Brand Awareness,Asia-Pacific,Returning Customers,Mobile,5188,220,10,382.73,755.55
REC-004465,2026-01-24,CAMP-008,Executive Thought Leadership,LinkedIn Ads,Brand Awareness,MENA,New Customers,Mobile,3571,40,2,190.3,118.64
REC-005545,2026-05-01,CAMP-010,Short Video Discovery,TikTok Ads,Prospecting,North America,Returning Customers,Desktop,9020,138,3,130.0,361.57
REC-005885,2026-05-30,CAMP-002,Brand Demand Capture,Google Ads,Brand Awareness,Europe,Students & Young Professionals,Mobile,5677,251,6,458.03,331.02
REC-000168,2025-01-15,CAMP-001,Search Growth Engine,Google Ads,Always-on Acquisition,North America,Returning Customers,Desktop,7305,325,26,684.69,3521.16
REC-003394,2025-10-27,CAMP-023,Enterprise Pipeline Builder,LinkedIn Ads,Lead Generation,North America,Returning Customers,Mobile,4749,87,11,503.21,2034.71
REC-005067,2026-03-19,CAMP-003,High Intent Retargeting,Google Ads,Retargeting,Asia-Pacific,Students & Young Professionals,Desktop,15921,710,58,1012.44,4687.9
REC-004003,2025-12-16,CAMP-001,Search Growth Engine,Google Ads,Always-on Acquisition,North America,,Desktop,6044,284,27,642.62,3707.56
REC-000224,2025-01-20,CAMP-003,High Intent Retargeting,Google Ads,Retargeting,Latin America,Students & Young Professionals,Tablet,4201,254,15,337.32,1082.0
REC-004246,2026-01-06,CAMP-013,Lifecycle Nurture,Email,Customer Nurture,MENA,Small Business Owners,Mobile,7799,595,53,91.19,6666.56
REC-001161,2025-04-11,CAMP-003,High Intent Retargeting,Google Ads,Retargeting,Latin America,Small Business Owners,Mobile,8144,641,56,811.84,8815.1
REC-004753,2026-02-18,CAMP-016,Video Reach Accelerator,YouTube Ads,Brand Awareness,Asia-Pacific,Students & Young Professionals,Mobile,35393,370,3,239.19,196.02
REC-001032,2025-04-01,CAMP-016,Video Reach Accelerator,YouTube Ads,Brand Awareness,MENA,Students & Young Professionals,Desktop,8139,51,1,74.75,59.53
REC-004898,2026-03-03,CAMP-020,Creator Partnership Series,Influencer,Influencer Partnership,Europe,Enterprise Decision Makers,Mobile,53302,1578,40,1159.72,9624.61
REC-005359,2026-04-15,CAMP-002,Brand Demand Capture,Google Ads,Brand Awareness,North America,New Customers,Desktop,14868,539,20,984.45,1122.14
REC-005994,2026-06-09,CAMP-004,Social Scale Prospecting,Meta Ads,Prospecting,Europe,New Customers,Mobile,10569,248,8,228.3,892.3
REC-003832,2025-12-02,CAMP-001,Search Growth Engine,Google Ads,Always-on Acquisition,Asia-Pacific,New Customers,Tablet,12014,590,30,1070.75,2906.43
REC-005765,2026-05-20,CAMP-019,Display Retargeting Loop,Display Ads,Retargeting,Europe,Returning Customers,Mobile,28325,241,5,121.85,719.49
REC-005533,2026-04-30,CAMP-024,Mobile App Acquisition,Google Ads,App Acquisition,North America,Returning Customers,Mobile,5309,255,12,463.75,779.85
REC-004681,2026-02-12,CAMP-015,Monthly Product Digest,Email,Customer Nurture,Latin America,Small Business Owners,Mobile,5733,311,31,78.76,3840.32
REC-002960,2025-09-19,CAMP-003,High Intent Retargeting,Google Ads,Retargeting,Latin America,Returning Customers,Desktop,5807,420,57,541.91,9511.75
REC-005349,2026-04-14,CAMP-012,Youth Engagement Sprint,TikTok Ads,Engagement,Europe,Students & Young Professionals,Mobile,20147,265,4,234.65,193.24
REC-002555,2025-08-16,CAMP-004,Social Scale Prospecting,Meta Ads,Prospecting,Asia-Pacific,Students & Young Professionals,Mobile,15823,391,9,378.76,724.54
REC-002579,2025-08-18,CAMP-015,Monthly Product Digest,Email,Customer Nurture,North America,New Customers,Mobile,11693,625,50,122.33,4186.61
REC-001571,2025-05-16,CAMP-002,Brand Demand Capture,Google Ads,Brand Awareness,Europe,Students & Young Professionals,Desktop,7388,280,11,471.89,478.08
REC-005165,2026-03-28,CAMP-009,Startup Founder Leads,LinkedIn Ads,Lead Generation,North America,Returning Customers,Tablet,1794,21,3,126.66,503.32
REC-002741,2025-09-01,CAMP-018,Programmatic Market Reach,display ads,Brand Awareness,North America,New Customers,Mobile,36323,107,1,87.9,47.82
REC-000755,2025-03-07,CAMP-016,Video Reach Accelerator,YouTube Ads,Brand Awareness,North America,Small Business Owners,Mobile,19362,122,1,147.89,129.81
REC-004320,2026-01-12,CAMP-002,Brand Demand Capture,Google Ads,Brand Awareness,Europe,Small Business Owners,Desktop,12320,417,22,769.99,1946.78
REC-000862,2025-03-17,CAMP-024,Mobile App Acquisition,Google Ads,App Acquisition,MENA,Small Business Owners,Desktop,15367,565,44,844.32,3884.09
REC-003839,2025-12-02,CAMP-004,Social Scale Prospecting,Meta Ads,Prospecting,North America,New Customers,Desktop,6014,101,4,164.37,319.54
REC-000023,2025-01-02,CAMP-009,Startup Founder Leads,LinkedIn Ads,Lead Generation,MENA,New Customers,Desktop,7865,136,13,557.76,1815.99
REC-004900,2026-03-03,CAMP-015,Monthly Product Digest,Email,Customer Nurture,Europe,Returning Customers,Desktop,6721,281,39,86.77,3949.25
REC-004583,2026-02-04,CAMP-015,Monthly Product Digest,Email,Customer Nurture,Asia-Pacific,Students & Young Professionals,Mobile,12202,594,36,123.54,2695.79
REC-000650,2025-02-26,CAMP-013,Lifecycle Nurture,Email,Customer Nurture,North America,Small Business Owners,Mobile,10115,643,59,108.47,8999.29
REC-006160,2026-06-24,CAMP-001,Search Growth Engine,Google Ads,Always-on Acquisition,Europe,Students & Young Professionals,Mobile,5331,203,8,429.8,461.45
REC-004793,2026-02-22,CAMP-010,Short Video Discovery,TikTok Ads,Prospecting,Asia-Pacific,Small Business Owners,Tablet,27828,310,7,224.7,939.47
REC-005571,2026-05-03,CAMP-015,Monthly Product Digest,Email,Customer Nurture,MENA,New Customers,Desktop,6952,309,23,86.23,1930.27
REC-001855,2025-06-13,CAMP-020,Creator Partnership Series,Influencer,Influencer Partnership,Latin America,Students & Young Professionals,Tablet,17337,557,14,452.61,907.18
REC-004021,2025-12-17,CAMP-009,Startup Founder Leads,LinkedIn Ads,Lead Generation,Latin America,New Customers,Desktop,4682,57,4,289.54,418.0
REC-001045,2025-04-02,CAMP-012,Youth Engagement Sprint,TikTok Ads,Engagement,Europe,Small Business Owners,Desktop,11180,186,5,186.47,441.8
REC-000554,2025-02-17,CAMP-004,Social Scale Prospecting,Meta Ads,Prospecting,MENA,Small Business Owners,Mobile,5338,111,3,116.94,433.8
REC-001580,2025-05-17,CAMP-011,Creator Product Launch,TikTok Ads,Product Launch,Europe,New Customers,Tablet,17182,230,5,201.21,539.72
REC-002910,2025-09-16,CAMP-024,Mobile App Acquisition,Google Ads,App Acquisition,Asia-Pacific,New Customers,Mobile,14749,511,18,738.07,1107.23
REC-003678,2025-11-19,CAMP-022,Holiday Revenue Boost,Meta Ads,Seasonal Promotion,MENA,New Customers,Mobile,31980,697,27,704.03,2514.92
REC-004822,2026-02-24,CAMP-020,Creator Partnership Series,Influencer,Influencer Partnership,MENA,Small Business Owners,Mobile,18681,626,26,561.97,4043.22
REC-002041,2025-07-01,CAMP-002,Brand Demand Capture,Google Ads,Brand Awareness,MENA,New Customers,Mobile,16088,786,24,1281.87,1674.24
REC-002745,2025-09-01,CAMP-023,Enterprise Pipeline Builder,LinkedIn Ads,Lead Generation,Europe,Small Business Owners,Mobile,3105,76,5,412.46,887.78
REC-004621,2026-02-07,CAMP-005,Cart Recovery Social,Meta Ads,Retargeting,Asia-Pacific,Small Business Owners,Desktop,6157,189,15,204.44,2479.62
REC-004462,2026-01-24,CAMP-019,Display Retargeting Loop,Display Ads,Retargeting,Asia-Pacific,New Customers,Mobile,25569,296,4,138.78,366.01
REC-004826,2026-02-25,CAMP-009,Startup Founder Leads,LinkedIn Ads,Lead Generation,Asia-Pacific,New Customers,Mobile,3924,45,3,196.94,398.27
REC-003077,2025-09-29,CAMP-001,Search Growth Engine,Google Ads,Always-on Acquisition,North America,New Customers,Mobile,10009,438,17,910.32,1898.54
REC-002160,2025-07-13,CAMP-012,Youth Engagement Sprint,TikTok Ads,Engagement,North America,Small Business Owners,Desktop,14946,215,4,208.28,427.33
REC-001077,2025-04-04,CAMP-018,Programmatic Market Reach,Display Ads,Brand Awareness,Latin America,Returning Customers,Desktop,38597,143,1,67.77,82.46
REC-001658,2025-05-25,CAMP-004,Social Scale Prospecting,Meta Ads,Prospecting,North America,Students & Young Professionals,Desktop,6394,142,4,188.65,269.69
REC-003365,2025-10-24,CAMP-001,Search Growth Engine,Google Ads,Always-on Acquisition,Europe,Returning Customers,Mobile,13689,801,50,1560.79,6634.35
REC-003649,2025-11-17,CAMP-004,Social Scale Prospecting,Meta Ads,Prospecting,Europe,Students & Young Professionals,Mobile,17027,376,9,371.61,672.53
REC-003195,2025-10-10,CAMP-002,Brand Demand Capture,Google Ads,Brand Awareness,MENA,New Customers,Mobile,5945,291,5,503.81,370.15
REC-001457,2025-05-06,CAMP-020,Creator Partnership Series,Influencer,Influencer Partnership,North America,Students & Young Professionals,Desktop,41650,1441,54,1148.17,4454.57
REC-001458,2025-05-06,CAMP-020,Creator Partnership Series,Influencer,Influencer Partnership,Europe,New Customers,Mobile,29660,855,26,874.14,2697.79
REC-003720,2025-11-23,CAMP-015,Monthly Product Digest,Email,Customer Nurture,North America,New Customers,Mobile,6990,408,30,83.61,2777.25
REC-004038,2025-12-19,CAMP-016,Video Reach Accelerator,YouTube Ads,Brand Awareness,Latin America,Students & Young Professionals,Desktop,16944,138,1,89.2,55.53
REC-005725,2026-05-16,CAMP-012,Youth Engagement Sprint,TikTok Ads,Engagement,Asia-Pacific,New Customers,Desktop,20027,282,7,199.1,425.2
REC-002973,2025-09-20,CAMP-008,Executive Thought Leadership,LinkedIn Ads,Brand Awareness,Europe,Enterprise Decision Makers,Mobile,8223,75,4,543.19,482.32
REC-000389,2025-02-04,CAMP-021,Micro Creator Conversion,Influencer,Influencer Partnership,MENA,Returning Customers,Mobile,10950,280,14,303.91,1387.91
REC-006139,2026-06-22,CAMP-017,Product Demo Views,YouTube Ads,Product Education,Europe,Returning Customers,Mobile,21815,233,5,155.92,713.49
REC-003402,2025-10-28,CAMP-002,Brand Demand Capture,Google Ads,Brand Awareness,Latin America,Enterprise Decision Makers,Mobile,12441,354,14,472.79,2839.02
REC-003830,2025-12-01,CAMP-006,Seasonal Offer Push,Meta Ads,Seasonal Promotion,North America,New Customers,Mobile,6536,185,4,235.0,359.73
REC-005936,2026-06-04,CAMP-013,Lifecycle Nurture,Email,Customer Nurture,Latin America,New Customers,Desktop,2023,152,13,29.36,1285.48
REC-005734,2026-05-17,CAMP-019,Display Retargeting Loop,Display Ads,Retargeting,Europe,Small Business Owners,Mobile,20124,179,3,120.0,380.42
REC-004715,2026-02-15,CAMP-021,Micro Creator Conversion,Influencer,Influencer Partnership,North America,New Customers,Mobile,50539,2162,55,1391.45,4860.45
REC-000713,2025-03-03,CAMP-014,Win Back Customers,Email,Reactivation,Asia-Pacific,New Customers,Mobile,5058,260,33,58.28,4207.98
REC-002527,2025-08-14,CAMP-019,Display Retargeting Loop,Display Ads,Retargeting,Europe,Students & Young Professionals,Mobile,16201,116,2,77.57,125.45
REC-005476,2026-04-25,CAMP-019,Display Retargeting Loop,Display Ads,Retargeting,North America,Returning Customers,Desktop,39817,337,9,164.98,1299.26
REC-005400,2026-04-18,CAMP-021,Micro Creator Conversion,Influencer,Influencer Partnership,North America,Small Business Owners,Desktop,37572,896,41,976.65,6083.54
REC-003728,2025-11-23,CAMP-006,Seasonal Offer Push,Meta Ads,Seasonal Promotion,Latin America,Students & Young Professionals,Mobile,20870,641,13,497.61,729.98
REC-005140,2026-03-26,CAMP-019,Display Retargeting Loop,Display Ads,Retargeting,Europe,New Customers,Desktop,10873,55,1,57.41,122.16
REC-006133,2026-06-22,CAMP-020,Creator Partnership Series,Influencer,Influencer Partnership,North America,Returning Customers,Desktop,14657,487,31,281.25,4093.71
REC-002195,2025-07-15,CAMP-007,B2B Decision Makers,LinkedIn Ads,Lead Generation,Europe,Students & Young Professionals,Desktop,4192,56,4,355.96,389.0
REC-003491,2025-11-04,CAMP-004,Social Scale Prospecting,Meta Ads,Prospecting,MENA,Returning Customers,Mobile,20281,375,15,384.16,1939.73
REC-002594,2025-08-19,CAMP-013,Lifecycle Nurture,Email,Customer Nurture,Europe,Students & Young Professionals,Mobile,12134,767,56,125.62,3679.87
REC-003704,2025-11-22,CAMP-013,Lifecycle Nurture,Email,Customer Nurture,Asia-Pacific,Students & Young Professionals,Desktop,9470,492,52,104.97,3276.94
REC-000898,2025-03-20,CAMP-013,Lifecycle Nurture,Email,Customer Nurture,Latin America,Small Business Owners,Mobile,7929,553,45,100.69,6090.41
REC-000456,2025-02-09,CAMP-013,Lifecycle Nurture,Email,Customer Nurture,Europe,Returning Customers,Desktop,2522,183,26,39.35,3113.72
REC-002536,2025-08-14,CAMP-007,B2B Decision Makers,LinkedIn Ads,Lead Generation,Europe,Small Business Owners,Mobile,6986,134,11,847.7,1839.61
REC-004733,2026-02-17,CAMP-007,B2B Decision Makers,LinkedIn Ads,Lead Generation,North America,Students & Young Professionals,Mobile,1963,28,1,180.52,88.0
REC-004858,2026-02-27,CAMP-008,Executive Thought Leadership,LinkedIn Ads,Brand Awareness,North America,Students & Young Professionals,Desktop,2793,23,1,185.89,39.06
REC-003162,2025-10-07,CAMP-017,Product Demo Views,YouTube Ads,Product Education,Europe,Small Business Owners,Mobile,12746,182,2,137.67,328.22
REC-002807,2025-09-07,CAMP-014,Win Back Customers,Email,Reactivation,Europe,Small Business Owners,Desktop,6216,414,84,79.72,13855.84
REC-001159,2025-04-11,CAMP-016,Video Reach Accelerator,YouTube Ads,Brand Awareness,Asia-Pacific,New Customers,Desktop,17084,142,2,140.64,156.44
REC-002314,2025-07-26,CAMP-016,Video Reach Accelerator,YouTube Ads,Brand Awareness,Latin America,New Customers,Desktop,31773,265,2,213.06,161.12
REC-002984,2025-09-21,CAMP-009,Startup Founder Leads,LinkedIn Ads,Lead Generation,MENA,Small Business Owners,Desktop,6448,71,7,315.59,1320.04
REC-004195,2025-12-31,CAMP-004,Social Scale Prospecting,Meta Ads,Prospecting,North America,Returning Customers,Desktop,10197,156,9,204.19,1230.75
REC-002420,2025-08-04,CAMP-019,Display Retargeting Loop,Display Ads,Retargeting,Latin America,Returning Customers,Mobile,36452,249,6,117.14,799.59
REC-005754,2026-05-19,CAMP-017,Product Demo Views,YouTube Ads,Product Education,MENA,Small Business Owners,Desktop,24386,189,4,142.04,482.67
REC-001128,2025-04-08,CAMP-018,Programmatic Market Reach,Display Ads,Brand Awareness,Europe,New Customers,Desktop,41607,150,1,85.35,62.41
REC-005030,2026-03-15,CAMP-009,Startup Founder Leads,LinkedIn Ads,Lead Generation,North America,Students & Young Professionals,Desktop,6796,79,7,569.12,628.26
REC-003764,2025-11-26,CAMP-018,Programmatic Market Reach,Display Ads,Brand Awareness,Asia-Pacific,Returning Customers,Mobile,49868,208,2,118.6,141.94
REC-004188,2025-12-31,CAMP-020,Creator Partnership Series,Influencer,Influencer Partnership,Europe,New Customers,Desktop,31095,682,21,789.16,2038.26
REC-003926,2025-12-10,CAMP-007,B2B Decision Makers,LinkedIn Ads,Lead Generation,Latin America,Students & Young Professionals,Mobile,2161,39,1,181.24,94.16
REC-003019,2025-09-24,CAMP-021,Micro Creator Conversion,Influencer,Influencer Partnership,Europe,New Customers,Mobile,19772,525,12,611.29,921.79
REC-003637,2025-11-16,CAMP-011,Creator Product Launch,TikTok Ads,Product Launch,Asia-Pacific,Small Business Owners,Mobile,17827,340,7,243.77,1095.81
REC-000742,2025-03-06,CAMP-010,Short Video Discovery,TikTok Ads,Prospecting,Europe,Students & Young Professionals,Mobile,9675,198,2,165.91,126.99
REC-001994,2025-06-26,CAMP-001,Search Growth Engine,Google Ads,Always-on Acquisition,North America,Students & Young Professionals,Tablet,6806,275,8,562.17,542.6
REC-004540,2026-01-31,CAMP-016,Video Reach Accelerator,YouTube Ads,Brand Awareness,North America,Returning Customers,Desktop,15057,108,2,102.43,217.04
REC-005673,2026-05-13,CAMP-014,Win Back Customers,Email,Reactivation,North America,Small Business Owners,Desktop,5446,346,62,62.7,10586.75
REC-004747,2026-02-18,CAMP-023,Enterprise Pipeline Builder,LinkedIn Ads,Lead Generation,Europe,,Mobile,8291,121,16,716.83,2651.05
REC-003489,2025-11-04,CAMP-016,Video Reach Accelerator,YouTube Ads,Brand Awareness,Europe,New Customers,Mobile,12217,92,1,105.6,76.47
REC-002414,2025-08-04,CAMP-020,Creator Partnership Series,Influencer,Influencer Partnership,MENA,Small Business Owners,Mobile,20899,960,27,582.22,4187.74
REC-004229,2026-01-04,CAMP-023,Enterprise Pipeline Builder,LinkedIn Ads,Lead Generation,MENA,Returning Customers,Desktop,3946,63,8,252.78,1237.41
REC-004802,2026-02-23,CAMP-009,Startup Founder Leads,LinkedIn Ads,Lead Generation,MENA,Students & Young Professionals,Mobile,3251,62,3,260.19,232.47
REC-001829,2025-06-11,CAMP-019,Display Retargeting Loop,Display Ads,Retargeting,Asia-Pacific,Returning Customers,Mobile,25696,229,4,141.94,471.85
REC-003972,2025-12-13,CAMP-002,Brand Demand Capture,Google Ads,Brand Awareness,Asia-Pacific,Students & Young Professionals,Mobile,11308,467,9,659.93,503.79
REC-000942,2025-03-24,CAMP-014,Win Back Customers,Email,Reactivation,Asia-Pacific,Enterprise Decision Makers,Mobile,3560,322,48,44.56,15389.1
REC-001638,2025-05-23,CAMP-003,High Intent Retargeting,Google Ads,Retargeting,Latin America,Returning Customers,Mobile,14105,673,53,709.46,8739.11
REC-005947,2026-06-05,CAMP-024,Mobile App Acquisition,Google Ads,App Acquisition,Asia-Pacific,Small Business Owners,Mobile,19949,890,42,1389.97,3254.9
REC-004065,2025-12-21,CAMP-013,Lifecycle Nurture,Email,Customer Nurture,Asia-Pacific,Students & Young Professionals,Desktop,14511,944,94,148.98,7053.29
REC-004087,2025-12-23,CAMP-006,Seasonal Offer Push,Meta Ads,Seasonal Promotion,Europe,New Customers,Mobile,24084,484,17,532.63,1617.45
REC-002757,2025-09-02,CAMP-017,Product Demo Views,YouTube Ads,Product Education,MENA,New Customers,Tablet,15305,110,2,117.87,183.82
REC-000083,2025-01-08,CAMP-001,Search Growth Engine,Google Ads,Always-on Acquisition,Asia-Pacific,Returning Customers,Mobile,7363,264,21,396.7,2309.22
REC-005231,2026-04-03,CAMP-024,Mobile App Acquisition,Google Ads,App Acquisition,Asia-Pacific,Small Business Owners,Desktop,7360,287,25,412.17,1789.43
REC-006106,2026-06-19,CAMP-005,Cart Recovery Social,Meta Ads,Retargeting,Asia-Pacific,Returning Customers,Mobile,12673,534,48,459.93,5357.64
REC-002453,2025-08-07,CAMP-016,Video Reach Accelerator,YouTube Ads ,Brand Awareness,Europe,Small Business Owners,Desktop,19507,145,2,137.37,237.28
REC-001273,2025-04-21,CAMP-020,Creator Partnership Series,Influencer,Influencer Partnership,MENA,Returning Customers,Mobile,47899,1405,52,1190.03,7635.06
REC-001463,2025-05-07,CAMP-018,Programmatic Market Reach,Display Ads,Brand Awareness,MENA,New Customers,Mobile,39452,178,0,77.63,0.0
REC-003055,2025-09-27,CAMP-017,Product Demo Views,YouTube Ads,Product Education,Europe,Students & Young Professionals,Mobile,34922,426,5,436.07,363.43
REC-002948,2025-09-19,CAMP-002,Brand Demand Capture,Google Ads,Brand Awareness,Europe,Small Business Owners,Mobile,6963,183,7,367.65,588.84
REC-001399,2025-05-01,CAMP-023,Enterprise Pipeline Builder,LinkedIn Ads,Lead Generation,Europe,Small Business Owners,Mobile,5806,103,10,530.16,2103.49
REC-003822,2025-12-01,CAMP-002,Brand Demand Capture,Google Ads,Brand Awareness,North America,New Customers,Desktop,7192,242,7,535.93,475.71
REC-005645,2026-05-10,CAMP-005,Cart Recovery Social,Meta Ads,Retargeting,Asia-Pacific,New Customers,Mobile,17887,631,30,686.34,2336.11
REC-005391,2026-04-17,CAMP-021,Micro Creator Conversion,Influencer,Influencer Partnership,North America,New Customers,Mobile,20081,724,21,436.68,2203.92
REC-005329,2026-04-12,CAMP-016,Video Reach Accelerator,YouTube Ads,Brand Awareness,Europe,Students & Young Professionals,Mobile,25233,217,1,220.1,46.07
REC-000626,2025-02-23,CAMP-014,Win Back Customers,Email,Reactivation,Latin America,Students & Young Professionals,Desktop,2008,120,15,47.9,1436.86
REC-001414,2025-05-02,CAMP-020,Creator Partnership Series,Influencer,Influencer Partnership,MENA,Small Business Owners,Mobile,40318,1556,49,1263.1,6810.75
REC-003095,2025-10-01,CAMP-024,Mobile App Acquisition,Google Ads,App Acquisition,MENA,Small Business Owners,Tablet,7955,174,8,281.91,693.28
REC-004044,2025-12-19,CAMP-017,Product Demo Views,YouTube Ads,Product Education,Asia-Pacific,New Customers,Mobile,42299,558,9,416.8,944.58
REC-005316,2026-04-11,CAMP-003,High Intent Retargeting,Google Ads,Retargeting,North America,New Customers,Mobile,12754,1116,88,1826.36,8668.49
REC-000946,2025-03-24,CAMP-015,Monthly Product Digest,Email,Customer Nurture,Asia-Pacific,Returning Customers,Desktop,11439,474,72,122.23,9669.15
REC-000629,2025-02-24,CAMP-014,Win Back Customers,Email,Reactivation,Asia-Pacific,Returning Customers,Mobile,10017,604,107,105.83,16457.66
REC-003861,2025-12-04,CAMP-022,Holiday Revenue Boost,Meta Ads,Seasonal Promotion,Asia-Pacific,New Customers,Mobile,26489,694,26,671.17,2503.8
REC-004125,2025-12-26,CAMP-015,Monthly Product Digest,Email,Customer Nurture,Latin America,Students & Young Professionals,Desktop,6175,285,20,71.89,1658.45
REC-002532,2025-08-14,CAMP-013,Lifecycle Nurture,Email,Customer Nurture,Asia-Pacific,Enterprise Decision Makers,Mobile,5283,391,48,76.85,13487.45
REC-003608,2025-11-14,CAMP-012,Youth Engagement Sprint,TikTok Ads,Engagement,Asia-Pacific,Small Business Owners,Mobile,7976,101,2,77.11,165.59
REC-001541,2025-05-13,CAMP-011,Creator Product Launch,TikTok Ads,Product Launch,Latin America,New Customers,Tablet,25542,336,5,237.62,418.03
REC-000382,2025-02-03,CAMP-019,Display Retargeting Loop,Display Ads,Retargeting,Asia-Pacific,Returning Customers,Mobile,13007,117,2,77.46,250.88
REC-005402,2026-04-18,CAMP-012,Youth Engagement Sprint,TikTok Ads,Engagement,Asia-Pacific,New Customers,Mobile,25583,434,6,269.19,358.11
REC-005517,2026-04-28,CAMP-002,Brand Demand Capture,Google Ads,Brand Awareness,MENA,Small Business Owners,Mobile,21832,828,19,1087.28,1616.31
REC-002184,2025-07-14,CAMP-007,B2B Decision Makers,LinkedIn Ads,Lead Generation,MENA,Enterprise Decision Makers,Mobile,4652,68,5,299.13,1721.63
REC-005989,2026-06-08,CAMP-020,Creator Partnership Series,Influencer,Influencer Partnership,MENA,New Customers,Mobile,54777,1340,46,1591.36,5079.66
REC-000678,2025-02-28,CAMP-020,Creator Partnership Series,Influencer,Influencer Partnership,Asia-Pacific,Small Business Owners,Mobile,54157,1218,43,1693.18,5513.09
REC-002983,2025-09-21,CAMP-023,Enterprise Pipeline Builder,LinkedIn Ads,Lead Generation,North America,Enterprise Decision Makers,Desktop,7472,125,14,763.72,6743.45
REC-005327,2026-04-12,CAMP-013,Lifecycle Nurture,Email,Customer Nurture,Latin America,Students & Young Professionals,Desktop,8915,480,52,107.62,3700.22
REC-000720,2025-03-04,CAMP-021,Micro Creator Conversion,Influencer,Influencer Partnership,North America,New Customers,Tablet,52373,1131,22,1336.54,1915.73
REC-004248,2026-01-06,CAMP-021,Micro Creator Conversion,Influencer,Influencer Partnership,Europe,Returning Customers,Desktop,38633,918,51,1046.65,6492.61
REC-005589,2026-05-05,CAMP-011,Creator Product Launch,TikTok Ads,Product Launch,North America,Enterprise Decision Makers,Mobile,13770,252,7,199.95,2295.28
REC-004673,2026-02-12,CAMP-024,Mobile App Acquisition,Google Ads,App Acquisition,North America,Students & Young Professionals,Desktop,5771,154,4,371.51,209.08
REC-005034,2026-03-16,CAMP-007,B2B Decision Makers,LinkedIn Ads,Lead Generation,Latin America,Students & Young Professionals,Mobile,2594,35,2,141.96,189.74
REC-003791,2025-11-28,CAMP-009,Startup Founder Leads,LinkedIn Ads,Lead Generation,MENA,Small Business Owners,Mobile,9181,163,15,799.14,2405.68
REC-004052,2025-12-20,CAMP-017,Product Demo Views,YouTube Ads,Product Education,North America,Students & Young Professionals,Desktop,16096,140,3,156.55,250.06
REC-000986,2025-03-28,CAMP-006,Seasonal Offer Push,Meta Ads,Seasonal Promotion,North America,Returning Customers,Desktop,11539,210,12,262.63,1596.77
REC-000517,2025-02-14,CAMP-017,Product Demo Views,YouTube Ads,Product Education,Europe,Students & Young Professionals,Tablet,33913,305,3,218.25,265.23
REC-001697,2025-05-28,CAMP-012,Youth Engagement Sprint,TikTok Ads,Engagement,North America,New Customers,Mobile,16232,208,3,195.05,213.6
REC-001731,2025-06-01,CAMP-019,Display Retargeting Loop,Display Ads,Retargeting,MENA,New Customers,Mobile,12189,97,2,72.88,184.68
REC-004440,2026-01-21,CAMP-003,High Intent Retargeting,Google Ads,Retargeting,North America,Small Business Owners,Mobile,14060,787,67,1562.38,10612.62
REC-004813,2026-02-24,CAMP-007,B2B Decision Makers,LinkedIn Ads,Lead Generation,Asia-Pacific,Students & Young Professionals,Mobile,7479,121,7,542.53,555.11
REC-005219,2026-04-02,CAMP-004,Social Scale Prospecting,Meta Ads,Prospecting,North America,Students & Young Professionals,Desktop,6130,107,3,172.47,197.6
REC-002900,2025-09-15,CAMP-021,Micro Creator Conversion,Influencer,Influencer Partnership,Latin America,New Customers,Desktop,23031,808,26,800.46,2924.25
REC-005049,2026-03-17,CAMP-009,Startup Founder Leads,LinkedIn Ads,Lead Generation,North America,Students & Young Professionals,Mobile,2685,45,3,265.52,311.34
REC-001788,2025-06-06,CAMP-002,Brand Demand Capture,Google Ads,Brand Awareness,Europe,Returning Customers,Mobile,15068,504,16,727.07,1200.53
REC-004544,2026-01-31,CAMP-005,Cart Recovery Social,Meta Ads,Retargeting,MENA,Students & Young Professionals,Mobile,14342,476,11,423.53,627.83
REC-005248,2026-04-05,CAMP-006,Seasonal Offer Push,Meta Ads,Seasonal Promotion,MENA,Returning Customers,Desktop,15943,329,21,275.16,2383.95
REC-005972,2026-06-07,CAMP-005,Cart Recovery Social,Meta Ads,Retargeting,North America,New Customers,Desktop,19611,461,21,452.65,1786.17
REC-004172,2025-12-29,CAMP-017,Product Demo Views,YouTube Ads,Product Education,Asia-Pacific,Students & Young Professionals,Mobile,23814,274,5,216.17,324.0
REC-005703,2026-05-15,CAMP-013,Lifecycle Nurture,Email,Customer Nurture,Latin America,Enterprise Decision Makers,Mobile,10499,786,100,124.01,31758.17
REC-000236,2025-01-21,CAMP-012,Youth Engagement Sprint,TikTok Ads,Engagement,Europe,New Customers,Mobile,24258,392,7,279.53,531.18
REC-005375,2026-04-16,CAMP-013,Lifecycle Nurture,Email,Customer Nurture,Europe,New Customers,Mobile,12372,852,58,142.03,4576.23
REC-005512,2026-04-28,CAMP-021,Micro Creator Conversion,Influencer,Influencer Partnership,Asia-Pacific,Small Business Owners,Desktop,28370,1115,52,737.65,7992.91
REC-003846,2025-12-03,CAMP-024,Mobile App Acquisition,Google Ads,App Acquisition,North America,Students & Young Professionals,Desktop,7309,305,11,665.67,553.91
REC-003412,2025-10-29,CAMP-017,Product Demo Views,YouTube Ads,Product Education,Asia-Pacific,Returning Customers,Desktop,29424,341,7,239.29,846.56
REC-003836,2025-12-02,CAMP-019,Display Retargeting Loop,Display Ads,Retargeting,MENA,Enterprise Decision Makers,Desktop,55115,393,12,161.85,3979.58
REC-005736,2026-05-17,CAMP-016,Video Reach Accelerator,YouTube Ads,Brand Awareness,North America,Returning Customers,Desktop,32832,240,5,298.1,539.56
REC-002528,2025-08-14,CAMP-019,Display Retargeting Loop,Display Ads,Retargeting,North America,Students & Young Professionals,Tablet,17223,99,1,85.9,60.79
REC-000592,2025-02-20,CAMP-017,Product Demo Views,YouTube Ads,Product Education,Asia-Pacific,Returning Customers,Desktop,31469,348,11,253.23,1192.73
REC-003693,2025-11-21,CAMP-018,Programmatic Market Reach,Display Ads,Brand Awareness,Europe,New Customers,Desktop,16591,49,0,36.12,0.0
REC-003868,2025-12-05,CAMP-007,B2B Decision Makers,LinkedIn Ads,Lead Generation,MENA,New Customers,Desktop,5230,72,6,311.25,723.46
REC-002288,2025-07-24,CAMP-008,Executive Thought Leadership,LinkedIn Ads,Brand Awareness,MENA,Small Business Owners,Mobile,6687,53,1,297.68,61.54
REC-002816,2025-09-08,CAMP-004,Social Scale Prospecting,Meta Ads,Prospecting,North America,New Customers,Desktop,19420,395,13,453.78,1357.59
REC-005213,2026-04-02,CAMP-019,Display Retargeting Loop,Display Ads,Retargeting,Asia-Pacific,Returning Customers,Mobile,49074,369,10,191.97,1573.67
REC-002322,2025-07-27,CAMP-003,High Intent Retargeting,Google Ads,Retargeting,Latin America,Students & Young Professionals,Mobile,15656,1078,61,1330.11,4290.33
REC-005538,2026-05-01,CAMP-018,Programmatic Market Reach,Display Ads,Brand Awareness,Latin America,Students & Young Professionals,Tablet,33106,91,0,76.75,0.0
REC-000972,2025-03-27,CAMP-021,Micro Creator Conversion,Influencer,Influencer Partnership,Europe,Small Business Owners,Mobile,25096,713,31,682.9,3447.69
REC-003229,2025-10-13,CAMP-014,Win Back Customers,Email,Reactivation,Europe,New Customers,Mobile,8050,739,82,95.01,9388.79
REC-001847,2025-06-12,CAMP-008,Executive Thought Leadership,LinkedIn Ads,Brand Awareness,North America,Enterprise Decision Makers,Mobile,7023,66,2,445.02,261.39
REC-000887,2025-03-19,CAMP-013,Lifecycle Nurture,Email,Customer Nurture,MENA,Returning Customers,Mobile,5425,456,41,79.41,5722.4
REC-002359,2025-07-30,CAMP-001,Search Growth Engine,Google Ads,Always-on Acquisition,Europe,Enterprise Decision Makers,Mobile,12909,640,47,1257.3,13032.48
REC-006206,2026-06-28,CAMP-017,Product Demo Views,YouTube Ads,Product Education,Europe,New Customers,Mobile,19756,198,4,212.32,482.08
REC-004037,2025-12-19,CAMP-024,Mobile App Acquisition,Google Ads,App Acquisition,Latin America,New Customers,Mobile,8081,402,18,505.48,1042.22
REC-005683,2026-05-13,CAMP-002,Brand Demand Capture,Google Ads,Brand Awareness,North America,Students & Young Professionals,Mobile,10991,436,8,728.1,469.03
REC-004988,2026-03-12,CAMP-021,Micro Creator Conversion,Influencer,Influencer Partnership,MENA,Small Business Owners,Desktop,28636,1044,61,860.7,10120.57
REC-001694,2025-05-28,CAMP-021,Micro Creator Conversion,Influencer,Influencer Partnership,Asia-Pacific,New Customers,Tablet,23420,438,8,621.85,691.97
REC-004455,2026-01-23,CAMP-016,Video Reach Accelerator,YouTube Ads,Brand Awareness,Europe,Students & Young Professionals,Mobile,31997,241,2,215.97,110.89
REC-005824,2026-05-25,CAMP-016,Video Reach Accelerator,YouTube Ads,Brand Awareness,Asia-Pacific,Students & Young Professionals,Desktop,7977,71,0,68.13,0.0
REC-003695,2025-11-21,CAMP-023,Enterprise Pipeline Builder,LinkedIn Ads,Lead Generation,North America,Small Business Owners,Mobile,8344,143,14,800.08,2632.04
REC-001903,2025-06-17,CAMP-005,Cart Recovery Social,Meta Ads,Retargeting,Asia-Pacific,New Customers,Desktop,20166,677,30,626.25,2439.67
REC-001010,2025-03-30,CAMP-015,Monthly Product Digest,Email,Customer Nurture,MENA,Small Business Owners,Tablet,4079,186,21,47.95,2900.07
REC-005054,2026-03-18,CAMP-002,Brand Demand Capture,Google Ads,Brand Awareness,Europe,New Customers,Desktop,11246,406,14,575.49,904.63
REC-002762,2025-09-03,CAMP-010,Short Video Discovery,TikTok Ads,Prospecting,MENA,New Customers,Desktop,25100,299,8,207.43,835.49
REC-003272,2025-10-17,CAMP-016,Video Reach Accelerator,YouTube Ads,Brand Awareness,North America,Returning Customers,Mobile,10081,78,1,127.82,93.97
REC-005606,2026-05-07,CAMP-005,Cart Recovery Social,Meta Ads,Retargeting,Europe,Students & Young Professionals,Desktop,21981,569,21,608.63,1672.89
REC-004118,2025-12-25,CAMP-007,B2B Decision Makers,LinkedIn Ads,Lead Generation,North America,Small Business Owners,Mobile,5396,94,7,578.27,1160.06
REC-004387,2026-01-17,CAMP-024,Mobile App Acquisition,Google Ads,App Acquisition,Latin America,Returning Customers,Tablet,6095,117,8,161.77,530.11
REC-001691,2025-05-28,CAMP-016,Video Reach Accelerator,YouTube Ads,Brand Awareness,Asia-Pacific,Returning Customers,Mobile,32282,267,3,228.33,283.42
REC-004339,2026-01-14,CAMP-015,Monthly Product Digest,Email,Customer Nurture,Asia-Pacific,Students & Young Professionals,Mobile,8344,463,24,94.05,1805.54
REC-002565,2025-08-17,CAMP-010,Short Video Discovery,TikTok Ads,Prospecting,Asia-Pacific,New Customers,Mobile,20578,357,5,234.0,484.18
REC-000183,2025-01-16,CAMP-005,Cart Recovery Social,Meta Ads,Retargeting,North America,New Customers,Mobile,20830,719,27,698.04,2172.07
REC-006035,2026-06-12,CAMP-010,Short Video Discovery,TikTok Ads,Prospecting,MENA,Small Business Owners,Mobile,23848,371,7,275.47,831.37
REC-001915,2025-06-18,CAMP-002,Brand Demand Capture,Google Ads,Brand Awareness,Asia-Pacific,Enterprise Decision Makers,Mobile,9255,306,10,512.51,1748.19
REC-003295,2025-10-19,CAMP-009,Startup Founder Leads,LinkedIn Ads,Lead Generation,Asia-Pacific,Students & Young Professionals,Desktop,7836,109,9,490.59,766.59
REC-003563,2025-11-10,CAMP-012,Youth Engagement Sprint,TikTok Ads,Engagement,Asia-Pacific,New Customers,Desktop,32875,517,13,447.88,772.26
REC-005605,2026-05-07,CAMP-005,Cart Recovery Social,Meta Ads,Retargeting,Europe,Returning Customers,Mobile,26106,1030,98,882.11,12883.42
REC-002798,2025-09-06,CAMP-018,Programmatic Market Reach,Display Ads,Brand Awareness,MENA,Small Business Owners,Desktop,21012,55,0,72.05,0.0
REC-003176,2025-10-09,CAMP-020,Creator Partnership Series,Influencer,Influencer Partnership,Asia-Pacific,New Customers,Mobile,26905,684,20,558.27,1767.11
REC-000468,2025-02-10,CAMP-011,Creator Product Launch,TikTok Ads,Product Launch,Europe,Returning Customers,Desktop,33544,439,21,293.15,2593.79
REC-004111,2025-12-25,CAMP-006,Seasonal Offer Push,Meta Ads,Seasonal Promotion,Asia-Pacific,Enterprise Decision Makers,Mobile,28643,612,32,469.71,10287.56
REC-004502,2026-01-27,CAMP-005,Cart Recovery Social,Meta Ads,Retargeting,North America,Students & Young Professionals,Mobile,10699,387,11,496.85,763.54
REC-001717,2025-05-30,CAMP-002,Brand Demand Capture,Google Ads,Brand Awareness,Asia-Pacific,Returning Customers,Mobile,13600,634,20,893.14,1774.63
REC-001074,2025-04-04,CAMP-024,Mobile App Acquisition,Google Ads,App Acquisition,North America,Returning Customers,Mobile,15512,421,28,755.94,1700.48
REC-002951,2025-09-19,CAMP-014,Win Back Customers,Email,Reactivation,Europe,Students & Young Professionals,Mobile,7946,526,52,102.73,4279.7
REC-002283,2025-07-23,CAMP-015,Monthly Product Digest,Email,Customer Nurture,North America,Returning Customers,Mobile,11773,785,87,141.84,10118.4
REC-002469,2025-08-08,CAMP-019,Display Retargeting Loop,Display Ads,Retargeting,North America,Students & Young Professionals,Desktop,44238,314,4,201.06,314.91
REC-004167,2025-12-29,CAMP-023,Enterprise Pipeline Builder,LinkedIn Ads,Lead Generation,Europe,New Customers,Mobile,7694,117,7,643.83,1091.96
REC-000088,2025-01-08,CAMP-018,Programmatic Market Reach,Display Ads,Brand Awareness,Europe,New Customers,Mobile,37403,114,0,72.97,0.0
REC-003385,2025-10-26,CAMP-014,Win Back Customers,Email,Reactivation,Latin America,New Customers,Mobile,11724,884,74,139.16,8958.19
REC-001194,2025-04-14,CAMP-001,Search Growth Engine,Google Ads,Always-on Acquisition,MENA,New Customers,Mobile,13423,723,28,1010.07,3080.01
REC-004811,2026-02-23,CAMP-019,Display Retargeting Loop,Display Ads,Retargeting,Europe,New Customers,Mobile,17280,130,0,109.93,0.0
REC-004084,2025-12-23,CAMP-024,Mobile App Acquisition,Google Ads,App Acquisition,Latin America,Returning Customers,Tablet,16830,471,22,606.51,1602.44
REC-003094,2025-10-01,CAMP-019,Display Retargeting Loop,Display Ads,Retargeting,Asia-Pacific,Small Business Owners,Desktop,36615,252,5,142.5,637.02
REC-001347,2025-04-27,CAMP-021,Micro Creator Conversion,Influencer,Influencer Partnership,Europe,Returning Customers,Desktop,36299,1264,75,1194.49,10741.58
REC-001825,2025-06-10,CAMP-012,Youth Engagement Sprint,TikTok Ads,Engagement,Latin America,Returning Customers,Mobile,33307,566,14,374.71,1341.33
REC-000259,2025-01-23,CAMP-010,Short Video Discovery,TikTok Ads,Prospecting,MENA,Small Business Owners,Mobile,8598,111,2,79.89,229.4
REC-002891,2025-09-14,CAMP-006,Seasonal Offer Push,Meta Ads,Seasonal Promotion,MENA,Small Business Owners,Desktop,22679,395,14,348.18,2039.62
REC-003570,2025-11-11,CAMP-001,Search Growth Engine,Google Ads,Always-on Acquisition,North America,Enterprise Decision Makers,Tablet,8444,237,12,546.75,3397.68
REC-002141,2025-07-11,CAMP-023,Enterprise Pipeline Builder,LinkedIn Ads,Lead Generation,Asia-Pacific,New Customers,Mobile,3778,64,6,332.69,809.71
REC-005651,2026-05-10,CAMP-017,Product Demo Views,YouTube Ads,Product Education,MENA,Returning Customers,Mobile,10512,141,4,89.27,486.19
REC-004490,2026-01-26,CAMP-015,Monthly Product Digest,Email,Customer Nurture,North America,New Customers,Tablet,7704,358,32,85.5,2600.61
REC-006188,2026-06-27,CAMP-008,Executive Thought Leadership,LinkedIn Ads,Brand Awareness,Europe,Returning Customers,Mobile,4393,47,2,340.44,108.65
REC-005242,2026-04-04,CAMP-008,Executive Thought Leadership,LinkedIn Ads,Brand Awareness,Europe,Returning Customers,Mobile,8171,84,4,614.85,243.76
REC-000763,2025-03-08,CAMP-013,Lifecycle Nurture,Email,Customer Nurture,Asia-Pacific,Small Business Owners,Desktop,11250,784,89,139.13,10962.19
REC-003987,2025-12-15,CAMP-010,Short Video Discovery,TikTok Ads,Prospecting,North America,New Customers,Desktop,15475,231,4,207.24,374.77
REC-003047,2025-09-27,CAMP-008,Executive Thought Leadership,LinkedIn Ads,Brand Awareness,Europe,Returning Customers,Mobile,3708,39,1,282.58,67.33
REC-002895,2025-09-14,CAMP-014,Win Back Customers,Email,Reactivation,Europe,Small Business Owners,Mobile,11603,835,131,136.22,26876.32
REC-000108,2025-01-10,CAMP-023,Enterprise Pipeline Builder,LinkedIn Ads,Lead Generation,Latin America,Students & Young Professionals,Mobile,2368,39,2,214.82,178.55
REC-000113,2025-01-10,CAMP-010,Short Video Discovery,TikTok Ads,Prospecting,Latin America,New Customers,Tablet,8521,80,2,84.01,201.58
REC-000995,2025-03-29,CAMP-002,Brand Demand Capture,Google Ads,Brand Awareness,North America,Students & Young Professionals,Mobile,3787,151,3,334.68,126.78
REC-001046,2025-04-02,CAMP-023,Enterprise Pipeline Builder,LinkedIn Ads,Lead Generation,North America,New Customers,Mobile,7734,112,10,665.56,1531.25
REC-003387,2025-10-27,CAMP-017,Product Demo Views,YouTube Ads,Product Education,North America,Returning Customers,Desktop,20303,163,7,178.72,875.41
REC-005868,2026-05-28,CAMP-011,Creator Product Launch,TikTok Ads,Product Launch,Europe,New Customers,Desktop,7323,105,1,79.66,84.8
REC-004592,2026-02-04,CAMP-002,Brand Demand Capture,Google Ads,Brand Awareness,Europe,Enterprise Decision Makers,Mobile,21171,704,24,1173.52,4059.37
REC-000651,2025-02-26,CAMP-013,Lifecycle Nurture,Email,Customer Nurture,North America,Enterprise Decision Makers,Desktop,15803,767,143,175.28,41520.14
REC-002098,2025-07-06,CAMP-020,Creator Partnership Series,Influencer,Influencer Partnership,Asia-Pacific,New Customers,Mobile,34642,905,23,612.29,2446.51
REC-000950,2025-03-24,CAMP-016,Video Reach Accelerator,YouTube Ads,Brand Awareness,Asia-Pacific,Students & Young Professionals,Mobile,37375,390,3,267.36,146.97
REC-003184,2025-10-09,CAMP-004,Social Scale Prospecting,Meta Ads,Prospecting,North America,Students & Young Professionals,Mobile,7243,176,5,248.78,364.71
REC-002408,2025-08-03,CAMP-024,Mobile App Acquisition,Google Ads,App Acquisition,Europe,New Customers,Desktop,8176,242,14,356.49,940.81
REC-004768,2026-02-19,CAMP-009,Startup Founder Leads,LinkedIn Ads,Lead Generation,MENA,Small Business Owners,Mobile,4810,71,4,337.65,661.98
REC-004095,2025-12-24,CAMP-014,Win Back Customers,Email,Reactivation,Europe,New Customers,Mobile,15556,986,133,172.35,14952.58
REC-005496,2026-04-27,CAMP-012,Youth Engagement Sprint,TikTok Ads,Engagement,Latin America,Students & Young Professionals,Mobile,9007,108,1,82.98,48.41
REC-004918,2026-03-05,CAMP-020,Creator Partnership Series,Influencer,Influencer Partnership,Latin America,New Customers,Desktop,29956,548,17,475.88,1324.75
REC-003066,2025-09-28,CAMP-005,Cart Recovery Social,Meta Ads,Retargeting,MENA,Small Business Owners,Desktop,17903,559,43,442.66,6618.67
REC-000724,2025-03-04,CAMP-010,Short Video Discovery,TikTok Ads,Prospecting,Europe,Students & Young Professionals,Tablet,21865,198,3,159.17,248.37
REC-000265,2025-01-24,CAMP-014,Win Back Customers,Email,Reactivation,North America,Returning Customers,Desktop,8602,660,120,98.27,18719.32
REC-000600,2025-02-21,CAMP-008,Executive Thought Leadership,LinkedIn Ads,Brand Awareness,Latin America,Students & Young Professionals,Desktop,5866,40,2,177.04,59.02
REC-001229,2025-04-17,CAMP-007,B2B Decision Makers,LinkedIn Ads,Lead Generation,Europe,Enterprise Decision Makers,Mobile,8426,115,12,615.48,4097.4
REC-004299,2026-01-10,CAMP-014,Win Back Customers,Email,Reactivation,North America,Returning Customers,Desktop,10220,756,135,125.91,20762.35
REC-003038,2025-09-26,CAMP-007,B2B Decision Makers,LinkedIn Ads,Lead Generation,Asia-Pacific,Enterprise Decision Makers,Mobile,7724,147,13,750.24,5310.6
REC-000964,2025-03-26,CAMP-014,Win Back Customers,Email,Reactivation,Asia-Pacific,Students & Young Professionals,Mobile,12649,1015,79,155.07,7760.62
REC-003423,2025-10-30,CAMP-012,Youth Engagement Sprint,TikTok Ads,Engagement,Europe,Returning Customers,Tablet,31852,434,7,407.89,540.57
REC-002952,2025-09-19,CAMP-013,Lifecycle Nurture,Email,Customer Nurture,North America,New Customers,Tablet,6295,376,23,81.4,2249.96
REC-002281,2025-07-23,CAMP-024,Mobile App Acquisition,Google Ads,App Acquisition,Europe,Returning Customers,Desktop,7432,228,18,448.58,1578.26
REC-005922,2026-06-02,CAMP-007,B2B Decision Makers,LinkedIn Ads,Lead Generation,North America,Students & Young Professionals,Mobile,8708,161,8,834.58,781.5
REC-001182,2025-04-13,CAMP-010,Short Video Discovery,TikTok Ads,Prospecting,Europe,Returning Customers,Desktop,11508,121,5,103.01,655.56
REC-001358,2025-04-28,CAMP-020,Creator Partnership Series,Influencer,Influencer Partnership,MENA,Enterprise Decision Makers,Tablet,12037,296,11,359.81,2611.08
REC-004714,2026-02-15,CAMP-017,Product Demo Views,YouTube Ads,Product Education,Latin America,Returning Customers,Mobile,21257,265,7,186.61,811.27
REC-003379,2025-10-26,CAMP-019,Display Retargeting Loop,Display Ads,Retargeting,Europe,Small Business Owners,Desktop,44268,407,11,194.67,1363.18
REC-004524,2026-01-29,CAMP-005,Cart Recovery Social,Meta Ads,Retargeting,Asia-Pacific,Small Business Owners,Mobile,22742,965,64,820.54,10391.69
REC-000575,2025-02-19,CAMP-009,Startup Founder Leads,LinkedIn Ads,Lead Generation,MENA,Small Business Owners,Mobile,2507,44,5,187.38,928.12
REC-001307,2025-04-24,CAMP-015,Monthly Product Digest,Email,Customer Nurture,Europe,New Customers,Mobile,13181,566,32,131.2,3665.04
REC-005509,2026-04-28,CAMP-006,Seasonal Offer Push,Meta Ads,Seasonal Promotion,Asia-Pacific,New Customers,Desktop,24634,679,25,558.03,2240.9
REC-004193,2025-12-31,CAMP-012,Youth Engagement Sprint,TikTok Ads,Engagement,North America,Students & Young Professionals,Desktop,17285,249,3,273.95,143.45
REC-000276,2025-01-25,CAMP-007,B2B Decision Makers,LinkedIn Ads,Lead Generation,Asia-Pacific,Students & Young Professionals,Mobile,2094,34,2,194.48,208.55
REC-005833,2026-05-26,CAMP-024,Mobile App Acquisition,Google Ads,App Acquisition,MENA,New Customers,Mobile,14992,606,26,901.31,1670.97
REC-005046,2026-03-17,CAMP-018,Programmatic Market Reach,Display Ads,Brand Awareness,North America,New Customers,Desktop,35217,93,1,73.63,42.6
REC-003406,2025-10-28,CAMP-008,Executive Thought Leadership,LinkedIn Ads,Brand Awareness,Europe,Small Business Owners,Mobile,6622,69,3,436.67,248.06
REC-002092,2025-07-06,CAMP-019,Display Retargeting Loop,Display Ads,Retargeting,Latin America,Students & Young Professionals,Mobile,18740,177,1,92.66,71.6
REC-005105,2026-03-23,CAMP-009,Startup Founder Leads,LinkedIn Ads,Lead Generation,MENA,Small Business Owners,Tablet,5973,56,5,239.4,1035.19
REC-002120,2025-07-08,CAMP-016,Video Reach Accelerator,YouTube Ads,Brand Awareness,Europe,New Customers,Mobile,44272,375,5,364.05,361.5
REC-004644,2026-02-09,CAMP-002,Brand Demand Capture,Google Ads,Brand Awareness,North America,Returning Customers,Tablet,8299,191,6,420.09,607.67
REC-001505,2025-05-11,CAMP-015,Monthly Product Digest,Email,Customer Nurture,MENA,Small Business Owners,Mobile,3611,159,14,57.34,1985.05
REC-000269,2025-01-24,CAMP-019,Display Retargeting Loop,Display Ads,Retargeting,MENA,Students & Young Professionals,Mobile,14203,129,1,83.76,74.1
REC-002721,2025-08-30,CAMP-021,Micro Creator Conversion,Influencer,Influencer Partnership,Asia-Pacific,Returning Customers,Desktop,40911,1221,77,933.77,8123.04
REC-001637,2025-05-23,CAMP-001,Search Growth Engine,Google Ads,Always-on Acquisition,Asia-Pacific,Returning Customers,Mobile,12151,414,41,653.18,5024.36
REC-005570,2026-05-03,CAMP-017,Product Demo Views,YouTube Ads,Product Education,Europe,Returning Customers,Mobile,18521,161,4,125.43,459.26
REC-002465,2025-08-08,CAMP-011,Creator Product Launch,TikTok Ads,Product Launch,Latin America,Small Business Owners,Mobile,16727,387,11,217.61,1420.15
REC-003592,2025-11-12,CAMP-014,Win Back Customers,Email,Reactivation,Asia-Pacific,Students & Young Professionals,Desktop,12300,585,69,142.61,5095.68
REC-004011,2025-12-16,CAMP-022,Holiday Revenue Boost,Meta Ads,Seasonal Promotion,North America,Returning Customers,Mobile,7729,192,12,199.51,1225.07
REC-005017,2026-03-14,CAMP-023,Enterprise Pipeline Builder,LinkedIn Ads,Lead Generation,MENA,Students & Young Professionals,Desktop,4607,85,5,356.34,617.2
REC-000807,2025-03-12,CAMP-017,Product Demo Views,YouTube Ads,Product Education,MENA,New Customers,Mobile,27160,372,4,260.63,449.16
REC-001745,2025-06-02,CAMP-003,High Intent Retargeting,Google Ads,Retargeting,MENA,New Customers,Desktop,10505,447,30,649.37,2882.03
REC-003880,2025-12-06,CAMP-014,Win Back Customers,Email,Reactivation,MENA,New Customers,Mobile,16915,1304,135,187.47,12611.04
REC-004906,2026-03-04,CAMP-014,Win Back Customers,Email,Reactivation,Europe,Small Business Owners,Mobile,14478,1076,147,171.74,22522.37
REC-000686,2025-03-01,CAMP-024,Mobile App Acquisition,Google Ads,App Acquisition,Europe,Small Business Owners,Mobile,17045,748,39,1191.94,4041.59
REC-000123,2025-01-11,CAMP-002,Brand Demand Capture,Google Ads,Brand Awareness,Europe,Enterprise Decision Makers,Mobile,7194,324,11,641.45,2137.48
REC-005288,2026-04-09,CAMP-014,Win Back Customers,Email,Reactivation,Latin America,Returning Customers,Mobile,9460,816,140,121.69,18416.4
REC-001090,2025-04-06,CAMP-004,Social Scale Prospecting,Meta Ads,Prospecting,North America,New Customers,Mobile,10357,265,6,327.8,686.83
REC-003951,2025-12-12,CAMP-018,Programmatic Market Reach,Display Ads,Brand Awareness,Asia-Pacific,Students & Young Professionals,Mobile,45301,207,0,156.58,0.0
REC-003179,2025-10-09,CAMP-019,Display Retargeting Loop,Display Ads,Retargeting,North America,Students & Young Professionals,Mobile,11773,82,2,68.76,124.72
REC-000732,2025-03-05,CAMP-006,Seasonal Offer Push,Meta Ads,Seasonal Promotion,MENA,Returning Customers,Desktop,15434,323,21,251.36,2951.14
REC-003748,2025-11-25,CAMP-015,Monthly Product Digest,Email,Customer Nurture,Europe,New Customers,Mobile,2599,123,9,51.29,909.73
REC-004424,2026-01-20,CAMP-002,Brand Demand Capture,Google Ads,Brand Awareness,MENA,New Customers,Mobile,11096,389,12,505.09,857.69
REC-001804,2025-06-08,CAMP-017,Product Demo Views,YouTube Ads,Product Education,Asia-Pacific,New Customers,Mobile,12097,151,3,117.89,310.49
REC-005763,2026-05-20,CAMP-013,Lifecycle Nurture,Email,Customer Nurture,Europe,Students & Young Professionals,Mobile,4215,353,27,62.25,1665.46
REC-002370,2025-07-31,CAMP-002,Brand Demand Capture,Google Ads,Brand Awareness,North America,Returning Customers,Mobile,12527,424,18,826.32,1363.32
REC-000426,2025-02-07,CAMP-004,Social Scale Prospecting,Meta Ads,Prospecting,Europe,Students & Young Professionals,Mobile,22536,399,8,462.19,493.14
REC-002705,2025-08-28,CAMP-019,Display Retargeting Loop,Display Ads,Retargeting,North America,New Customers,Mobile,43398,453,7,280.75,629.19
REC-001113,2025-04-07,CAMP-015,Monthly Product Digest,Email,Customer Nurture,Europe,Enterprise Decision Makers,Mobile,15273,764,61,156.12,19229.09
REC-001374,2025-04-29,CAMP-010,Short Video Discovery,TikTok Ads,Prospecting,Europe,Enterprise Decision Makers,Desktop,23327,287,7,275.04,2092.91
REC-003558,2025-11-10,CAMP-004,Social Scale Prospecting,Meta Ads,Prospecting,Europe,Returning Customers,Desktop,9316,185,11,223.62,1120.31
REC-002136,2025-07-10,CAMP-004,Social Scale Prospecting,Meta Ads,Prospecting,MENA,New Customers,Mobile,5620,143,5,138.23,441.12
REC-000808,2025-03-12,CAMP-017,Product Demo Views,YouTube Ads,Product Education,Europe,New Customers,Mobile,25642,232,3,209.19,367.09
REC-000796,2025-03-12,CAMP-012,Youth Engagement Sprint,TikTok Ads,Engagement,Europe,New Customers,Mobile,28111,383,5,374.17,406.01
REC-004739,2026-02-17,CAMP-018,Programmatic Market Reach,Display Ads,Brand Awareness,Europe,Students & Young Professionals,Mobile,44405,229,0,166.32,0.0
REC-005741,2026-05-18,CAMP-005,Cart Recovery Social,Meta Ads,Retargeting,MENA,Returning Customers,Desktop,7744,206,23,229.3,3359.08
REC-003783,2025-11-28,CAMP-018,Programmatic Market Reach,Display Ads,Brand Awareness,North America,Enterprise Decision Makers,Mobile,37965,123,2,105.5,325.9
REC-000343,2025-01-31,CAMP-002,Brand Demand Capture,Google Ads,Brand Awareness,MENA,Small Business Owners,Mobile,15294,543,21,677.83,2221.32
REC-003907,2025-12-08,CAMP-017,Product Demo Views,YouTube Ads,Product Education,Europe,Returning Customers,Mobile,26187,275,7,272.74,1057.05
REC-004590,2026-02-04,CAMP-003,High Intent Retargeting,Google Ads,Retargeting,North America,Returning Customers,Mobile,8954,658,51,1367.62,7736.59
REC-000307,2025-01-27,CAMP-015,Monthly Product Digest,Email,Customer Nurture,Asia-Pacific,Enterprise Decision Makers,Mobile,4305,236,24,70.0,6609.17
REC-003089,2025-10-01,CAMP-014,Win Back Customers,Email,Reactivation,Asia-Pacific,Returning Customers,Mobile,14587,1248,205,176.38,32957.81
REC-002592,2025-08-19,CAMP-002,Brand Demand Capture,Google Ads,Brand Awareness,MENA,Students & Young Professionals,Mobile,6335,160,4,293.27,172.77
REC-000361,2025-02-01,CAMP-021,Micro Creator Conversion,Influencer,Influencer Partnership,Asia-Pacific,New Customers,Mobile,21142,798,24,545.13,2589.9
REC-004212,2026-01-02,CAMP-007,B2B Decision Makers,LinkedIn Ads,Lead Generation,Asia-Pacific,New Customers,Mobile,1249,22,2,145.77,266.61
REC-000329,2025-01-30,CAMP-008,Executive Thought Leadership,LinkedIn Ads,Brand Awareness,Europe,New Customers,Tablet,2153,22,0,174.01,0.0
REC-006219,2026-06-29,CAMP-015,Monthly Product Digest,Email,Customer Nurture,Europe,Students & Young Professionals,Tablet,3435,165,8,43.44,473.63
REC-000874,2025-03-18,CAMP-024,Mobile App Acquisition,Google Ads,App Acquisition,North America,Returning Customers,Desktop,10181,253,27,397.4,2088.79
REC-004990,2026-03-12,CAMP-006,Seasonal Offer Push,Meta Ads,Seasonal Promotion,Asia-Pacific,Students & Young Professionals,Desktop,15034,309,11,328.7,865.95
REC-003790,2025-11-28,CAMP-003,High Intent Retargeting,Google Ads,Retargeting,Asia-Pacific,Small Business Owners,Mobile,9028,540,47,718.15,7530.67
REC-000958,2025-03-25,CAMP-023,Enterprise Pipeline Builder,LinkedIn Ads,Lead Generation,MENA,Returning Customers,Tablet,7867,88,8,413.64,1558.57
REC-004589,2026-02-04,CAMP-013,Lifecycle Nurture,Email,Customer Nurture,North America,Students & Young Professionals,Desktop,15813,888,84,167.82,6331.09
REC-001589,2025-05-18,CAMP-016,Video Reach Accelerator,YouTube Ads,Brand Awareness,MENA,Small Business Owners,Tablet,34310,175,2,143.05,231.98
REC-006167,2026-06-25,CAMP-002,Brand Demand Capture,Google Ads,Brand Awareness,MENA,Students & Young Professionals,Desktop,13861,480,13,706.28,575.76
REC-005460,2026-04-23,CAMP-008,Executive Thought Leadership,LinkedIn Ads,Brand Awareness,North America,Students & Young Professionals,Mobile,3686,33,2,281.97,87.18
REC-004856,2026-02-27,CAMP-003,High Intent Retargeting,Google Ads,Retargeting,MENA,Returning Customers,Desktop,8558,528,52,735.93,9346.64
REC-004012,2025-12-17,CAMP-018,Programmatic Market Reach,Display Ads,Brand Awareness,MENA,Returning Customers,Mobile,19011,74,0,44.45,0.0
REC-002869,2025-09-13,CAMP-013,Lifecycle Nurture,Email,Customer Nurture,North America,Students & Young Professionals,Mobile,2378,175,12,33.75,770.15
REC-002874,2025-09-13,CAMP-019,Display Retargeting Loop,Display Ads,Retargeting,North America,Small Business Owners,Mobile,38802,401,7,262.03,1153.36
REC-005655,2026-05-11,CAMP-011,Creator Product Launch,TikTok Ads,Product Launch,Latin America,Returning Customers,Mobile,16120,322,12,180.97,1598.86
REC-001651,2025-05-24,CAMP-016,Video Reach Accelerator,YouTube Ads,Brand Awareness,Asia-Pacific,New Customers,Mobile,32473,269,2,205.56,172.17
REC-003269,2025-10-17,CAMP-023,Enterprise Pipeline Builder,LinkedIn Ads,Lead Generation,North America,Returning Customers,Tablet,7209,73,6,528.65,1351.12
REC-001807,2025-06-08,CAMP-012,Youth Engagement Sprint,TikTok Ads,Engagement,MENA,Returning Customers,Desktop,18060,177,4,153.7,309.56
REC-004493,2026-01-26,CAMP-020,Creator Partnership Series,Influencer,Influencer Partnership,MENA,Small Business Owners,Desktop,41529,964,46,885.57,5856.57
REC-003454,2025-11-01,CAMP-016,Video Reach Accelerator,YouTube Ads,Brand Awareness,Europe,Students & Young Professionals,Mobile,18756,168,1,179.73,64.19
REC-003613,2025-11-14,CAMP-023,Enterprise Pipeline Builder,LinkedIn Ads,Lead Generation,Latin America,New Customers,Mobile,3077,54,4,217.1,715.44
REC-002320,2025-07-27,CAMP-005,Cart Recovery Social,Meta Ads,Retargeting,MENA,Enterprise Decision Makers,Desktop,4930,128,12,126.75,2894.99
REC-002251,2025-07-21,CAMP-019,Display Retargeting Loop,Display Ads,Retargeting,Europe,Small Business Owners,Desktop,9777,83,1,61.9,157.69
REC-005009,2026-03-14,CAMP-006,Seasonal Offer Push,Meta Ads,Seasonal Promotion,North America,New Customers,Tablet,13548,240,8,296.66,742.13
REC-004218,2026-01-03,CAMP-007,B2B Decision Makers,LinkedIn Ads,Lead Generation,North America,New Customers,Mobile,6351,109,6,691.11,880.33
REC-002317,2025-07-27,CAMP-024,Mobile App Acquisition,Google Ads,App Acquisition,Europe,Returning Customers,Desktop,12983,425,29,628.01,2325.99
REC-004510,2026-01-28,CAMP-014,Win Back Customers,Email,Reactivation,Asia-Pacific,Enterprise Decision Makers,Mobile,15633,1355,229,182.33,68890.49
REC-000831,2025-03-14,CAMP-006,Seasonal Offer Push,Meta Ads,Seasonal Promotion,Asia-Pacific,New Customers,Mobile,18049,502,21,417.0,1975.84
REC-003463,2025-11-02,CAMP-017,Product Demo Views,YouTube Ads,Product Education,Europe,Returning Customers,Desktop,20823,219,5,200.69,745.9
REC-004338,2026-01-14,CAMP-020,Creator Partnership Series,Influencer,Influencer Partnership,Asia-Pacific,New Customers,Desktop,30103,1028,44,853.19,4514.34
REC-002768,2025-09-03,CAMP-017,Product Demo Views,YouTube Ads,Product Education,MENA,Enterprise Decision Makers,Mobile,32264,306,6,243.32,2076.8
REC-001743,2025-06-02,CAMP-023,Enterprise Pipeline Builder,LinkedIn Ads,Lead Generation,Asia-Pacific,New Customers,Mobile,8306,136,8,558.25,1419.45
REC-005147,2026-03-27,CAMP-010,Short Video Discovery,TikTok Ads,Prospecting,North America,Small Business Owners,Desktop,32954,561,17,523.58,2122.6
REC-000348,2025-01-31,CAMP-010,Short Video Discovery,TikTok Ads,Prospecting,MENA,New Customers,Mobile,26842,451,9,377.71,1023.18
REC-001336,2025-04-26,CAMP-005,Cart Recovery Social,Meta Ads,Retargeting,North America,New Customers,Mobile,26411,726,24,919.79,2639.18
REC-000005,2025-01-01,CAMP-016,Video Reach Accelerator,YouTube Ads,Brand Awareness,Europe,Returning Customers,Mobile,19964,128,2,122.57,178.45
REC-003823,2025-12-01,CAMP-002,Brand Demand Capture,Google Ads,Brand Awareness,Asia-Pacific,Small Business Owners,Desktop,16631,450,24,605.58,2394.15
REC-002516,2025-08-13,CAMP-001,Search Growth Engine,Google Ads,Always-on Acquisition,MENA,New Customers,Tablet,15937,605,23,797.89,2528.69
REC-001557,2025-05-15,CAMP-009,Startup Founder Leads,LinkedIn Ads,Lead Generation,Europe,Students & Young Professionals,Desktop,2996,33,3,202.2,255.61
REC-004447,2026-01-22,CAMP-016,Video Reach Accelerator,YouTube Ads,Brand Awareness,MENA,Enterprise Decision Makers,Mobile,30537,219,3,176.34,650.21
REC-001781,2025-06-06,CAMP-014,Win Back Customers,Email,Reactivation,Asia-Pacific,Returning Customers,Mobile,11297,966,219,141.28,26159.3
REC-003250,2025-10-15,CAMP-007,B2B Decision Makers,LinkedIn Ads,Lead Generation,Asia-Pacific,Students & Young Professionals,Desktop,8042,129,9,676.31,982.14
REC-004574,2026-02-03,CAMP-015,Monthly Product Digest,Email,Customer Nurture,MENA,Returning Customers,Desktop,13946,538,89,141.13,10212.4
REC-004016,2025-12-17,CAMP-024,Mobile App Acquisition,Google Ads,App Acquisition,MENA,Returning Customers,Desktop,13187,473,44,687.94,2856.6
REC-003376,2025-10-26,CAMP-015,Monthly Product Digest,Email,Customer Nurture,North America,Enterprise Decision Makers,Mobile,3150,181,22,46.45,5783.76
REC-003869,2025-12-05,CAMP-007,B2B Decision Makers,LinkedIn Ads,Lead Generation,North America,Students & Young Professionals,Mobile,6209,110,7,631.13,749.94
REC-003824,2025-12-01,CAMP-003,High Intent Retargeting,Google Ads,Retargeting,North America,Returning Customers,Mobile,11382,536,75,915.32,11083.42
REC-000963,2025-03-25,CAMP-020,Creator Partnership Series,Influencer,Influencer Partnership,Asia-Pacific,New Customers,Desktop,42936,850,25,1041.17,1965.74
REC-000878,2025-03-18,CAMP-023,Enterprise Pipeline Builder,LinkedIn Ads,Lead Generation,North America,Enterprise Decision Makers,Desktop,2856,52,7,347.44,3046.82
REC-000856,2025-03-17,CAMP-021,Micro Creator Conversion,Influencer,Influencer Partnership,Asia-Pacific,Small Business Owners,Desktop,32285,857,35,981.77,4021.2
REC-002425,2025-08-05,CAMP-012,Youth Engagement Sprint,TikTok Ads,Engagement,North America,Small Business Owners,Mobile,14943,209,3,181.51,317.94
REC-004955,2026-03-09,CAMP-014,Win Back Customers,Email,Reactivation,North America,New Customers,Desktop,14621,718,71,156.94,6672.57
REC-004618,2026-02-07,CAMP-019,Display Retargeting Loop,Display Ads,Retargeting,Asia-Pacific,Small Business Owners,Desktop,20404,166,3,110.79,377.38
REC-005656,2026-05-11,CAMP-021,Micro Creator Conversion,Influencer,Influencer Partnership,Asia-Pacific,New Customers,Mobile,14674,651,14,319.57,1587.15
REC-000871,2025-03-18,CAMP-010,Short Video Discovery,TikTok Ads,Prospecting,Asia-Pacific,Returning Customers,Desktop,30366,356,10,285.1,1103.68
REC-003237,2025-10-14,CAMP-006,Seasonal Offer Push,Meta Ads,Seasonal Promotion,Europe,Small Business Owners,Tablet,22117,388,15,458.86,2323.6
REC-004840,2026-02-26,CAMP-008,Executive Thought Leadership,LinkedIn Ads,Brand Awareness,MENA,Returning Customers,Mobile,3146,28,1,151.56,53.02
REC-003045,2025-09-27,CAMP-016,Video Reach Accelerator,YouTube Ads,Brand Awareness,MENA,Returning Customers,Mobile,13481,126,2,113.86,208.12
REC-002822,2025-09-08,CAMP-012,Youth Engagement Sprint,TikTok Ads,Engagement,MENA,Students & Young Professionals,Mobile,33710,521,8,340.17,389.08
REC-004986,2026-03-11,CAMP-005,Cart Recovery Social,Meta Ads,Retargeting,Latin America,Small Business Owners,Mobile,14080,496,27,435.5,4107.11
REC-002307,2025-07-26,CAMP-024,Mobile App Acquisition,Google Ads,App Acquisition,Europe,Small Business Owners,Desktop,16671,581,44,874.23,4227.46
REC-003605,2025-11-14,CAMP-007,B2B Decision Makers,LinkedIn Ads,Lead Generation,Europe,Students & Young Professionals,Desktop,9005,100,6,485.64,589.36
REC-000304,2025-01-27,CAMP-010,Short Video Discovery,TikTok Ads,Prospecting,Europe,Returning Customers,Mobile,13134,195,4,178.55,539.97
REC-004566,2026-02-02,CAMP-014,Win Back Customers,Email,Reactivation,North America,Students & Young Professionals,Mobile,13268,1010,142,150.28,11417.01
REC-000266,2025-01-24,CAMP-021,Micro Creator Conversion,Influencer,Influencer Partnership,MENA,Students & Young Professionals,Desktop,39006,1289,29,842.42,1921.33
REC-001663,2025-05-25,CAMP-021,Micro Creator Conversion,Influencer,Influencer Partnership,latin america,Students & Young Professionals,Desktop,16113,357,9,475.87,564.09
REC-003335,2025-10-22,CAMP-019,Display Retargeting Loop,Display Ads,Retargeting,Europe,Small Business Owners,Mobile,26947,214,4,156.83,555.27
REC-005826,2026-05-25,CAMP-011,Creator Product Launch,TikTok Ads,Product Launch,Europe,Students & Young Professionals,Desktop,7782,157,4,154.64,235.88
REC-002233,2025-07-19,CAMP-003,High Intent Retargeting,Google Ads,Retargeting,Europe,Returning Customers,Desktop,3507,175,28,292.25,3612.3
REC-004563,2026-02-02,CAMP-012,Youth Engagement Sprint,TikTok Ads,Engagement,Latin America,Students & Young Professionals,Mobile,32760,439,6,260.76,285.69
REC-003346,2025-10-23,CAMP-004,Social Scale Prospecting,Meta Ads,Prospecting,North America,Students & Young Professionals,Desktop,12121,308,6,350.6,445.98
REC-000882,2025-03-19,CAMP-002,Brand Demand Capture,Google Ads,Brand Awareness,MENA,Enterprise Decision Makers,Mobile,15615,723,30,1066.81,7044.56
REC-006083,2026-06-17,CAMP-017,Product Demo Views,YouTube Ads ,Product Education,MENA,Returning Customers,Mobile,25642,324,8,247.27,942.7
REC-003648,2025-11-17,CAMP-013,Lifecycle Nurture,Email,Customer Nurture,Europe,Returning Customers,Mobile,17213,905,118,189.49,12119.31
REC-000794,2025-03-11,CAMP-014,Win Back Customers,Email,Reactivation,MENA,Small Business Owners,Mobile,5505,379,56,75.74,8146.55
REC-004225,2026-01-04,CAMP-012,Youth Engagement Sprint,TikTok Ads,Engagement,MENA,Enterprise Decision Makers,Tablet,26248,338,6,293.35,1082.17
REC-000890,2025-03-20,CAMP-007,B2B Decision Makers,LinkedIn Ads,Lead Generation,MENA,Small Business Owners,Mobile,5078,95,11,417.4,1890.34
REC-001131,2025-04-09,CAMP-009,Startup Founder Leads,LinkedIn Ads,Lead Generation,MENA,New Customers,Desktop,7766,89,6,437.96,766.54
REC-006094,2026-06-17,CAMP-018,Programmatic Market Reach,Display Ads,Brand Awareness,North America,New Customers,Mobile,42209,140,0,121.13,0.0
REC-005608,2026-05-07,CAMP-010,Short Video Discovery,TikTok Ads,Prospecting,Latin America,Small Business Owners,Mobile,8579,113,3,97.77,453.91
REC-003198,2025-10-11,CAMP-014,Win Back Customers,Email,Reactivation,MENA,Small Business Owners,Mobile,11994,967,110,142.97,18966.72
REC-005699,2026-05-14,CAMP-009,Startup Founder Leads,LinkedIn Ads,Lead Generation,Europe,New Customers,Mobile,2407,38,3,207.32,307.41
REC-001006,2025-03-29,CAMP-001,Search Growth Engine,Google Ads,Always-on Acquisition,North America,Students & Young Professionals,Mobile,7131,368,12,704.55,1019.51
REC-003434,2025-10-31,CAMP-024,Mobile App Acquisition,Google Ads,App Acquisition,North America,Returning Customers,Mobile,8353,304,15,492.2,1034.67
REC-000673,2025-02-28,CAMP-024,Mobile App Acquisition,Google Ads,App Acquisition,Latin America,Small Business Owners,Mobile,9735,364,15,549.34,1456.36
REC-005855,2026-05-27,CAMP-018,Programmatic Market Reach,Display Ads,Brand Awareness,North America,Returning Customers,Desktop,35245,113,0,104.22,0.0
REC-005841,2026-05-26,CAMP-001,Search Growth Engine,Google Ads,Always-on Acquisition,Asia-Pacific,New Customers,Desktop,14279,608,30,928.63,2562.58
REC-003054,2025-09-27,CAMP-017,Product Demo Views,YouTube Ads,Product Education,MENA,Students & Young Professionals,Mobile,20307,215,3,197.39,238.28
REC-004731,2026-02-17,CAMP-013,Lifecycle Nurture,Email,Customer Nurture,Europe,New Customers,Tablet,4986,298,18,57.63,2033.36
REC-001607,2025-05-20,CAMP-021,Micro Creator Conversion,Influencer,Influencer Partnership,Europe,Small Business Owners,Mobile,22365,765,26,472.28,4125.34
REC-001064,2025-04-03,CAMP-004,Social Scale Prospecting,Meta Ads,Prospecting,Europe,Returning Customers,Mobile,29626,741,37,767.65,5107.97
REC-005888,2026-05-30,CAMP-003,High Intent Retargeting,Google Ads,Retargeting,Europe,New Customers,Mobile,12426,965,77,1734.02,10320.83
REC-005081,2026-03-21,CAMP-006,Seasonal Offer Push,Meta Ads,Seasonal Promotion,North America,Enterprise Decision Makers,Tablet,8311,160,5,187.43,1162.29
REC-003360,2025-10-24,CAMP-020,Creator Partnership Series,Influencer,Influencer Partnership,MENA,Small Business Owners,Mobile,31818,1355,34,1154.66,4453.9
REC-002922,2025-09-17,CAMP-006,Seasonal Offer Push,Meta Ads,Seasonal Promotion,Europe,Enterprise Decision Makers,Desktop,5111,96,4,138.91,1123.29
REC-002091,2025-07-06,CAMP-008,Executive Thought Leadership,LinkedIn Ads,Brand Awareness,Asia-Pacific,Small Business Owners,Desktop,1123,11,1,87.62,72.6
REC-004100,2025-12-24,CAMP-009,Startup Founder Leads,LinkedIn Ads,Lead Generation,Europe,Small Business Owners,Mobile,3756,67,6,371.24,1141.79
REC-000164,2025-01-14,CAMP-004,Social Scale Prospecting,Meta Ads,Prospecting,MENA,Returning Customers,Desktop,15229,314,16,233.62,1876.1
REC-005559,2026-05-02,CAMP-024,Mobile App Acquisition,Google Ads,App Acquisition,MENA,Returning Customers,Desktop,5083,198,21,278.53,1472.2
REC-003076,2025-09-29,CAMP-013,Lifecycle Nurture,Email,Customer Nurture,Latin America,Small Business Owners,Desktop,7595,356,40,80.71,5730.1
REC-004283,2026-01-09,CAMP-020,Creator Partnership Series,Influencer,Influencer Partnership,Asia-Pacific,Returning Customers,Desktop,29997,674,30,688.64,4242.35
REC-004415,2026-01-19,CAMP-015,Monthly Product Digest,Email,Customer Nurture,MENA,Returning Customers,Mobile,10220,444,40,110.02,4017.56
REC-003531,2025-11-08,CAMP-001,Search Growth Engine,Google Ads,Always-on Acquisition,Asia-Pacific,Returning Customers,Mobile,14055,720,40,1240.95,4555.48
REC-004260,2026-01-07,CAMP-007,B2B Decision Makers,LinkedIn Ads,Lead Generation,North America,Returning Customers,Mobile,7634,129,15,754.92,2588.42
REC-002542,2025-08-15,CAMP-017,Product Demo Views,YouTube Ads,Product Education,Europe,Students & Young Professionals,Desktop,36397,424,7,376.73,540.74
REC-001741,2025-06-02,CAMP-013,Lifecycle Nurture,Email,Customer Nurture,Europe,New Customers,Desktop,7288,384,44,76.66,3339.02
REC-001797,2025-06-07,CAMP-016,Video Reach Accelerator,YouTube Ads,Brand Awareness,Europe,New Customers,Mobile,31353,269,2,240.82,122.14
REC-006187,2026-06-27,CAMP-008,Executive Thought Leadership,LinkedIn Ads,Brand Awareness,Latin America,New Customers,Tablet,4738,43,1,257.19,42.45
REC-003578,2025-11-11,CAMP-014,Win Back Customers,Email,Reactivation,Europe,New Customers,Desktop,12420,601,111,127.75,12774.0
REC-001448,2025-05-06,CAMP-024,Mobile App Acquisition,Google Ads,App Acquisition,Asia-Pacific,New Customers,Desktop,7048,296,12,483.91,734.78
REC-006164,2026-06-25,CAMP-005,Cart Recovery Social,Meta Ads,Retargeting,MENA,New Customers,Mobile,23804,798,49,650.95,4067.11
REC-003853,2025-12-04,CAMP-004,Social Scale Prospecting,Meta Ads,Prospecting,North America,Enterprise Decision Makers,Desktop,25904,467,19,501.36,5006.28
REC-005723,2026-05-16,CAMP-002,Brand Demand Capture,Google Ads,Brand Awareness,North America,,Mobile,7825,340,14,603.91,3029.2
REC-003745,2025-11-24,CAMP-005,Cart Recovery Social,Meta Ads,Retargeting,North America,New Customers,Desktop,15645,545,36,737.24,4078.08
REC-003144,2025-10-06,CAMP-016,Video Reach Accelerator,YouTube Ads,Brand Awareness,Asia-Pacific,Enterprise Decision Makers,Mobile,28485,275,4,217.51,795.77
REC-004595,2026-02-05,CAMP-004,Social Scale Prospecting,Meta Ads,Prospecting,Latin America,Returning Customers,Desktop,13457,299,14,265.71,1492.42
REC-004931,2026-03-06,CAMP-014,Win Back Customers,Email,Reactivation,MENA,Small Business Owners,Desktop,10298,725,138,113.53,22164.64
REC-004026,2025-12-18,CAMP-013,Lifecycle Nurture,Email,Customer Nurture,MENA,Enterprise Decision Makers,Tablet,19070,1097,133,194.85,43778.57
REC-004769,2026-02-20,CAMP-019,Display Retargeting Loop,Display Ads,Retargeting,Latin America,Enterprise Decision Makers,Desktop,15732,114,2,93.71,544.0
REC-004862,2026-02-28,CAMP-007,B2B Decision Makers,LinkedIn Ads,Lead Generation,Europe,Small Business Owners,Mobile,7336,150,11,871.27,1709.56
REC-006161,2026-06-25,CAMP-009,Startup Founder Leads,LinkedIn Ads,Lead Generation,Europe,Small Business Owners,Desktop,5518,54,5,348.37,930.96
REC-000988,2025-03-28,CAMP-019,Display Retargeting Loop,Display Ads,Retargeting,Latin America,Small Business Owners,Tablet,10807,57,2,38.18,363.21
REC-004202,2026-01-01,CAMP-010,Short Video Discovery,TikTok Ads,Prospecting,MENA,Returning Customers,Desktop,10318,139,5,130.09,691.98
REC-005631,2026-05-09,CAMP-018,Programmatic Market Reach,Display Ads,Brand Awareness,Asia-Pacific,New Customers,Mobile,34999,160,1,99.73,46.97
REC-001884,2025-06-15,CAMP-002,Brand Demand Capture,Google Ads,Brand Awareness,Asia-Pacific,Students & Young Professionals,Mobile,7152,225,7,348.24,359.97
REC-003571,2025-11-11,CAMP-020,Creator Partnership Series,Influencer,Influencer Partnership,MENA,Returning Customers,Desktop,36974,1121,61,697.05,8447.79
REC-000935,2025-03-23,CAMP-015,Monthly Product Digest,Email,Customer Nurture,North America,Students & Young Professionals,Mobile,8720,462,25,93.6,1880.12
REC-001251,2025-04-19,CAMP-021,Micro Creator Conversion,Influencer,Influencer Partnership,Latin America,Students & Young Professionals,Mobile,15850,613,11,346.97,831.4
REC-001440,2025-05-05,CAMP-008,Executive Thought Leadership,LinkedIn Ads,Brand Awareness,North America,New Customers,Mobile,8103,88,2,524.7,85.16
REC-005680,2026-05-13,CAMP-008,Executive Thought Leadership,LinkedIn Ads,Brand Awareness,Europe,Returning Customers,Mobile,4431,47,3,285.84,193.92
REC-000097,2025-01-09,CAMP-017,Product Demo Views,YouTube Ads,Product Education,Europe,Small Business Owners,Mobile,23939,254,3,199.88,426.82
REC-004434,2026-01-21,CAMP-016,Video Reach Accelerator,YouTube Ads,Brand Awareness,Europe,New Customers,Mobile,18836,130,1,115.62,60.45
REC-000605,2025-02-22,CAMP-020,Creator Partnership Series,Influencer,Influencer Partnership,Latin America,New Customers,Desktop,24459,690,17,648.01,1545.87
REC-005600,2026-05-06,CAMP-007,B2B Decision Makers,LinkedIn Ads,Lead Generation,Europe,Returning Customers,Desktop,2948,49,8,235.28,1376.94
REC-002842,2025-09-10,CAMP-019,Display Retargeting Loop,Display Ads,Retargeting,Europe,New Customers,Desktop,35769,190,5,130.16,450.13
REC-000960,2025-03-25,CAMP-024,Mobile App Acquisition,Google Ads,App Acquisition,North America,Small Business Owners,Desktop,14643,602,31,996.34,2339.46
REC-003998,2025-12-15,CAMP-005,Cart Recovery Social,Meta Ads,Retargeting,North America,New Customers,Mobile,19827,538,27,575.28,2268.51
REC-000758,2025-03-08,CAMP-024,Mobile App Acquisition,Google Ads,App Acquisition,North America,New Customers,Mobile,7092,355,18,831.69,978.9
REC-001937,2025-06-21,CAMP-013,Lifecycle Nurture,Email,Customer Nurture,Latin America,New Customers,Mobile,5243,293,18,65.21,1421.45
REC-004411,2026-01-19,CAMP-020,Creator Partnership Series,Influencer,Influencer Partnership,MENA,Students & Young Professionals,Mobile,39919,1103,29,1224.15,1702.59
REC-000902,2025-03-20,CAMP-009,Startup Founder Leads,LinkedIn Ads,Lead Generation,Asia-Pacific,Small Business Owners,Desktop,2947,40,4,180.04,762.68
REC-001624,2025-05-22,CAMP-011,Creator Product Launch,TikTok Ads,Product Launch,Asia-Pacific,New Customers,Mobile,14831,198,4,142.4,356.69
REC-004538,2026-01-30,CAMP-009,Startup Founder Leads,LinkedIn Ads,Lead Generation,Asia-Pacific,Students & Young Professionals,Desktop,4064,44,3,196.42,241.29
REC-005159,2026-03-28,CAMP-002,Brand Demand Capture,Google Ads,Brand Awareness,Europe,Small Business Owners,Mobile,19881,823,31,1338.91,3161.52
REC-000881,2025-03-19,CAMP-002,Brand Demand Capture,Google Ads,Brand Awareness,MENA,New Customers,Desktop,12290,356,15,589.37,882.42
REC-005658,2026-05-11,CAMP-018,Programmatic Market Reach,Display Ads,Brand Awareness,Europe,Students & Young Professionals,Mobile,36429,166,0,101.07,0.0
REC-003257,2025-10-16,CAMP-005,Cart Recovery Social,Meta Ads,Retargeting,Europe,Small Business Owners,Mobile,16126,463,25,586.51,3641.64
REC-000085,2025-01-08,CAMP-005,Cart Recovery Social,Meta Ads,Retargeting,Asia-Pacific,Students & Young Professionals,Mobile,24139,695,24,538.24,1798.35
REC-005901,2026-05-31,CAMP-023,Enterprise Pipeline Builder,LinkedIn Ads,Lead Generation,MENA,Students & Young Professionals,Desktop,2832,33,3,142.83,341.53
REC-004094,2025-12-24,CAMP-014,Win Back Customers,email,Reactivation,MENA,Returning Customers,Mobile,9180,700,140,104.75,21944.14
REC-003150,2025-10-06,CAMP-010,Short Video Discovery,TikTok Ads,Prospecting,Europe,Returning Customers,Desktop,8046,128,6,117.53,839.39
REC-005392,2026-04-17,CAMP-018,Programmatic Market Reach,Display Ads,Brand Awareness,Europe,Enterprise Decision Makers,Mobile,37488,117,0,76.83,0.0
REC-000698,2025-03-02,CAMP-003,High Intent Retargeting,Google Ads,Retargeting,Latin America,Returning Customers,Desktop,9926,419,67,482.41,8673.91
REC-002697,2025-08-28,CAMP-024,Mobile App Acquisition,Google Ads,App Acquisition,Europe,Students & Young Professionals,Mobile,8168,333,10,632.47,514.54
REC-006079,2026-06-16,CAMP-005,Cart Recovery Social,Meta Ads,Retargeting,North America,Returning Customers,Desktop,20247,690,56,886.63,6731.67
REC-005235,2026-04-04,CAMP-009,Startup Founder Leads,LinkedIn Ads,Lead Generation,Asia-Pacific,Students & Young Professionals,Tablet,4268,47,3,263.1,275.76
REC-003882,2025-12-06,CAMP-023,Enterprise Pipeline Builder,LinkedIn Ads,Lead Generation,Europe,Students & Young Professionals,Desktop,7871,136,10,809.65,920.94
REC-005390,2026-04-17,CAMP-021,Micro Creator Conversion,Influencer,Influencer Partnership,North America,New Customers,Tablet,10535,278,7,188.62,571.17
REC-002685,2025-08-27,CAMP-017,Product Demo Views,YouTube Ads,Product Education,Latin America,New Customers,Desktop,21202,226,3,162.83,270.9
REC-004062,2025-12-21,CAMP-016,Video Reach Accelerator,YouTube Ads,Brand Awareness,Latin America,New Customers,Desktop,19935,165,2,118.85,177.36
REC-002435,2025-08-06,CAMP-017,Product Demo Views,YouTube Ads,Product Education,Asia-Pacific,Students & Young Professionals,Mobile,38830,456,4,361.72,248.13
REC-004126,2025-12-26,CAMP-010,Short Video Discovery,TikTok Ads,Prospecting,North America,Students & Young Professionals,Mobile,26262,304,5,259.74,413.32
REC-003722,2025-11-23,CAMP-010,Short Video Discovery,TikTok Ads,Prospecting,MENA,New Customers,Desktop,8701,136,2,112.69,195.1
REC-004523,2026-01-29,CAMP-001,Search Growth Engine,Google Ads,Always-on Acquisition,Latin America,New Customers,Mobile,13475,574,25,836.32,2700.63
REC-001749,2025-06-02,CAMP-018,Programmatic Market Reach,Display Ads,Brand Awareness,MENA,Returning Customers,Mobile,27899,93,1,56.16,69.51
REC-000789,2025-03-11,CAMP-024,Mobile App Acquisition,Google Ads,App Acquisition,MENA,Enterprise Decision Makers,Desktop,18665,783,65,1038.65,12718.65
REC-001653,2025-05-25,CAMP-017,Product Demo Views,YouTube Ads,Product Education,North America,Students & Young Professionals,Mobile,17608,162,1,140.28,74.83
REC-003800,2025-11-29,CAMP-005,Cart Recovery Social,Meta Ads,Retargeting,Asia-Pacific,Small Business Owners,Tablet,23592,409,17,334.89,2126.92
REC-001200,2025-04-15,CAMP-001,Search Growth Engine,Google Ads,Always-on Acquisition,Asia-Pacific,New Customers,Desktop,7666,394,30,672.11,2668.28
REC-004302,2026-01-10,CAMP-003,High Intent Retargeting,Google Ads,Retargeting,Europe,Students & Young Professionals,Desktop,8431,425,27,800.5,1972.48
REC-001558,2025-05-15,CAMP-009,Startup Founder Leads,LinkedIn Ads,Lead Generation,North America,Small Business Owners,Mobile,4589,72,7,410.7,1247.43
REC-006123,2026-06-21,CAMP-019,Display Retargeting Loop,Display Ads,Retargeting,Europe,Returning Customers,Mobile,16602,142,3,84.94,406.08
REC-004707,2026-02-14,CAMP-004,Social Scale Prospecting,Meta Ads,Prospecting,Asia-Pacific,Students & Young Professionals,Desktop,13096,239,5,243.35,306.44
REC-005932,2026-06-03,CAMP-018,Programmatic Market Reach,Display Ads,Brand Awareness,North America,Small Business Owners,Mobile,26065,122,1,111.92,79.82
REC-001239,2025-04-18,CAMP-018,Programmatic Market Reach,Display Ads,Brand Awareness,North America,Students & Young Professionals,Desktop,22002,78,1,72.62,40.27
REC-003170,2025-10-08,CAMP-007,B2B Decision Makers,LinkedIn Ads,Lead Generation,North America,New Customers,Desktop,2892,47,4,263.66,399.9
REC-002346,2025-07-29,CAMP-005,Cart Recovery Social,Meta Ads,Retargeting,Asia-Pacific,Small Business Owners,Desktop,9436,337,18,327.08,2363.93
REC-003616,2025-11-15,CAMP-015,Monthly Product Digest,Email,Customer Nurture,Europe,Returning Customers,Desktop,4154,166,27,58.23,3660.72
REC-004042,2025-12-19,CAMP-003,High Intent Retargeting,Google Ads,Retargeting,North America,New Customers,Mobile,15452,970,62,1587.34,6299.43
REC-000657,2025-02-26,CAMP-011,Creator Product Launch,TikTok Ads,Product Launch,MENA,Returning Customers,Mobile,22439,434,17,234.38,2298.84
REC-005746,2026-05-18,CAMP-019,Display Retargeting Loop,Display Ads,Retargeting,Asia-Pacific,Students & Young Professionals,Mobile,23697,241,4,133.49,339.96
REC-004751,2026-02-18,CAMP-002,Brand Demand Capture,Google Ads,Brand Awareness,Asia-Pacific,Students & Young Professionals,Desktop,8645,343,8,446.86,397.81
REC-004468,2026-01-24,CAMP-018,Programmatic Market Reach,Display Ads,Brand Awareness,Europe,Small Business Owners,Mobile,29656,116,1,118.29,65.06
REC-003427,2025-10-30,CAMP-015,Monthly Product Digest,Email,Customer Nurture,Asia-Pacific,New Customers,Desktop,13117,663,63,147.99,7205.41
REC-000907,2025-03-21,CAMP-021,Micro Creator Conversion,Influencer,Influencer Partnership,North America,Students & Young Professionals,Mobile,43012,1791,48,1212.3,3359.0
REC-004671,2026-02-12,CAMP-021,Micro Creator Conversion,Influencer,Influencer Partnership,North America,New Customers,Mobile,46458,1351,45,1124.94,4188.98
REC-001017,2025-03-30,CAMP-005,Cart Recovery Social,Meta Ads,Retargeting,MENA,Students & Young Professionals,Mobile,9998,220,7,251.07,545.28
REC-005549,2026-05-01,CAMP-017,Product Demo Views,YouTube Ads,Product Education,Latin America,Students & Young Professionals,Desktop,6621,46,0,58.41,0.0
REC-002135,2025-07-10,CAMP-003,High Intent Retargeting,Google Ads,Retargeting,MENA,Small Business Owners,Mobile,11216,822,73,1428.77,11932.68
REC-001534,2025-05-13,CAMP-001,Search Growth Engine,Google Ads,Always-on Acquisition,North America,Small Business Owners,Mobile,10031,425,18,883.35,2022.37
REC-003629,2025-11-15,CAMP-021,Micro Creator Conversion,Influencer,Influencer Partnership,Europe,New Customers,Mobile,58953,2726,85,2026.93,8148.31
REC-004915,2026-03-05,CAMP-019,Display Retargeting Loop,Display Ads,Retargeting,MENA,Small Business Owners,Mobile,14062,113,2,81.74,326.8
REC-003954,2025-12-12,CAMP-008,Executive Thought Leadership,LinkedIn Ads,Brand Awareness,North America,Students & Young Professionals,Mobile,9192,82,1,636.73,34.44
REC-000495,2025-02-12,CAMP-018,Programmatic Market Reach,Display Ads,Brand Awareness,MENA,Students & Young Professionals,Mobile,26483,123,1,106.82,46.16
REC-003852,2025-12-03,CAMP-010,Short Video Discovery,TikTok Ads,Prospecting,Europe,Returning Customers,Mobile,31516,482,15,379.95,1557.42
REC-006075,2026-06-16,CAMP-021,Micro Creator Conversion,Influencer,Influencer Partnership,North America,New Customers,Mobile,46270,1219,39,1532.84,3253.68
REC-003421,2025-10-29,CAMP-021,Micro Creator Conversion,Influencer,Influencer Partnership,Europe,New Customers,Desktop,22265,732,30,768.71,3074.04
REC-003591,2025-11-12,CAMP-002,Brand Demand Capture,Google Ads,Brand Awareness,Latin America,Students & Young Professionals,Mobile,11946,406,7,513.06,283.6
REC-005573,2026-05-03,CAMP-023,Enterprise Pipeline Builder,LinkedIn Ads,Lead Generation,North America,Students & Young Professionals,Desktop,1923,28,1,220.58,97.27
REC-002904,2025-09-15,CAMP-007,B2B Decision Makers,LinkedIn Ads,Lead Generation,Latin America,New Customers,Mobile,3160,61,5,242.66,515.42
REC-005891,2026-05-30,CAMP-007,B2B Decision Makers,LinkedIn Ads,Lead Generation,Asia-Pacific,Students & Young Professionals,Mobile,3647,58,3,270.39,273.82
REC-003102,2025-10-02,CAMP-016,Video Reach Accelerator,YouTube Ads,Brand Awareness,North America,Small Business Owners,Mobile,44994,448,5,493.45,508.01
REC-002667,2025-08-25,CAMP-005,Cart Recovery Social,Meta Ads,Retargeting,Asia-Pacific,New Customers,Desktop,12078,325,20,295.68,1876.45
REC-001206,2025-04-15,CAMP-016,Video Reach Accelerator,YouTube Ads,Brand Awareness,MENA,Returning Customers,Mobile,40752,285,4,246.46,439.11
REC-001510,2025-05-11,CAMP-012,Youth Engagement Sprint,TikTok Ads,Engagement,Asia-Pacific,New Customers,Mobile,10503,156,2,142.78,157.7
REC-005991,2026-06-09,CAMP-013,Lifecycle Nurture,Email,Customer Nurture,MENA,Students & Young Professionals,Desktop,10764,758,85,113.75,6837.14
REC-001218,2025-04-16,CAMP-021,Micro Creator Conversion,Influencer,Influencer Partnership,MENA,Enterprise Decision Makers,Mobile,26137,697,27,486.26,7060.67
REC-001747,2025-06-02,CAMP-010,Short Video Discovery,TikTok Ads,Prospecting,North America,Students & Young Professionals,Mobile,27276,316,6,319.5,491.55
REC-003115,2025-10-03,CAMP-017,Product Demo Views,YouTube Ads,Product Education,Latin America,Small Business Owners,Mobile,31412,355,6,263.64,818.96
REC-002938,2025-09-18,CAMP-008,Executive Thought Leadership,LinkedIn Ads,Brand Awareness,MENA,Small Business Owners,Mobile,4800,52,2,262.63,157.87
REC-004703,2026-02-14,CAMP-012,Youth Engagement Sprint,TikTok Ads,Engagement,MENA,Small Business Owners,Mobile,26990,532,9,447.27,848.2
REC-000395,2025-02-04,CAMP-024,Mobile App Acquisition,Google Ads,App Acquisition,North America,Students & Young Professionals,Desktop,3570,137,6,250.88,244.01
REC-002383,2025-08-01,CAMP-019,Display Retargeting Loop,Display Ads,Retargeting,MENA,Small Business Owners,Mobile,27674,224,4,98.26,674.02
REC-000759,2025-03-08,CAMP-024,Mobile App Acquisition,Google Ads,App Acquisition,North America,New Customers,Mobile,20212,920,38,1491.5,1795.17
REC-002159,2025-07-12,CAMP-020,Creator Partnership Series,Influencer,Influencer Partnership,North America,Students & Young Professionals,Mobile,43962,1488,27,1198.65,2027.97
REC-005334,2026-04-13,CAMP-003,High Intent Retargeting,Google Ads,Retargeting,Asia-Pacific,New Customers,Desktop,16481,776,59,1320.36,7994.68
REC-002134,2025-07-10,CAMP-003,High Intent Retargeting,Google Ads,Retargeting,MENA,Small Business Owners,Mobile,17456,1173,75,1387.86,12861.28
REC-006221,2026-06-29,CAMP-001,Search Growth Engine,Google Ads,Always-on Acquisition,Europe,Small Business Owners,Mobile,13038,484,28,831.18,4459.8
REC-004208,2026-01-02,CAMP-018,Programmatic Market Reach,Display Ads,Brand Awareness,Europe,New Customers,Mobile,43522,137,1,134.46,58.61
REC-004612,2026-02-06,CAMP-002,Brand Demand Capture,Google Ads,Brand Awareness,Europe,New Customers,Mobile,7622,239,6,473.5,480.91
REC-001413,2025-05-02,CAMP-004,Social Scale Prospecting,Meta Ads,Prospecting,Europe,Students & Young Professionals,Mobile,12156,219,6,287.42,422.01
REC-002067,2025-07-03,CAMP-014,Win Back Customers,Email,Reactivation,Latin America,Small Business Owners,Desktop,4008,295,61,65.94,9901.17
REC-004836,2026-02-26,CAMP-001,Search Growth Engine,Google Ads,Always-on Acquisition,North America,Returning Customers,Mobile,17890,782,47,1572.23,6083.36
REC-000682,2025-03-01,CAMP-005,Cart Recovery Social,Meta Ads,Retargeting,Asia-Pacific,Returning Customers,Desktop,20307,473,50,409.99,6826.68
REC-004727,2026-02-16,CAMP-010,Short Video Discovery,TikTok Ads,Prospecting,MENA,Students & Young Professionals,Mobile,21040,367,5,270.95,342.0
REC-002644,2025-08-23,CAMP-010,Short Video Discovery,TikTok Ads,Prospecting,North America,Returning Customers,Mobile,9941,185,4,182.62,514.74
REC-005907,2026-06-01,CAMP-021,Micro Creator Conversion,Influencer,Influencer Partnership,North America,Students & Young Professionals,Mobile,12245,440,13,294.78,771.58
REC-005354,2026-04-14,CAMP-013,Lifecycle Nurture,Email,Customer Nurture,Latin America,New Customers,Mobile,10223,523,35,121.3,2690.53
REC-003187,2025-10-10,CAMP-013,Lifecycle Nurture,Email,Customer Nurture,MENA,New Customers,Desktop,3199,134,15,52.49,1530.4
REC-001853,2025-06-12,CAMP-019,Display Retargeting Loop,Display Ads,Retargeting,North America,New Customers,Mobile,27422,234,5,160.89,485.16
REC-005002,2026-03-13,CAMP-017,Product Demo Views,YouTube Ads,Product Education,Latin America,Students & Young Professionals,Mobile,29333,386,4,235.09,342.41
REC-002551,2025-08-15,CAMP-015,Monthly Product Digest,Email,Customer Nurture,Europe,New Customers,Desktop,3489,160,16,43.14,1446.56
REC-003464,2025-11-02,CAMP-022,Holiday Revenue Boost,Meta Ads,Seasonal Promotion,MENA,Returning Customers,Desktop,15385,459,39,352.0,4665.96
REC-005139,2026-03-26,CAMP-019,Display Retargeting Loop,Display Ads,Retargeting,Latin America,New Customers,Desktop,25977,196,4,84.9,446.24
REC-005772,2026-05-20,CAMP-011,Creator Product Launch,TikTok Ads,Product Launch,MENA,Returning Customers,Desktop,24880,448,12,282.91,1670.92
REC-005224,2026-04-03,CAMP-012,Youth Engagement Sprint,TikTok Ads,Engagement,MENA,Students & Young Professionals,Desktop,28893,333,6,293.41,359.89
REC-002692,2025-08-28,CAMP-015,Monthly Product Digest,Email,Customer Nurture,MENA,New Customers,Desktop,4966,239,20,64.3,2078.87
REC-004668,2026-02-11,CAMP-008,Executive Thought Leadership,LinkedIn Ads,Brand Awareness,Latin America,Students & Young Professionals,Mobile,8810,101,2,396.52,61.72
REC-000371,2025-02-02,CAMP-013,Lifecycle Nurture,Email,Customer Nurture,Asia-Pacific,Enterprise Decision Makers,Mobile,8091,570,77,103.66,19277.75
REC-006192,2026-06-27,CAMP-002,Brand Demand Capture,Google Ads,Brand Awareness,MENA,Returning Customers,Desktop,15173,433,16,653.83,1273.59
REC-000578,2025-02-19,CAMP-012,Youth Engagement Sprint,TikTok Ads,Engagement,North America,Students & Young Professionals,Mobile,33200,598,7,648.3,307.98
REC-005776,2026-05-21,CAMP-007,B2B Decision Makers,LinkedIn Ads,Lead Generation,Asia-Pacific,Small Business Owners,Mobile,4228,91,9,505.55,1957.23
REC-004759,2026-02-19,CAMP-002,Brand Demand Capture,Google Ads,Brand Awareness,MENA,Small Business Owners,Mobile,13411,561,18,935.69,2127.2
REC-004237,2026-01-05,CAMP-009,Startup Founder Leads,LinkedIn Ads,Lead Generation,Latin America,Returning Customers,Desktop,2597,44,5,184.46,802.2
REC-002017,2025-06-28,CAMP-015,Monthly Product Digest,Email,Customer Nurture,Europe,Small Business Owners,Desktop,11574,564,49,131.51,8239.79
REC-005558,2026-05-02,CAMP-024,Mobile App Acquisition,Google Ads,App Acquisition,North America,New Customers,Mobile,13761,641,20,1250.24,1193.95
REC-006068,2026-06-15,CAMP-003,High Intent Retargeting,Google Ads,Retargeting,North America,New Customers,Mobile,5325,349,27,782.91,3268.35
REC-003979,2025-12-14,CAMP-018,Programmatic Market Reach,Display Ads,Brand Awareness,Asia-Pacific,New Customers,Desktop,42311,109,0,84.56,0.0
REC-004797,2026-02-22,CAMP-009,Startup Founder Leads,LinkedIn Ads,Lead Generation,Europe,New Customers,Mobile,2080,35,2,173.51,267.61
REC-004311,2026-01-11,CAMP-012,Youth Engagement Sprint,TikTok Ads,Engagement,Asia-Pacific,Small Business Owners,Mobile,6661,79,1,91.1,116.33
REC-003827,2025-12-01,CAMP-022,Holiday Revenue Boost,Meta Ads,Seasonal Promotion,MENA,Small Business Owners,Mobile,25587,702,32,604.9,5345.01
REC-002331,2025-07-28,CAMP-021,Micro Creator Conversion,Influencer,Influencer Partnership,Europe,Students & Young Professionals,Desktop,24599,925,27,576.96,1553.35
REC-004580,2026-02-03,CAMP-011,Creator Product Launch,TikTok Ads,Product Launch,North America,Small Business Owners,Tablet,12182,226,7,264.78,882.61
REC-000039,2025-01-04,CAMP-001,Search Growth Engine,Google Ads,Always-on Acquisition,Latin America,New Customers,Mobile,10871,525,20,715.72,1674.41
REC-004435,2026-01-21,CAMP-008,Executive Thought Leadership,LinkedIn Ads,Brand Awareness,Asia-Pacific,Returning Customers,Mobile,4081,37,2,192.37,115.46
REC-001384,2025-04-30,CAMP-018,Programmatic Market Reach,Display Ads,Brand Awareness,Asia-Pacific,Returning Customers,Mobile,39931,125,0,82.27,0.0
REC-003356,2025-10-24,CAMP-004,Social Scale Prospecting,Meta Ads,Prospecting,Europe,New Customers,Mobile,22656,505,16,410.8,1319.79
REC-003572,2025-11-11,CAMP-020,Creator Partnership Series,Influencer,Influencer Partnership,Asia-Pacific,Returning Customers,Desktop,35035,972,36,733.26,5182.45
REC-005115,2026-03-24,CAMP-005,Cart Recovery Social,Meta Ads,Retargeting,North America,Small Business Owners,Mobile,8989,320,21,428.73,2498.14
REC-001859,2025-06-13,CAMP-003,High Intent Retargeting,Google Ads,Retargeting,Asia-Pacific,Small Business Owners,Mobile,10902,751,81,1133.63,15033.66
REC-001913,2025-06-18,CAMP-004,Social Scale Prospecting,Meta Ads,Prospecting,North America,Returning Customers,Desktop,21669,446,23,482.17,2671.76
REC-002151,2025-07-12,CAMP-004,Social Scale Prospecting,Meta Ads,Prospecting,North America,New Customers,Desktop,13349,227,10,310.14,1086.23
REC-002123,2025-07-09,CAMP-019,Display Retargeting Loop,Display Ads,Retargeting,North America,Students & Young Professionals,Mobile,29261,232,4,128.81,332.94
REC-000129,2025-01-11,CAMP-018,Programmatic Market Reach,Display Ads,Brand Awareness,MENA,Returning Customers,Mobile,30277,124,2,78.91,155.59
REC-001783,2025-06-06,CAMP-021,Micro Creator Conversion,Influencer,Influencer Partnership,Latin America,Small Business Owners,Desktop,21828,769,37,518.75,5714.51
REC-003487,2025-11-04,CAMP-020,Creator Partnership Series,Influencer,Influencer Partnership,Europe,Returning Customers,Mobile,56606,1544,57,1315.05,6185.08
REC-003064,2025-09-28,CAMP-004,Social Scale Prospecting,Meta Ads,Prospecting,Europe,New Customers,Mobile,25432,465,13,397.87,1122.91
REC-005612,2026-05-07,CAMP-013,Lifecycle Nurture,Email,Customer Nurture,Europe,New Customers,Tablet,9500,540,34,98.3,3779.82
REC-003276,2025-10-17,CAMP-024,Mobile App Acquisition,Google Ads,App Acquisition,North America,Students & Young Professionals,Desktop,8631,375,16,701.82,761.82
REC-005397,2026-04-18,CAMP-009,Startup Founder Leads,LinkedIn Ads,Lead Generation,MENA,New Customers,Desktop,5473,73,8,339.52,1124.92
REC-004483,2026-01-26,CAMP-018,Programmatic Market Reach,Display Ads,Brand Awareness,North America,New Customers,Mobile,9142,34,0,27.63,0.0
REC-006088,2026-06-17,CAMP-013,Lifecycle Nurture,Email,Customer Nurture,Latin America,Returning Customers,Desktop,4899,300,40,64.94,5609.61
REC-001265,2025-04-20,CAMP-006,Seasonal Offer Push,Meta Ads,Seasonal Promotion,Europe,Small Business Owners,Desktop,5835,146,8,169.84,1228.41
REC-003465,2025-11-02,CAMP-020,Creator Partnership Series,Influencer,Influencer Partnership,North America,Enterprise Decision Makers,Mobile,52069,2041,76,1262.39,19809.49
REC-004547,2026-01-31,CAMP-002,Brand Demand Capture,Google Ads,Brand Awareness,MENA,Small Business Owners,Desktop,8421,263,11,396.57,1059.78
REC-005595,2026-05-05,CAMP-001,Search Growth Engine,Google Ads,Always-on Acquisition,Europe,Returning Customers,Mobile,15043,498,42,787.77,5921.31
REC-001276,2025-04-21,CAMP-008,Executive Thought Leadership,LinkedIn Ads,Brand Awareness,MENA,Returning Customers,Desktop,2029,19,1,122.12,67.23
REC-005508,2026-04-28,CAMP-008,Executive Thought Leadership,LinkedIn Ads,Brand Awareness,MENA,Enterprise Decision Makers,Desktop,5026,36,2,209.86,228.93
REC-000492,2025-02-12,CAMP-024,Mobile App Acquisition,Google Ads,App Acquisition,Asia-Pacific,Students & Young Professionals,Desktop,15638,543,17,764.33,745.61
REC-004867,2026-02-28,CAMP-019,Display Retargeting Loop,Display Ads,Retargeting,Asia-Pacific,Small Business Owners,Mobile,37114,218,5,139.53,895.75
REC-000084,2025-01-08,CAMP-001,Search Growth Engine,Google Ads,Always-on Acquisition,Asia-Pacific,New Customers,Mobile,16122,685,30,1153.71,2917.67
REC-002972,2025-09-20,CAMP-008,Executive Thought Leadership,LinkedIn Ads,Brand Awareness,Europe,Students & Young Professionals,Mobile,7242,71,2,394.85,74.07
REC-005951,2026-06-05,CAMP-005,Cart Recovery Social,Meta Ads,Retargeting,Europe,Returning Customers,Desktop,13940,342,32,284.06,4553.03
REC-003270,2025-10-17,CAMP-013,Lifecycle Nurture,Email,Customer Nurture,MENA,New Customers,Desktop,7310,508,46,83.02,4510.76
REC-000809,2025-03-13,CAMP-024,Mobile App Acquisition,Google Ads,App Acquisition,North America,Small Business Owners,Tablet,12730,265,12,528.03,1249.77
REC-002974,2025-09-21,CAMP-005,Cart Recovery Social,Meta Ads,Retargeting,Asia-Pacific,New Customers,Mobile,19586,520,22,551.61,1687.6
REC-004568,2026-02-02,CAMP-008,Executive Thought Leadership,LinkedIn Ads,Brand Awareness,MENA,Small Business Owners,Mobile,6659,88,4,476.2,319.21
REC-002982,2025-09-21,CAMP-002,Brand Demand Capture,Google Ads,Brand Awareness,Europe,Returning Customers,Mobile,15412,710,27,1254.96,2530.2
REC-000063,2025-01-06,CAMP-021,Micro Creator Conversion,Influencer,Influencer Partnership,Asia-Pacific,Returning Customers,Mobile,28941,834,44,721.55,4971.17
REC-006179,2026-06-26,CAMP-005,Cart Recovery Social,Meta Ads,Retargeting,Europe,Returning Customers,Mobile,19618,616,44,563.37,4709.43
REC-003711,2025-11-22,CAMP-020,Creator Partnership Series,Influencer,Influencer Partnership,Europe,New Customers,Mobile,63181,2367,53,1616.26,5773.27
REC-001163,2025-04-11,CAMP-004,Social Scale Prospecting,Meta Ads,Prospecting,Europe,Returning Customers,Mobile,22464,376,15,469.91,2174.74
REC-001240,2025-04-18,CAMP-020,Creator Partnership Series,Influencer,Influencer Partnership,North America,Small Business Owners,Desktop,32933,1240,61,908.98,8185.19
REC-005969,2026-06-07,CAMP-009,Startup Founder Leads,LinkedIn Ads,Lead Generation,Asia-Pacific,Enterprise Decision Makers,Desktop,5558,68,9,370.97,3804.77
REC-001815,2025-06-09,CAMP-019,Display Retargeting Loop,Display Ads,Retargeting,Europe,Students & Young Professionals,Mobile,38116,349,3,220.82,211.83
REC-003112,2025-10-03,CAMP-016,Video Reach Accelerator,YouTube Ads,Brand Awareness,Europe,Small Business Owners,Desktop,15029,116,1,107.82,127.68
REC-002691,2025-08-27,CAMP-003,High Intent Retargeting,Google Ads,Retargeting,MENA,New Customers,Desktop,10916,526,53,851.22,7355.89
REC-003277,2025-10-17,CAMP-008,Executive Thought Leadership,LinkedIn Ads,Brand Awareness,Europe,Returning Customers,Mobile,6129,82,3,445.61,189.19
REC-002309,2025-07-26,CAMP-023,Enterprise Pipeline Builder,LinkedIn Ads,Lead Generation,North America,Small Business Owners,Mobile,6569,105,9,634.27,1948.44
REC-003358,2025-10-24,CAMP-019,Display Retargeting Loop,Display Ads,Retargeting,Asia-Pacific,Students & Young Professionals,Mobile,38425,293,3,180.58,273.24
REC-002879,2025-09-13,CAMP-024,Mobile App Acquisition,Google Ads,App Acquisition,Europe,Small Business Owners,Mobile,3781,159,8,323.57,573.7
REC-004222,2026-01-03,CAMP-010,Short Video Discovery,TikTok Ads,Prospecting,Asia-Pacific,Small Business Owners,Mobile,7633,139,2,132.5,271.43
REC-006074,2026-06-16,CAMP-015,Monthly Product Digest,Email,Customer Nurture,Europe,Small Business Owners,Mobile,12513,704,74,130.96,9763.94
REC-003290,2025-10-19,CAMP-018,Programmatic Market Reach,Display Ads,Brand Awareness,North America,Returning Customers,Mobile,31458,112,1,92.14,62.46
REC-000520,2025-02-14,CAMP-014,Win Back Customers,Email,Reactivation,North America,Students & Young Professionals,Mobile,10764,723,75,115.75,5220.84
REC-000094,2025-01-09,CAMP-019,Display Retargeting Loop,Display Ads,Retargeting,Asia-Pacific,New Customers,Desktop,31161,170,4,113.56,364.58
REC-005759,2026-05-19,CAMP-023,Enterprise Pipeline Builder,LinkedIn Ads,Lead Generation,Asia-Pacific,Small Business Owners,Desktop,5859,68,5,392.24,1170.4
REC-003068,2025-09-29,CAMP-005,Cart Recovery Social,Meta Ads,Retargeting,Asia-Pacific,Enterprise Decision Makers,Desktop,24225,550,40,445.3,9942.17
REC-000932,2025-03-23,CAMP-001,Search Growth Engine,Google Ads,Always-on Acquisition,Europe,Returning Customers,Tablet,13743,548,35,975.33,5083.98
REC-002448,2025-08-07,CAMP-009,Startup Founder Leads,LinkedIn Ads,Lead Generation,Europe,Enterprise Decision Makers,Mobile,5892,105,10,614.62,3841.9
REC-001890,2025-06-16,CAMP-021,Micro Creator Conversion,Influencer,Influencer Partnership,Asia-Pacific,Returning Customers,Desktop,42560,1323,65,1164.43,9480.68
REC-003532,2025-11-08,CAMP-001,Search Growth Engine,Google Ads,Always-on Acquisition,North America,Students & Young Professionals,Mobile,15000,665,25,1487.49,1587.05
REC-000214,2025-01-19,CAMP-014,Win Back Customers,Email,Reactivation,North America,New Customers,Desktop,9207,447,63,106.93,5912.62
REC-000446,2025-02-08,CAMP-024,Mobile App Acquisition,Google Ads,App Acquisition,MENA,New Customers,Mobile,5425,165,5,256.5,301.98
REC-000002,2025-01-01,CAMP-017,Product Demo Views,YouTube Ads,Product Education,Europe,Small Business Owners,Desktop,12488,95,3,87.84,410.68
REC-002575,2025-08-18,CAMP-017,Product Demo Views,YouTube Ads,Product Education,Asia-Pacific,Small Business Owners,Desktop,35275,392,12,325.05,1995.5
REC-001162,2025-04-11,CAMP-004,Social Scale Prospecting,Meta Ads,Prospecting,Europe,New Customers,Mobile,27501,690,23,772.88,2240.06
REC-005283,2026-04-08,CAMP-006,Seasonal Offer Push,Meta Ads,Seasonal Promotion,North America,New Customers,Desktop,24315,493,17,479.96,1867.62
REC-002073,2025-07-04,CAMP-024,Mobile App Acquisition,Google Ads,App Acquisition,Europe,Returning Customers,Desktop,10864,307,24,513.11,1577.98
REC-001674,2025-05-26,CAMP-007,B2B Decision Makers,LinkedIn Ads,Lead Generation,North America,Small Business Owners,Desktop,2139,28,3,201.73,473.47
REC-004642,2026-02-09,CAMP-007,B2B Decision Makers,LinkedIn Ads,Lead Generation,Latin America,New Customers,Tablet,1664,20,1,101.29,107.51
REC-004901,2026-03-03,CAMP-017,Product Demo Views,YouTube Ads,Product Education,Asia-Pacific,Enterprise Decision Makers,Desktop,27079,284,6,200.68,2105.23
REC-003424,2025-10-30,CAMP-014,Win Back Customers,Email,Reactivation,Europe,Students & Young Professionals,Mobile,16648,1444,145,199.17,12243.95
REC-001022,2025-03-31,CAMP-004,Social Scale Prospecting,Meta Ads,Prospecting,Europe,Small Business Owners,Mobile,17749,337,13,335.96,2051.05
REC-004616,2026-02-07,CAMP-018,Programmatic Market Reach,Display Ads,Brand Awareness,Europe,Returning Customers,Desktop,33983,90,1,86.24,62.49
REC-004910,2026-03-04,CAMP-018,Programmatic Market Reach,Display Ads,Brand Awareness,Europe,Students & Young Professionals,Desktop,41205,142,0,109.99,0.0
REC-001587,2025-05-18,CAMP-011,Creator Product Launch,TikTok Ads,Product Launch,Europe,Students & Young Professionals,Mobile,20406,284,4,205.3,339.31
REC-004629,2026-02-08,CAMP-017,Product Demo Views,YouTube Ads,Product Education,Europe,New Customers,Desktop,15463,182,3,160.81,254.87
REC-001059,2025-04-03,CAMP-002,Brand Demand Capture,Google Ads,Brand Awareness,Latin America,,Mobile,4130,175,4,242.46,208.89
REC-000465,2025-02-10,CAMP-015,Monthly Product Digest,Email,Customer Nurture,Europe,Students & Young Professionals,Desktop,7431,323,25,95.43,1977.3
REC-003521,2025-11-07,CAMP-020,Creator Partnership Series,Influencer,Influencer Partnership,Europe,Students & Young Professionals,Mobile,29537,839,17,672.88,1408.77
REC-005368,2026-04-15,CAMP-015,Monthly Product Digest,Email,Customer Nurture,Latin America,Small Business Owners,Mobile,5202,246,19,57.94,2646.68
REC-003931,2025-12-10,CAMP-012,Youth Engagement Sprint,TikTok Ads,Engagement,Europe,Students & Young Professionals,Desktop,27123,346,7,333.23,323.35
REC-001686,2025-05-27,CAMP-010,Short Video Discovery,TikTok Ads,Prospecting,Europe,Returning Customers,Mobile,22442,401,9,257.33,912.1
REC-000842,2025-03-16,CAMP-015,Monthly Product Digest,Email,Customer Nurture,Latin America,Students & Young Professionals,Desktop,4444,236,10,60.35,703.99
REC-004784,2026-02-21,CAMP-004,Social Scale Prospecting,Meta Ads,Prospecting,MENA,Small Business Owners,Mobile,19306,366,14,398.75,2099.57
REC-005072,2026-03-20,CAMP-013,Lifecycle Nurture,Email,Customer Nurture,MENA,Returning Customers,Desktop,13454,827,125,137.26,12805.35
REC-006073,2026-06-16,CAMP-018,Programmatic Market Reach,Display Ads,Brand Awareness,North America,Small Business Owners,Desktop,28998,80,1,89.65,65.31
REC-000630,2025-02-24,CAMP-023,Enterprise Pipeline Builder,LinkedIn Ads,Lead Generation,Asia-Pacific,Small Business Owners,Mobile,6174,90,8,529.65,1692.81
REC-006183,2026-06-26,CAMP-009,Startup Founder Leads,LinkedIn Ads,Lead Generation,Asia-Pacific,New Customers,Mobile,5044,77,3,332.29,297.07
REC-005861,2026-05-28,CAMP-002,Brand Demand Capture,Google Ads,Brand Awareness,North America,Returning Customers,Desktop,7919,222,14,419.82,1417.56
REC-000376,2025-02-03,CAMP-003,High Intent Retargeting,Google Ads,Retargeting,North America,Students & Young Professionals,Desktop,13764,905,62,1899.24,4265.38
REC-005515,2026-04-28,CAMP-001,Search Growth Engine,Google Ads,Always-on Acquisition,Europe,New Customers,Mobile,6246,312,20,486.59,1947.62
REC-000433,2025-02-07,CAMP-017,Product Demo Views,YouTube Ads,Product Education,North America,Returning Customers,Mobile,10654,137,2,166.01,210.51
REC-005747,2026-05-18,CAMP-011,Creator Product Launch,TikTok Ads,Product Launch,Asia-Pacific,Returning Customers,Desktop,10533,177,5,171.17,554.09
REC-004743,2026-02-18,CAMP-005,Cart Recovery Social,Meta Ads,Retargeting,North America,Students & Young Professionals,Desktop,26626,977,55,1234.22,3498.24
REC-005956,2026-06-06,CAMP-020,Creator Partnership Series,Influencer,Influencer Partnership,MENA,Students & Young Professionals,Mobile,26589,699,19,674.06,1438.8
REC-006178,2026-06-26,CAMP-001,Search Growth Engine,Google Ads,Always-on Acquisition,Europe,Small Business Owners,Mobile,13736,593,40,1183.67,5137.01
REC-004579,2026-02-03,CAMP-012,Youth Engagement Sprint,TikTok Ads,Engagement,MENA,Students & Young Professionals,Mobile,22351,320,4,231.37,190.85
REC-004006,2025-12-16,CAMP-014,Win Back Customers,Email,Reactivation,Europe,Small Business Owners,Mobile,7173,453,50,86.26,8020.17
REC-006209,2026-06-28,CAMP-014,Win Back Customers,Email,Reactivation,Latin America,Returning Customers,Desktop,1783,102,16,39.57,2642.09
REC-004736,2026-02-17,CAMP-003,High Intent Retargeting,Google Ads,Retargeting,MENA,Returning Customers,Mobile,13449,674,88,911.32,13874.95
REC-000931,2025-03-23,CAMP-001,Search Growth Engine,Google Ads,Always-on Acquisition,Asia-Pacific,New Customers,Desktop,11503,343,23,596.66,2429.88
REC-005630,2026-05-09,CAMP-001,Search Growth Engine,Google Ads,Always-on Acquisition,Europe,Small Business Owners,Desktop,10553,387,37,591.2,4960.42
REC-004173,2025-12-30,CAMP-023,Enterprise Pipeline Builder,LinkedIn Ads,Lead Generation,North America,Returning Customers,Mobile,2495,43,3,224.34,655.71
REC-003168,2025-10-08,CAMP-006,Seasonal Offer Push,Meta Ads,Seasonal Promotion,Asia-Pacific,New Customers,Desktop,29007,612,16,475.85,1638.46
REC-000315,2025-01-28,CAMP-012,Youth Engagement Sprint,TikTok Ads,Engagement,MENA,Students & Young Professionals,Desktop,8258,97,2,98.21,113.94
REC-001795,2025-06-07,CAMP-001,Search Growth Engine,Google Ads,Always-on Acquisition,Asia-Pacific,Small Business Owners,Mobile,9916,488,26,638.45,3075.79
REC-000544,2025-02-16,CAMP-001,Search Growth Engine,Google Ads,Always-on Acquisition,North America,Returning Customers,Mobile,5818,311,21,511.25,2836.36
REC-002212,2025-07-17,CAMP-017,Product Demo Views,YouTube Ads,Product Education,MENA,Enterprise Decision Makers,Mobile,23930,312,8,274.47,2465.36
REC-002341,2025-07-29,CAMP-007,B2B Decision Makers,LinkedIn Ads,Lead Generation,North America,New Customers,Mobile,3009,57,5,367.62,709.82
REC-005216,2026-04-02,CAMP-013,Lifecycle Nurture,Email,Customer Nurture,Latin America,New Customers,Mobile,2194,160,11,38.83,912.08
REC-004687,2026-02-13,CAMP-017,Product Demo Views,YouTube Ads,Product Education,North America,Enterprise Decision Makers,Desktop,23620,189,6,242.09,1504.47
REC-002518,2025-08-13,CAMP-009,Startup Founder Leads,LinkedIn Ads,Lead Generation,North America,Students & Young Professionals,Desktop,9913,161,10,929.03,1027.39
REC-006184,2026-06-26,CAMP-009,Startup Founder Leads,LinkedIn Ads,Lead Generation,Europe,Students & Young Professionals,Mobile,6220,72,2,326.38,190.35
REC-002970,2025-09-20,CAMP-009,Startup Founder Leads,LinkedIn Ads,Lead Generation,MENA,Enterprise Decision Makers,Desktop,7577,94,9,453.75,3798.77
REC-001877,2025-06-15,CAMP-007,B2B Decision Makers,LinkedIn Ads,Lead Generation,North America,Small Business Owners,Desktop,5765,65,8,360.1,1743.52
REC-000021,2025-01-02,CAMP-007,B2B Decision Makers,LinkedIn Ads,Lead Generation,North America,New Customers,Desktop,1589,32,2,224.98,227.47
REC-002949,2025-09-19,CAMP-002,Brand Demand Capture,Google Ads,Brand Awareness,MENA,Returning Customers,Mobile,16039,520,24,818.18,2331.56
REC-004402,2026-01-18,CAMP-016,Video Reach Accelerator,YouTube Ads,Brand Awareness,Europe,New Customers,Desktop,8225,56,1,74.25,66.43
REC-001705,2025-05-29,CAMP-010,Short Video Discovery,TikTok Ads,Prospecting,North America,Small Business Owners,Mobile,31423,613,13,629.12,1786.93
REC-002389,2025-08-02,CAMP-011,Creator Product Launch,TikTok Ads,Product Launch,Europe,Small Business Owners,Desktop,26239,444,14,402.05,1702.83
REC-001386,2025-04-30,CAMP-002,Brand Demand Capture,Google Ads,Brand Awareness,MENA,Enterprise Decision Makers,Mobile,8653,372,15,630.38,2710.6
REC-003528,2025-11-07,CAMP-022,Holiday Revenue Boost,Meta Ads,Seasonal Promotion,North America,New Customers,Desktop,27939,788,35,939.41,2841.94
REC-005649,2026-05-10,CAMP-007,B2B Decision Makers,LinkedIn Ads,Lead Generation,North America,Returning Customers,Desktop,2534,31,3,156.19,467.74
REC-005830,2026-05-25,CAMP-021,Micro Creator Conversion,Influencer,Influencer Partnership,Europe,New Customers,Mobile,49019,2028,51,1605.11,4968.53
REC-003350,2025-10-23,CAMP-013,Lifecycle Nurture,Email,Customer Nurture,Europe,Returning Customers,Mobile,13170,718,89,139.34,12314.61
REC-003135,2025-10-05,CAMP-015,Monthly Product Digest,Email,Customer Nurture,Europe,Small Business Owners,Mobile,12560,510,56,139.7,9152.18
REC-003079,2025-09-30,CAMP-001,Search Growth Engine,Google Ads,Always-on Acquisition,Europe,Students & Young Professionals,Mobile,8655,460,20,776.87,1674.57
REC-005790,2026-05-22,CAMP-013,Lifecycle Nurture,Email,Customer Nurture,Asia-Pacific,New Customers,Mobile,8674,450,38,93.99,3238.33
REC-004794,2026-02-22,CAMP-008,Executive Thought Leadership,LinkedIn Ads,Brand Awareness,Asia-Pacific,New Customers,Mobile,3559,33,1,193.74,58.35
REC-005858,2026-05-28,CAMP-007,B2B Decision Makers,LinkedIn Ads,Lead Generation,Asia-Pacific,Small Business Owners,Mobile,5131,74,7,331.85,1179.38
REC-002100,2025-07-06,CAMP-001,Search Growth Engine,Google Ads,Always-on Acquisition,Asia-Pacific,Students & Young Professionals,Tablet,5409,237,12,388.2,936.42
REC-004306,2026-01-11,CAMP-021,Micro Creator Conversion,Influencer,Influencer Partnership,MENA,Small Business Owners,Mobile,22326,997,37,714.75,5762.92
REC-004619,2026-02-07,CAMP-011,Creator Product Launch,TikTok Ads,Product Launch,MENA,Returning Customers,Desktop,23036,390,16,232.21,1707.69
REC-001098,2025-04-06,CAMP-019,Display Retargeting Loop,Display Ads,Retargeting,Asia-Pacific,Returning Customers,Mobile,36630,317,7,159.46,981.61
REC-004280,2026-01-08,CAMP-003,High Intent Retargeting,Google Ads,Retargeting,Asia-Pacific,Students & Young Professionals,Mobile,6033,434,31,782.78,2643.97
REC-000653,2025-02-26,CAMP-010,Short Video Discovery,TikTok Ads,Prospecting,Latin America,Small Business Owners,Mobile,8437,182,3,106.85,367.36
REC-006176,2026-06-26,CAMP-021,Micro Creator Conversion,Influencer,Influencer Partnership,MENA,Small Business Owners,Desktop,12875,352,15,327.18,2357.67
REC-005461,2026-04-23,CAMP-003,High Intent Retargeting,Google Ads,Retargeting,North America,New Customers,Mobile,16577,1201,105,2090.24,11148.37
REC-005997,2026-06-09,CAMP-010,Short Video Discovery,TikTok Ads,Prospecting,MENA,New Customers,Tablet,12354,166,3,118.19,322.28
REC-000270,2025-01-24,CAMP-019,Display Retargeting Loop,Display Ads,Retargeting,MENA,Small Business Owners,Mobile,26008,231,3,140.29,533.95
REC-005453,2026-04-23,CAMP-009,Startup Founder Leads,LinkedIn Ads,Lead Generation,Asia-Pacific,Small Business Owners,Desktop,9075,113,13,479.11,2078.33
REC-003777,2025-11-27,CAMP-009,Startup Founder Leads,LinkedIn Ads,Lead Generation,North America,Small Business Owners,Desktop,6790,101,8,600.48,1313.53
REC-005197,2026-03-31,CAMP-008,Executive Thought Leadership,LinkedIn Ads,Brand Awareness,Latin America,Small Business Owners,Mobile,1861,17,0,99.36,0.0
REC-005014,2026-03-14,CAMP-008,Executive Thought Leadership,LinkedIn Ads,Brand Awareness,Asia-Pacific,Students & Young Professionals,Mobile,5511,46,1,262.88,43.88
REC-002424,2025-08-05,CAMP-009,Startup Founder Leads,LinkedIn Ads,Lead Generation,MENA,Small Business Owners,Mobile,7426,94,9,466.77,1343.02
REC-003107,2025-10-02,CAMP-014,Win Back Customers,Email,Reactivation,North America,Small Business Owners,Desktop,7969,499,95,94.55,18117.66
REC-001997,2025-06-26,CAMP-010,Short Video Discovery,TikTok Ads,Prospecting,Europe,New Customers,Tablet,19465,247,4,205.03,459.85
REC-002256,2025-07-21,CAMP-012,Youth Engagement Sprint,TikTok Ads,Engagement,MENA,Students & Young Professionals,Desktop,8091,109,2,104.12,102.8
REC-000194,2025-01-17,CAMP-016,Video Reach Accelerator,YouTube Ads,Brand Awareness,North America,New Customers,Mobile,12151,97,1,112.08,64.27
REC-005059,2026-03-18,CAMP-003,High Intent Retargeting,Google Ads,Retargeting,North America,New Customers,Mobile,7068,615,50,1272.48,6903.77
REC-004492,2026-01-26,CAMP-014,Win Back Customers,Email,Reactivation,MENA,Returning Customers,Mobile,8998,712,153,107.66,26923.46
REC-004820,2026-02-24,CAMP-008,Executive Thought Leadership,LinkedIn Ads,Brand Awareness,North America,Returning Customers,Mobile,7791,85,2,620.26,139.56
REC-001465,2025-05-07,CAMP-019,Display Retargeting Loop,Display Ads,Retargeting,Europe,Small Business Owners,Desktop,45609,357,9,228.6,1445.2
REC-001178,2025-04-13,CAMP-008,Executive Thought Leadership,LinkedIn Ads,Brand Awareness,Europe,Small Business Owners,Tablet,7450,54,1,289.71,61.3
REC-000408,2025-02-05,CAMP-002,Brand Demand Capture,Google Ads,Brand Awareness,MENA,New Customers,Mobile,5712,175,5,253.28,293.03
REC-005121,2026-03-24,CAMP-008,Executive Thought Leadership,LinkedIn Ads,Brand Awareness,North America,Small Business Owners,Tablet,7207,62,1,367.72,65.73
REC-003714,2025-11-22,CAMP-005,Cart Recovery Social,Meta Ads,Retargeting,MENA,Returning Customers,Desktop,24728,972,62,849.17,7675.57
REC-003668,2025-11-19,CAMP-017,Product Demo Views,YouTube Ads,Product Education,Europe,Enterprise Decision Makers,Mobile,36422,332,6,272.16,1845.68
REC-001881,2025-06-15,CAMP-017,Product Demo Views,YouTube Ads,Product Education,North America,Students & Young Professionals,Mobile,19852,210,3,168.47,249.84
REC-001846,2025-06-12,CAMP-014,Win Back Customers,Email,Reactivation,North America,Enterprise Decision Makers,Desktop,10909,918,190,119.52,73052.54
REC-000018,2025-01-02,CAMP-016,Video Reach Accelerator,YouTube Ads,Brand Awareness,Asia-Pacific,Small Business Owners,Desktop,31272,215,4,178.15,402.6
REC-002018,2025-06-28,CAMP-007,B2B Decision Makers,LinkedIn Ads,Lead Generation,North America,Small Business Owners,Mobile,7551,104,10,523.75,1569.22
REC-001197,2025-04-14,CAMP-024,Mobile App Acquisition,Google Ads,App Acquisition,Europe,Small Business Owners,Mobile,10900,438,16,695.39,1186.57
REC-000346,2025-01-31,CAMP-021,Micro Creator Conversion,Influencer,Influencer Partnership,North America,Enterprise Decision Makers,Mobile,31837,987,49,1002.12,15228.23
REC-000806,2025-03-12,CAMP-004,Social Scale Prospecting,Meta Ads,Prospecting,North America,New Customers,Mobile,20058,463,13,457.91,1310.2
REC-003645,2025-11-17,CAMP-008,Executive Thought Leadership,LinkedIn Ads,Brand Awareness,Asia-Pacific,New Customers,Desktop,5120,38,1,245.17,59.46
REC-006172,2026-06-25,CAMP-007,B2B Decision Makers,LinkedIn Ads,Lead Generation,Asia-Pacific,New Customers,Mobile,4050,78,4,446.83,413.17
REC-002137,2025-07-10,CAMP-002,Brand Demand Capture,Google Ads,Brand Awareness,North America,Returning Customers,Mobile,12350,437,23,691.83,2261.03
REC-002886,2025-09-14,CAMP-004,Social Scale Prospecting,Meta Ads,Prospecting,Latin America,Students & Young Professionals,Desktop,18035,285,11,214.79,694.1
REC-005815,2026-05-24,CAMP-008,Executive Thought Leadership,LinkedIn Ads,Brand Awareness,North America,Returning Customers,Tablet,6780,52,2,340.18,109.8
REC-001838,2025-06-11,CAMP-016,Video Reach Accelerator,YouTube Ads,Brand Awareness,North America,Enterprise Decision Makers,Mobile,25241,185,2,153.11,417.29
REC-004682,2026-02-12,CAMP-015,Monthly Product Digest,Email,Customer Nurture,Asia-Pacific,Returning Customers,Desktop,5926,310,35,67.55,3848.98
REC-005675,2026-05-13,CAMP-001,Search Growth Engine,Google Ads,Always-on Acquisition,MENA,New Customers,Mobile,13497,714,34,966.92,2827.86
REC-003919,2025-12-09,CAMP-020,Creator Partnership Series,Influencer,Influencer Partnership,North America,Returning Customers,Mobile,37956,1362,54,987.66,5342.35
REC-002880,2025-09-13,CAMP-014,Win Back Customers,Email,Reactivation,MENA,Small Business Owners,Desktop,11402,552,91,126.43,13045.53
REC-003264,2025-10-16,CAMP-009,Startup Founder Leads,LinkedIn Ads,Lead Generation,Europe,Returning Customers,Mobile,3327,49,5,257.62,694.71
REC-000997,2025-03-29,CAMP-021,Micro Creator Conversion,Influencer,Influencer Partnership,MENA,Returning Customers,Desktop,51407,1931,106,1234.42,10698.16
REC-000590,2025-02-20,CAMP-007,B2B Decision Makers,LinkedIn Ads,Lead Generation,Asia-Pacific,New Customers,Desktop,4145,51,5,262.66,623.32
REC-003623,2025-11-15,CAMP-020,Creator Partnership Series,Influencer,Influencer Partnership,North America,New Customers,Mobile,55625,2027,58,1734.29,4697.03
REC-002102,2025-07-07,CAMP-018,Programmatic Market Reach,Display Ads,Brand Awareness,North America,Small Business Owners,Desktop,36838,114,0,118.75,0.0
REC-002769,2025-09-03,CAMP-009,Startup Founder Leads,LinkedIn Ads,Lead Generation,North America,New Customers,Mobile,7333,140,12,822.97,1465.19
REC-002623,2025-08-21,CAMP-010,Short Video Discovery,TikTok Ads,Prospecting,North America,Students & Young Professionals,Desktop,34682,401,7,326.61,525.22
REC-004117,2025-12-25,CAMP-021,Micro Creator Conversion,Influencer,Influencer Partnership,Asia-Pacific,New Customers,Mobile,60009,1765,53,1513.95,4476.17
REC-001216,2025-04-16,CAMP-023,Enterprise Pipeline Builder,LinkedIn Ads,Lead Generation,North America,Small Business Owners,Mobile,1592,34,3,217.98,743.88
REC-001535,2025-05-13,CAMP-021,Micro Creator Conversion,Influencer,Influencer Partnership,Asia-Pacific,New Customers,Desktop,39835,1024,37,792.91,3577.39
REC-002171,2025-07-13,CAMP-001,Search Growth Engine,Google Ads,Always-on Acquisition,North America,Students & Young Professionals,Mobile,11745,544,16,1117.77,919.46
REC-006120,2026-06-20,CAMP-007,B2B Decision Makers,LinkedIn Ads,Lead Generation,North America,Returning Customers,Mobile,3323,67,6,380.84,1027.38
REC-001110,2025-04-07,CAMP-014,Win Back Customers,Email,Reactivation,Europe,Returning Customers,Desktop,3195,227,41,59.1,6866.18
REC-002537,2025-08-14,CAMP-007,B2B Decision Makers,LinkedIn Ads,Lead Generation,North America,New Customers,Desktop,8017,104,8,733.53,1121.76
REC-003702,2025-11-21,CAMP-015,Monthly Product Digest,Email,Customer Nurture,Europe,Students & Young Professionals,Mobile,17034,861,45,169.55,3619.58
REC-005626,2026-05-08,CAMP-023,Enterprise Pipeline Builder,LinkedIn Ads,Lead Generation,Latin America,Returning Customers,Desktop,9223,170,27,669.83,5855.66
REC-005500,2026-04-27,CAMP-004,Social Scale Prospecting,Meta Ads,Prospecting,Latin America,Students & Young Professionals,Mobile,21901,446,14,297.45,958.76
REC-000595,2025-02-20,CAMP-010,Short Video Discovery,TikTok Ads,Prospecting,Europe,Returning Customers,Mobile,33790,477,13,420.16,1859.95
REC-001135,2025-04-09,CAMP-004,Social Scale Prospecting,Meta Ads,Prospecting,Asia-Pacific,Enterprise Decision Makers,Mobile,17727,433,17,432.94,5509.19
REC-001800,2025-06-07,CAMP-005,Cart Recovery Social,Meta Ads,Retargeting,Europe,New Customers,Tablet,10692,310,14,355.39,1488.6
REC-001575,2025-05-17,CAMP-020,Creator Partnership Series,Influencer,Influencer Partnership,Europe,Returning Customers,Desktop,57181,1581,86,1826.7,12621.43
REC-003506,2025-11-05,CAMP-013,Lifecycle Nurture,Email,Customer Nurture,Latin America,Small Business Owners,Desktop,15109,984,103,164.81,12022.03
REC-000897,2025-03-20,CAMP-005,Cart Recovery Social,Meta Ads,Retargeting,North America,Returning Customers,Tablet,8178,164,14,203.46,1999.86
REC-001782,2025-06-06,CAMP-021,Micro Creator Conversion,Influencer,Influencer Partnership,North America,Returning Customers,Mobile,44472,1269,59,956.53,5724.03
REC-000429,2025-02-07,CAMP-018,Programmatic Market Reach,Display Ads,Brand Awareness,Asia-Pacific,New Customers,Mobile,15364,44,0,47.76,0.0
REC-005023,2026-03-15,CAMP-017,Product Demo Views,YouTube Ads,Product Education,Latin America,Enterprise Decision Makers,Mobile,39640,368,6,220.01,1764.03
REC-005393,2026-04-18,CAMP-001,Search Growth Engine,Google Ads,Always-on Acquisition,North America,Students & Young Professionals,Desktop,8289,371,15,634.51,1076.52
REC-001579,2025-05-17,CAMP-003,High Intent Retargeting,Google Ads,Retargeting,Asia-Pacific,Small Business Owners,Mobile,5228,409,38,736.03,7343.16
REC-005935,2026-06-03,CAMP-005,Cart Recovery Social,Meta Ads,Retargeting,North America,Enterprise Decision Makers,Desktop,5425,143,12,161.1,3046.3
REC-005413,2026-04-19,CAMP-009,Startup Founder Leads,LinkedIn Ads,Lead Generation,North America,Small Business Owners,Mobile,6252,76,6,383.58,1115.96
REC-004330,2026-01-13,CAMP-019,Display Retargeting Loop,Display Ads,Retargeting,Europe,Small Business Owners,Mobile,16872,155,3,118.14,540.49
REC-004869,2026-02-28,CAMP-005,Cart Recovery Social,Meta Ads,Retargeting,MENA,New Customers,Mobile,16073,544,24,497.43,1932.08
REC-001277,2025-04-21,CAMP-005,Cart Recovery Social,Meta Ads,Retargeting,Europe,Students & Young Professionals,Mobile,15451,584,27,707.81,2046.84
REC-003029,2025-09-25,CAMP-023,Enterprise Pipeline Builder,LinkedIn Ads,Lead Generation,MENA,Small Business Owners,Desktop,1931,30,4,136.3,953.33
REC-001799,2025-06-07,CAMP-018,Programmatic Market Reach,Display Ads,Brand Awareness,MENA,Returning Customers,Tablet,27884,92,1,68.76,79.88
REC-003743,2025-11-24,CAMP-016,Video Reach Accelerator,YouTube Ads,Brand Awareness,Asia-Pacific,Returning Customers,Mobile,17921,163,2,150.31,216.32
REC-000206,2025-01-18,CAMP-007,B2B Decision Makers,LinkedIn Ads,Lead Generation,Asia-Pacific,Small Business Owners,Mobile,7101,124,10,544.2,2074.77
REC-004184,2025-12-31,CAMP-005,Cart Recovery Social,Meta Ads,Retargeting,Asia-Pacific,Students & Young Professionals,Desktop,33987,780,42,842.39,2372.55
REC-003256,2025-10-16,CAMP-018,Programmatic Market Reach,Display Ads,Brand Awareness,Latin America,Students & Young Professionals,Desktop,35697,89,0,78.84,0.0
REC-005223,2026-04-03,CAMP-021,Micro Creator Conversion,Influencer,Influencer Partnership,North America,New Customers,Tablet,54556,1291,38,973.96,3777.81
REC-002894,2025-09-14,CAMP-014,Win Back Customers,Email,Reactivation,North America,Small Business Owners,Desktop,1892,92,15,28.87,2707.41
REC-000830,2025-03-14,CAMP-012,Youth Engagement Sprint,TikTok Ads,Engagement,MENA,New Customers,Mobile,21156,321,6,266.19,338.88
REC-003289,2025-10-18,CAMP-005,Cart Recovery Social,Meta Ads,Retargeting,North America,New Customers,Mobile,20359,829,31,764.98,2748.28
REC-001533,2025-05-13,CAMP-009,Startup Founder Leads,LinkedIn Ads,Lead Generation,Latin America,Returning Customers,Mobile,8419,151,14,653.4,1991.06
REC-002727,2025-08-30,CAMP-013,Lifecycle Nurture,Email,Customer Nurture,Asia-Pacific,Returning Customers,Tablet,8053,358,55,96.55,7615.83
REC-004575,2026-02-03,CAMP-008,Executive Thought Leadership,LinkedIn Ads,Brand Awareness,Asia-Pacific,New Customers,Mobile,7510,75,1,419.93,51.23
REC-002084,2025-07-05,CAMP-019,Display Retargeting Loop,Display Ads,Retargeting,Europe,New Customers,Mobile,22218,156,2,95.61,244.82
REC-000498,2025-02-12,CAMP-014,Win Back Customers,Email,Reactivation,Latin America,Returning Customers,Mobile,11546,834,185,142.66,30197.13
REC-001263,2025-04-20,CAMP-007,B2B Decision Makers,LinkedIn Ads,Lead Generation,North America,New Customers,Mobile,6974,151,6,1005.09,849.01
REC-003083,2025-09-30,CAMP-023,Enterprise Pipeline Builder,LinkedIn Ads,Lead Generation,MENA,Returning Customers,Desktop,5109,66,7,308.98,1250.55
REC-002325,2025-07-27,CAMP-004,Social Scale Prospecting,Meta Ads,Prospecting,MENA,Students & Young Professionals,Desktop,19147,301,10,334.46,831.82
REC-003995,2025-12-15,CAMP-016,Video Reach Accelerator,YouTube Ads,Brand Awareness,Latin America,Small Business Owners,Desktop,37380,331,5,200.3,565.2
REC-004903,2026-03-04,CAMP-001,Search Growth Engine,Google Ads,Always-on Acquisition,Europe,New Customers,Mobile,18884,1014,38,1895.48,3095.96
REC-004286,2026-01-09,CAMP-017,Product Demo Views,YouTube Ads,Product Education,North America,Students & Young Professionals,Mobile,12981,165,1,144.76,73.47
REC-002203,2025-07-16,CAMP-007,B2B Decision Makers,LinkedIn Ads,Lead Generation,North America,New Customers,Mobile,6973,134,12,971.74,1706.03
REC-003032,2025-09-26,CAMP-002,Brand Demand Capture,Google Ads,Brand Awareness,Europe,Returning Customers,Desktop,7874,285,19,448.89,1906.78
REC-005169,2026-03-29,CAMP-020,Creator Partnership Series,Influencer,Influencer Partnership,MENA,Enterprise Decision Makers,Tablet,23634,636,19,743.46,4439.41
REC-001350,2025-04-27,CAMP-016,Video Reach Accelerator,YouTube Ads,Brand Awareness,Latin America,New Customers,Mobile,6839,65,0,70.12,0.0
REC-004742,2026-02-18,CAMP-018,Programmatic Market Reach,Display Ads,Brand Awareness,North America,Enterprise Decision Makers,Mobile,14057,47,0,68.32,0.0
REC-002186,2025-07-15,CAMP-015,Monthly Product Digest,Email,Customer Nurture,North America,New Customers,Desktop,10125,508,56,119.69,6032.4
REC-000973,2025-03-27,CAMP-017,Product Demo Views,YouTube Ads,Product Education,North America,Small Business Owners,Mobile,17441,227,6,230.68,826.61
REC-000281,2025-01-25,CAMP-018,Programmatic Market Reach,Display Ads,Brand Awareness,Latin America,Students & Young Professionals,Desktop,33844,115,1,94.0,41.98
REC-000260,2025-01-24,CAMP-001,Search Growth Engine,Google Ads,Always-on Acquisition,North America,New Customers,Desktop,7878,234,18,480.14,1566.39
REC-003603,2025-11-14,CAMP-006,Seasonal Offer Push,Meta Ads,Seasonal Promotion,Europe,Small Business Owners,Mobile,23663,507,18,432.99,2726.91
REC-005712,2026-05-15,CAMP-011,Creator Product Launch,TikTok Ads,Product Launch,Asia-Pacific,New Customers,Mobile,33001,822,22,569.81,1855.6
REC-000730,2025-03-05,CAMP-012,Youth Engagement Sprint,TikTok Ads,Engagement,Asia-Pacific,Returning Customers,Desktop,24976,377,12,344.64,1027.13
REC-001704,2025-05-29,CAMP-003,High Intent Retargeting,Google Ads,Retargeting,MENA,Enterprise Decision Makers,Mobile,14154,910,59,1120.19,22436.79
REC-002462,2025-08-08,CAMP-001,Search Growth Engine,Google Ads,Always-on Acquisition,Asia-Pacific,Returning Customers,Mobile,7447,390,32,668.85,4596.86
REC-000543,2025-02-16,CAMP-004,Social Scale Prospecting,Meta Ads,Prospecting,MENA,Returning Customers,Mobile,11469,325,13,307.86,1703.2
REC-004198,2026-01-01,CAMP-004,Social Scale Prospecting,Meta Ads,Prospecting,Latin America,New Customers,Desktop,12985,192,5,137.54,470.32
REC-002024,2025-06-29,CAMP-008,Executive Thought Leadership,LinkedIn Ads,Brand Awareness,Europe,Returning Customers,Desktop,2419,25,1,177.92,53.24
REC-002339,2025-07-29,CAMP-018,Programmatic Market Reach,Display Ads,Brand Awareness,Latin America,New Customers,Mobile,28417,100,0,52.96,0.0
REC-004833,2026-02-25,CAMP-019,Display Retargeting Loop,Display Ads,Retargeting,MENA,Returning Customers,Mobile,27226,285,7,135.85,826.03
REC-004879,2026-03-02,CAMP-024,Mobile App Acquisition,Google Ads,App Acquisition,MENA,Students & Young Professionals,Mobile,8636,406,13,717.24,519.01
REC-002209,2025-07-17,CAMP-007,B2B Decision Makers,LinkedIn Ads,Lead Generation,Asia-Pacific,Enterprise Decision Makers,Mobile,5417,69,7,376.86,2528.41
REC-000142,2025-01-13,CAMP-014,Win Back Customers,Email,Reactivation,North America,Students & Young Professionals,Desktop,2046,104,16,47.41,1391.26
REC-006143,2026-06-23,CAMP-016,Video Reach Accelerator,YouTube Ads,Brand Awareness,Asia-Pacific,New Customers,Desktop,16084,116,1,107.57,65.46
REC-001698,2025-05-29,CAMP-008,Executive Thought Leadership,LinkedIn Ads,Brand Awareness,Asia-Pacific,New Customers,Mobile,1341,14,0,79.26,0.0
REC-003961,2025-12-13,CAMP-024,Mobile App Acquisition,Google Ads,App Acquisition,North America,Students & Young Professionals,Mobile,7771,382,13,612.49,665.97
REC-003416,2025-10-29,CAMP-016,Video Reach Accelerator,YouTube Ads,Brand Awareness,Europe,Enterprise Decision Makers,Desktop,33886,253,6,201.89,1187.87
REC-000243,2025-01-22,CAMP-009,Startup Founder Leads,LinkedIn Ads,Lead Generation,North America,New Customers,Mobile,4020,48,3,259.7,355.61
REC-000777,2025-03-10,CAMP-003,High Intent Retargeting,Google Ads,Retargeting,North America,New Customers,Mobile,9228,528,42,950.32,4441.92
REC-000985,2025-03-28,CAMP-005,Cart Recovery Social,Meta Ads,Retargeting,MENA,Returning Customers,Mobile,22337,932,43,799.02,5483.89
REC-004889,2026-03-02,CAMP-003,High Intent Retargeting,Google Ads,Retargeting,Europe,Returning Customers,Mobile,13017,795,79,1471.73,11906.83
REC-004551,2026-02-01,CAMP-005,Cart Recovery Social,Meta Ads,Retargeting,Europe,Enterprise Decision Makers,Mobile,23302,723,40,632.97,9709.29
REC-002754,2025-09-02,CAMP-021,Micro Creator Conversion,Influencer,Influencer Partnership,Europe,Small Business Owners,Mobile,35128,1384,48,1207.35,7615.01
REC-003815,2025-11-30,CAMP-014,Win Back Customers,Email,Reactivation,Europe,New Customers,Mobile,8985,552,67,100.84,8990.26
REC-005597,2026-05-06,CAMP-018,Programmatic Market Reach,Display Ads,Brand Awareness,North America,Enterprise Decision Makers,Mobile,36353,114,1,112.04,183.95
REC-002025,2025-06-29,CAMP-001,Search Growth Engine,Google Ads,Always-on Acquisition,Asia-Pacific,New Customers,Desktop,12709,671,27,1148.51,2697.03
REC-001639,2025-05-23,CAMP-011,Creator Product Launch,TikTok Ads,Product Launch,Latin America,New Customers,Tablet,24934,433,7,217.27,694.8
REC-003802,2025-11-29,CAMP-012,Youth Engagement Sprint,TikTok Ads,Engagement,MENA,Enterprise Decision Makers,Mobile,26323,442,8,384.7,1545.81
REC-001710,2025-05-29,CAMP-007,B2B Decision Makers,LinkedIn Ads,Lead Generation,MENA,Returning Customers,Mobile,3290,57,6,224.53,952.31
REC-001189,2025-04-14,CAMP-018,Programmatic Market Reach,Display Ads,Brand Awareness,Asia-Pacific,New Customers,Desktop,25202,74,1,66.46,60.67
REC-002501,2025-08-11,CAMP-012,Youth Engagement Sprint,TikTok Ads,Engagement,MENA,New Customers,Desktop,32148,366,6,302.83,415.49
REC-002267,2025-07-22,CAMP-008,Executive Thought Leadership,LinkedIn Ads,Brand Awareness,Europe,Returning Customers,Desktop,1832,16,1,100.16,57.21
REC-005089,2026-03-21,CAMP-001,Search Growth Engine,Google Ads,Always-on Acquisition,Latin America,Enterprise Decision Makers,Mobile,8309,345,23,486.64,6719.87
REC-003007,2025-09-23,CAMP-015,Monthly Product Digest,Email,Customer Nurture,MENA,New Customers,Mobile,12890,552,39,135.75,4215.35
REC-000612,2025-02-22,CAMP-008,Executive Thought Leadership,LinkedIn Ads,Brand Awareness,North America,Small Business Owners,Mobile,6120,67,3,458.25,245.8
REC-002344,2025-07-29,CAMP-013,Lifecycle Nurture,Email,Customer Nurture,North America,Students & Young Professionals,Mobile,5657,483,23,79.51,1814.92
REC-000066,2025-01-06,CAMP-005,Cart Recovery Social,Meta Ads,Retargeting,North America,New Customers,Desktop,16613,531,43,625.02,4181.23
REC-006203,2026-06-28,CAMP-019,Display Retargeting Loop,Display Ads,Retargeting,MENA,Students & Young Professionals,Mobile,13944,136,1,86.24,88.03
REC-000082,2025-01-08,CAMP-007,B2B Decision Makers,LinkedIn Ads,Lead Generation,North America,Enterprise Decision Makers,Desktop,1880,23,3,127.77,890.56
REC-004587,2026-02-04,CAMP-023,Enterprise Pipeline Builder,LinkedIn Ads,Lead Generation,Europe,New Customers,Mobile,1099,18,2,103.36,259.09
REC-001582,2025-05-18,CAMP-010,Short Video Discovery,TikTok Ads,Prospecting,MENA,Students & Young Professionals,Mobile,11409,191,3,152.29,196.46
REC-005964,2026-06-06,CAMP-012,Youth Engagement Sprint,TikTok Ads,Engagement,MENA,Students & Young Professionals,Mobile,7679,120,2,108.67,104.55
REC-004704,2026-02-14,CAMP-013,Lifecycle Nurture,Email,Customer Nurture,Europe,Returning Customers,Mobile,3001,248,26,39.7,2968.65
REC-001724,2025-05-31,CAMP-008,Executive Thought Leadership,LinkedIn Ads,Brand Awareness,Asia-Pacific,Small Business Owners,Desktop,7471,55,2,348.24,132.2
REC-001037,2025-04-01,CAMP-009,Startup Founder Leads,LinkedIn Ads,Lead Generation,North America,Students & Young Professionals,Desktop,2747,26,1,170.89,99.46
REC-001361,2025-04-28,CAMP-024,Mobile App Acquisition,Google Ads,App Acquisition,North America,Small Business Owners,Mobile,4706,227,8,503.78,819.51
REC-002342,2025-07-29,CAMP-003,High Intent Retargeting,Google Ads,Retargeting,North America,New Customers,Desktop,9025,365,46,788.96,4745.82
REC-000013,2025-01-01,CAMP-021,Micro Creator Conversion,Influencer,Influencer Partnership,Europe,New Customers,Mobile,39519,1700,38,1262.01,3504.37
REC-000981,2025-03-27,CAMP-010,Short Video Discovery,TikTok Ads,Prospecting,Asia-Pacific,Small Business Owners,Mobile,25662,304,5,253.51,564.58
REC-003691,2025-11-20,CAMP-013,Lifecycle Nurture,Email,Customer Nurture,North America,New Customers,Desktop,4289,177,17,50.57,1374.03
REC-001083,2025-04-05,CAMP-020,Creator Partnership Series,Influencer,Influencer Partnership,Latin America,New Customers,Mobile,50825,1804,58,1002.72,4720.3
REC-003898,2025-12-08,CAMP-003,High Intent Retargeting,Google Ads,Retargeting,Europe,Small Business Owners,Desktop,9156,639,62,1138.01,11429.44
REC-001143,2025-04-10,CAMP-017,Product Demo Views,YouTube Ads,Product Education,Europe,Returning Customers,Mobile,25956,286,7,225.76,835.43
REC-004275,2026-01-08,CAMP-018,Programmatic Market Reach,Display Ads,Brand Awareness,Asia-Pacific,Returning Customers,Mobile,24836,93,1,96.75,71.75
REC-001196,2025-04-14,CAMP-024,Mobile App Acquisition,Google Ads,App Acquisition,MENA,New Customers,Mobile,4339,151,6,250.0,331.02
REC-001367,2025-04-28,CAMP-002,Brand Demand Capture,Google Ads,Brand Awareness,North America,New Customers,Desktop,7773,304,10,541.64,554.82
REC-000019,2025-01-02,CAMP-016,Video Reach Accelerator,YouTube Ads,Brand Awareness,Europe,Students & Young Professionals,Tablet,8416,47,1,65.66,43.78
REC-004839,2026-02-26,CAMP-013,Lifecycle Nurture,Email,Customer Nurture,Europe,New Customers,Desktop,3665,217,23,45.32,2439.69
REC-002060,2025-07-03,CAMP-004,Social Scale Prospecting,Meta Ads,Prospecting,Asia-Pacific,Students & Young Professionals,Mobile,21209,359,8,374.15,574.11
REC-005382,2026-04-17,CAMP-023,Enterprise Pipeline Builder,LinkedIn Ads,Lead Generation,Asia-Pacific,Students & Young Professionals,Mobile,5391,85,5,362.76,644.07
REC-001351,2025-04-27,CAMP-016,Video Reach Accelerator,YouTube Ads,Brand Awareness,MENA,New Customers,Tablet,12137,72,1,84.1,68.88
REC-004199,2026-01-01,CAMP-004,Social Scale Prospecting,Meta Ads,Prospecting,MENA,New Customers,Mobile,24750,478,16,366.51,1565.28
REC-004572,2026-02-02,CAMP-024,Mobile App Acquisition,Google Ads,App Acquisition,North America,Enterprise Decision Makers,Desktop,14526,512,36,1008.85,7297.75
REC-005644,2026-05-10,CAMP-023,Enterprise Pipeline Builder,LinkedIn Ads,Lead Generation,Latin America,Returning Customers,Mobile,2633,45,6,226.66,975.28
REC-005173,2026-03-29,CAMP-007,B2B Decision Makers,LinkedIn Ads,Lead Generation,MENA,Students & Young Professionals,Mobile,2123,30,2,136.08,197.62
REC-000518,2025-02-14,CAMP-007,B2B Decision Makers,LinkedIn Ads,Lead Generation,Asia-Pacific,New Customers,Mobile,5309,81,5,382.76,632.18
REC-005959,2026-06-06,CAMP-021,Micro Creator Conversion,Influencer,Influencer Partnership,North America,Students & Young Professionals,Mobile,55198,1616,48,1727.83,3930.72
REC-005226,2026-04-03,CAMP-013,Lifecycle Nurture,Email,Customer Nurture,Europe,New Customers,Mobile,12406,1068,85,140.24,7388.06
REC-001012,2025-03-30,CAMP-006,Seasonal Offer Push,Meta Ads,Seasonal Promotion,North America,New Customers,Desktop,20261,380,12,501.04,1029.67
REC-005414,2026-04-19,CAMP-021,Micro Creator Conversion,Influencer,Influencer Partnership,Asia-Pacific,New Customers,Mobile,42838,1858,48,1066.44,4805.2
REC-003131,2025-10-05,CAMP-021,Micro Creator Conversion,Influencer,Influencer Partnership,MENA,New Customers,Mobile,40255,1356,32,816.81,3333.6
REC-005194,2026-03-31,CAMP-015,Monthly Product Digest,Email,Customer Nurture,MENA,Enterprise Decision Makers,Desktop,6308,225,36,84.55,9700.13
REC-004576,2026-02-03,CAMP-007,B2B Decision Makers,LinkedIn Ads,Lead Generation,Asia-Pacific,Returning Customers,Desktop,7735,86,13,410.81,2070.09
REC-001634,2025-05-23,CAMP-021,Micro Creator Conversion,Influencer,Influencer Partnership,Asia-Pacific,Students & Young Professionals,Mobile,12255,322,9,304.59,582.63
REC-001453,2025-05-06,CAMP-009,Startup Founder Leads,LinkedIn Ads,Lead Generation,Europe,New Customers,Tablet,4551,59,4,345.02,591.32
REC-003982,2025-12-14,CAMP-014,Win Back Customers,Email,Reactivation,North America,Small Business Owners,Desktop,11700,739,143,139.6,22490.88
REC-003244,2025-10-14,CAMP-005,Cart Recovery Social,Meta Ads,Retargeting,MENA,Students & Young Professionals,Mobile,12488,306,12,266.08,721.06
REC-004872,2026-03-01,CAMP-016,Video Reach Accelerator,YouTube Ads,Brand Awareness,Asia-Pacific,New Customers,Mobile,29596,255,3,224.66,248.41
REC-006096,2026-06-18,CAMP-012,Youth Engagement Sprint,TikTok Ads,Engagement,MENA,Students & Young Professionals,Mobile,30766,303,4,248.32,185.62
REC-003742,2025-11-24,CAMP-009,Startup Founder Leads,LinkedIn Ads,Lead Generation,MENA,New Customers,Desktop,8620,97,6,509.27,820.23
REC-002806,2025-09-07,CAMP-017,Product Demo Views,YouTube Ads,Product Education,North America,Enterprise Decision Makers,Mobile,16708,237,3,235.76,857.88
REC-000100,2025-01-09,CAMP-008,Executive Thought Leadership,LinkedIn Ads,Brand Awareness,Latin America,Students & Young Professionals,Mobile,4678,61,2,316.0,78.31
REC-005990,2026-06-09,CAMP-013,Lifecycle Nurture,Email,Customer Nurture,North America,New Customers,Desktop,11191,592,60,117.94,5099.36
REC-001469,2025-05-07,CAMP-008,Executive Thought Leadership,LinkedIn Ads,Brand Awareness,Asia-Pacific,Students & Young Professionals,Mobile,2331,23,1,116.37,33.06
REC-000205,2025-01-18,CAMP-007,B2B Decision Makers,LinkedIn Ads,Lead Generation,Europe,Enterprise Decision Makers,Desktop,6912,98,13,461.39,5113.53
REC-005442,2026-04-22,CAMP-016,Video Reach Accelerator,YouTube Ads,Brand Awareness,Europe,Small Business Owners,Desktop,27097,167,3,158.23,373.88
REC-000065,2025-01-06,CAMP-010,Short Video Discovery,TikTok Ads,Prospecting,North America,Returning Customers,Desktop,22881,380,10,264.74,1248.14
REC-005102,2026-03-22,CAMP-015,Monthly Product Digest,Email,Customer Nurture,Europe,Students & Young Professionals,Mobile,6253,261,17,68.53,1444.53
REC-002355,2025-07-30,CAMP-012,Youth Engagement Sprint,TikTok Ads,Engagement,Asia-Pacific,Returning Customers,Mobile,22856,320,8,311.74,595.03
REC-006023,2026-06-12,CAMP-018,Programmatic Market Reach,Display Ads,Brand Awareness,Asia-Pacific,New Customers,Mobile,18847,57,1,66.79,55.03
REC-001975,2025-06-24,CAMP-013,Lifecycle Nurture,Email,Customer Nurture,MENA,New Customers,Desktop,6255,317,30,69.83,3390.17
REC-004200,2026-01-01,CAMP-003,High Intent Retargeting,Google Ads,Retargeting,MENA,Students & Young Professionals,Mobile,4062,204,10,295.33,1012.86
REC-004381,2026-01-17,CAMP-014,Win Back Customers,Email,Reactivation,Latin America,Students & Young Professionals,Desktop,14304,1150,135,166.84,12965.46
REC-002372,2025-07-31,CAMP-008,Executive Thought Leadership,LinkedIn Ads,Brand Awareness,North America,New Customers,Mobile,5751,61,2,494.68,81.21
REC-001002,2025-03-29,CAMP-010,Short Video Discovery,TikTok Ads,Prospecting,MENA,Returning Customers,Tablet,15218,230,5,147.26,556.66
REC-002752,2025-09-02,CAMP-020,Creator Partnership Series,Influencer,Influencer Partnership,MENA,Returning Customers,Mobile,15830,623,29,474.75,3153.23
REC-003553,2025-11-09,CAMP-003,High Intent Retargeting,Google Ads,Retargeting,Europe,Enterprise Decision Makers,Mobile,21379,1407,112,2414.24,41063.56
REC-003980,2025-12-14,CAMP-005,Cart Recovery Social,Meta Ads,Retargeting,MENA,Students & Young Professionals,Mobile,14603,483,16,466.23,1283.21
REC-004422,2026-01-20,CAMP-005,Cart Recovery Social,Meta Ads,Retargeting,Asia-Pacific,Small Business Owners,Desktop,11212,423,40,458.74,5411.3
REC-002310,2025-07-26,CAMP-010,Short Video Discovery,TikTok Ads,Prospecting,Europe,Small Business Owners,Mobile,19488,369,7,305.66,811.37
REC-006041,2026-06-13,CAMP-014,Win Back Customers,Email,Reactivation,Latin America,Enterprise Decision Makers,Mobile,12155,652,96,126.71,38131.56
REC-000057,2025-01-05,CAMP-005,Cart Recovery Social,Meta Ads,Retargeting,Asia-Pacific,Enterprise Decision Makers,Mobile,15862,473,27,456.38,7122.15
REC-003526,2025-11-07,CAMP-018,Programmatic Market Reach,Display Ads,Brand Awareness,MENA,Returning Customers,Tablet,20044,58,1,41.22,72.34
REC-002824,2025-09-09,CAMP-019,Display Retargeting Loop,Display Ads,Retargeting,North America,Returning Customers,Desktop,16580,157,4,133.35,435.24
REC-003723,2025-11-23,CAMP-010,Short Video Discovery,TikTok Ads,Prospecting,Europe,Students & Young Professionals,Desktop,13700,200,5,196.28,416.42
REC-003153,2025-10-07,CAMP-010,Short Video Discovery,TikTok Ads,Prospecting,North America,Returning Customers,Mobile,22319,334,9,293.86,1269.87
REC-002398,2025-08-03,CAMP-013,Lifecycle Nurture,Email,Customer Nurture,North America,New Customers,Mobile,10524,602,61,112.45,4821.24
REC-003905,2025-12-08,CAMP-006,Seasonal Offer Push,Meta Ads,Seasonal Promotion,Europe,Students & Young Professionals,Desktop,15678,252,8,291.78,586.74
REC-004738,2026-02-17,CAMP-017,Product Demo Views,YouTube Ads,Product Education,North America,Returning Customers,Desktop,14490,153,4,142.28,565.94
REC-000561,2025-02-18,CAMP-017,Product Demo Views,YouTube Ads,Product Education,Europe,Students & Young Professionals,Tablet,39961,309,3,252.09,221.46
REC-000883,2025-03-19,CAMP-018,Programmatic Market Reach,Display Ads,Brand Awareness,MENA,Enterprise Decision Makers,Mobile,47635,179,1,129.68,166.55
REC-005839,2026-05-26,CAMP-004,Social Scale Prospecting,Meta Ads,Prospecting,Latin America,Enterprise Decision Makers,Mobile,28288,632,22,461.57,4944.05
REC-004361,2026-01-16,CAMP-012,Youth Engagement Sprint,TikTok Ads,Engagement,North America,Enterprise Decision Makers,Mobile,22374,309,7,329.36,1405.0
REC-005848,2026-05-27,CAMP-003,High Intent Retargeting,Google Ads,Retargeting,North America,New Customers,Desktop,17837,710,62,1217.1,8603.34
REC-000983,2025-03-28,CAMP-013,Lifecycle Nurture,Email,Customer Nurture,Europe,Small Business Owners,Desktop,7451,480,63,87.93,9387.71
REC-003803,2025-11-29,CAMP-019,Display Retargeting Loop,Display Ads,Retargeting,Latin America,Students & Young Professionals,Desktop,14973,111,3,53.11,239.49
REC-003917,2025-12-09,CAMP-023,Enterprise Pipeline Builder,LinkedIn Ads,Lead Generation,North America,New Customers,Mobile,7073,123,11,730.85,1515.08
REC-003960,2025-12-13,CAMP-003,High Intent Retargeting,Google Ads,Retargeting,Asia-Pacific,New Customers,Desktop,12184,822,73,1091.47,9208.91
REC-000187,2025-01-16,CAMP-007,B2B Decision Makers,LinkedIn Ads,Lead Generation,Europe,Small Business Owners,Mobile,7984,140,10,643.79,2151.36
REC-004175,2025-12-30,CAMP-008,Executive Thought Leadership,LinkedIn Ads,Brand Awareness,North America,Students & Young Professionals,Mobile,3086,37,1,256.48,39.61
REC-003857,2025-12-04,CAMP-020,Creator Partnership Series,Influencer,Influencer Partnership,MENA,New Customers,Mobile,52483,1189,40,1295.39,3079.38
REC-004527,2026-01-30,CAMP-013,Lifecycle Nurture,Email,Customer Nurture,MENA,Returning Customers,Tablet,8377,484,35,88.66,4201.71
REC-003156,2025-10-07,CAMP-007,B2B Decision Makers,LinkedIn Ads,Lead Generation,MENA,Returning Customers,Mobile,5437,72,7,297.21,1132.03
REC-002636,2025-08-23,CAMP-007,B2B Decision Makers,LinkedIn Ads,Lead Generation,North America,Small Business Owners,Mobile,7097,119,10,725.26,1844.12
REC-001000,2025-03-29,CAMP-005,Cart Recovery Social,Meta Ads,Retargeting,North America,Returning Customers,Mobile,18330,496,28,512.81,3398.43
REC-002279,2025-07-23,CAMP-020,Creator Partnership Series,Influencer,Influencer Partnership,MENA,Returning Customers,Mobile,26608,1025,47,775.3,5476.7
REC-004279,2026-01-08,CAMP-004,Social Scale Prospecting,Meta Ads,Prospecting,Europe,Enterprise Decision Makers,Tablet,17759,374,14,457.8,4428.57
REC-001418,2025-05-03,CAMP-016,Video Reach Accelerator,YouTube Ads,Brand Awareness,North America,Returning Customers,Desktop,11374,92,1,84.74,94.58
REC-000380,2025-02-03,CAMP-014,Win Back Customers,Email,Reactivation,North America,Students & Young Professionals,Mobile,6495,547,39,81.12,2948.3
REC-001813,2025-06-09,CAMP-008,Executive Thought Leadership,LinkedIn Ads,Brand Awareness,Asia-Pacific,Small Business Owners,Desktop,4120,37,2,192.57,144.33
REC-005779,2026-05-21,CAMP-020,Creator Partnership Series,Influencer,Influencer Partnership,Asia-Pacific,Students & Young Professionals,Desktop,22018,494,19,571.25,1408.73
REC-003140,2025-10-05,CAMP-023,Enterprise Pipeline Builder,LinkedIn Ads,Lead Generation,Latin America,Returning Customers,Desktop,5041,90,12,373.5,2703.52
REC-000286,2025-01-26,CAMP-001,Search Growth Engine,Google Ads,Always-on Acquisition,MENA,Small Business Owners,Mobile,7191,342,15,435.46,2494.64
REC-000787,2025-03-11,CAMP-003,High Intent Retargeting,Google Ads,Retargeting,MENA,New Customers,Desktop,14313,748,81,1055.49,11096.06
REC-005123,2026-03-24,CAMP-018,Programmatic Market Reach,Display Ads,Brand Awareness,North America,Small Business Owners,Desktop,13687,34,1,55.15,62.91
REC-003293,2025-10-19,CAMP-010,Short Video Discovery,TikTok Ads,Prospecting,Europe,New Customers,Mobile,14399,254,3,180.41,232.27
REC-005880,2026-05-29,CAMP-011,Creator Product Launch,TikTok Ads,Product Launch,MENA,New Customers,Desktop,30247,497,11,370.02,1032.37
REC-005230,2026-04-03,CAMP-017,Product Demo Views,YouTube Ads,Product Education,Europe,Enterprise Decision Makers,Desktop,39958,310,10,328.33,3173.06
REC-001119,2025-04-08,CAMP-008,Executive Thought Leadership,LinkedIn Ads,Brand Awareness,North America,Students & Young Professionals,Mobile,6746,48,2,332.7,78.03
REC-000857,2025-03-17,CAMP-018,Programmatic Market Reach,Display Ads,Brand Awareness,North America,Students & Young Professionals,Desktop,23317,77,1,82.52,44.56
REC-002502,2025-08-11,CAMP-012,Youth Engagement Sprint,TikTok Ads,Engagement,Asia-Pacific,Returning Customers,Desktop,10008,140,4,130.58,305.58
REC-005039,2026-03-16,CAMP-001,Search Growth Engine,Google Ads,Always-on Acquisition,Europe,Small Business Owners,Mobile,15667,703,49,1357.75,7899.6
REC-002912,2025-09-16,CAMP-017,Product Demo Views,YouTube Ads,Product Education,MENA,Enterprise Decision Makers,Desktop,9133,93,3,100.48,743.25
REC-002916,2025-09-16,CAMP-023,Enterprise Pipeline Builder,LinkedIn Ads,Lead Generation,Europe,Enterprise Decision Makers,Desktop,7292,102,15,514.56,5203.23
REC-000660,2025-02-27,CAMP-017,Product Demo Views,YouTube Ads,Product Education,MENA,New Customers,Tablet,29781,261,4,212.58,444.28
REC-003958,2025-12-12,CAMP-002,Brand Demand Capture,Google Ads,Brand Awareness,North America,Enterprise Decision Makers,Mobile,9371,425,17,789.41,2841.39
REC-000712,2025-03-03,CAMP-014,Win Back Customers,Email,Reactivation,Asia-Pacific,Returning Customers,Mobile,11532,1076,214,129.14,32930.31
REC-004334,2026-01-13,CAMP-014,Win Back Customers,Email,Reactivation,Latin America,Students & Young Professionals,Mobile,11685,658,60,121.82,4417.65
REC-002486,2025-08-10,CAMP-009,Startup Founder Leads,LinkedIn Ads,Lead Generation,North America,Students & Young Professionals,Desktop,2299,23,2,133.36,195.06
REC-003436,2025-10-31,CAMP-016,Video Reach Accelerator,YouTube Ads,Brand Awareness,Asia-Pacific,Enterprise Decision Makers,Mobile,21537,231,3,207.64,526.77
REC-004233,2026-01-04,CAMP-021,Micro Creator Conversion,Influencer,Influencer Partnership,North America,Returning Customers,Desktop,31369,867,37,737.7,4161.79
REC-004591,2026-02-04,CAMP-002,Brand Demand Capture,Google Ads,Brand Awareness,Europe,Small Business Owners,Tablet,4747,104,3,186.33,295.12
REC-005853,2026-05-27,CAMP-015,Monthly Product Digest,Email,Customer Nurture,Asia-Pacific,Students & Young Professionals,Desktop,8525,431,31,87.37,2298.71
REC-001014,2025-03-30,CAMP-014,Win Back Customers,Email,Reactivation,Latin America,Returning Customers,Desktop,6104,445,102,79.34,16128.28
REC-004091,2025-12-24,CAMP-001,Search Growth Engine,Google Ads,Always-on Acquisition,North America,Students & Young Professionals,Mobile,22644,1019,38,1799.53,3173.74
REC-002975,2025-09-21,CAMP-012,Youth Engagement Sprint,TikTok Ads,Engagement,Asia-Pacific,New Customers,Tablet,22600,277,4,280.15,290.65
REC-005758,2026-05-19,CAMP-005,Cart Recovery Social,Meta Ads,Retargeting,MENA,Enterprise Decision Makers,Mobile,12465,594,44,582.45,11600.05
REC-004569,2026-02-02,CAMP-008,Executive Thought Leadership,LinkedIn Ads,Brand Awareness,North America,Small Business Owners,Mobile,3438,41,2,287.11,160.26
REC-000996,2025-03-29,CAMP-014,Win Back Customers,Email,Reactivation,North America,Enterprise Decision Makers,Mobile,12992,958,146,142.27,53119.15
REC-003254,2025-10-15,CAMP-013,Lifecycle Nurture,Email,Customer Nurture,North America,Small Business Owners,Mobile,2296,167,16,52.33,2449.89
REC-005669,2026-05-12,CAMP-023,Enterprise Pipeline Builder,LinkedIn Ads,Lead Generation,Europe,New Customers,Desktop,2313,43,3,249.32,503.05
REC-001635,2025-05-23,CAMP-021,Micro Creator Conversion,Influencer,Influencer Partnership,MENA,Enterprise Decision Makers,Desktop,19701,467,25,453.14,7634.3
REC-001670,2025-05-26,CAMP-010,Short Video Discovery,TikTok Ads,Prospecting,North America,Students & Young Professionals,Mobile,25955,565,8,475.03,453.36
REC-005909,2026-06-01,CAMP-012,Youth Engagement Sprint,TikTok Ads,Engagement,North America,Enterprise Decision Makers,Tablet,9739,91,2,111.8,476.24
REC-002568,2025-08-17,CAMP-016,Video Reach Accelerator,YouTube Ads,Brand Awareness,MENA,Enterprise Decision Makers,Desktop,7728,47,2,58.66,454.93
REC-003196,2025-10-10,CAMP-016,Video Reach Accelerator,YouTube Ads,Brand Awareness,MENA,New Customers,Mobile,21224,232,1,182.17,81.24
REC-004363,2026-01-16,CAMP-008,Executive Thought Leadership,LinkedIn Ads,Brand Awareness,North America,Returning Customers,Desktop,1625,12,2,116.54,131.15
REC-001148,2025-04-10,CAMP-021,Micro Creator Conversion,Influencer,Influencer Partnership,MENA,Returning Customers,Desktop,13027,341,20,345.44,2481.25
REC-001042,2025-04-01,CAMP-020,Creator Partnership Series,Influencer,Influencer Partnership,Latin America,New Customers,Mobile,19704,559,10,546.72,1046.56
REC-000661,2025-02-27,CAMP-010,Short Video Discovery,TikTok Ads,Prospecting,Europe,Returning Customers,Mobile,29612,517,15,350.41,1490.27
REC-000198,2025-01-17,CAMP-005,Cart Recovery Social,Meta Ads,Retargeting,Asia-Pacific,Small Business Owners,Mobile,6618,195,12,176.96,1718.7
REC-003192,2025-10-10,CAMP-024,Mobile App Acquisition,Google Ads,App Acquisition,North America,Students & Young Professionals,Mobile,6558,251,7,549.0,341.94
REC-004951,2026-03-08,CAMP-010,Short Video Discovery,TikTok Ads,Prospecting,MENA,Small Business Owners,Desktop,18494,313,9,208.91,1133.82
REC-003809,2025-11-30,CAMP-015,Monthly Product Digest,Email,Customer Nurture,MENA,Returning Customers,Mobile,5194,289,30,75.42,3427.21
REC-003132,2025-10-05,CAMP-004,Social Scale Prospecting,Meta Ads,Prospecting,Asia-Pacific,Small Business Owners,Mobile,24929,461,17,495.8,2057.49
REC-004036,2025-12-19,CAMP-007,B2B Decision Makers,LinkedIn Ads,Lead Generation,North America,Enterprise Decision Makers,Tablet,8072,96,7,554.56,2755.93
REC-000170,2025-01-15,CAMP-023,Enterprise Pipeline Builder,LinkedIn Ads,Lead Generation,MENA,New Customers,Mobile,6697,142,9,744.09,1489.21
REC-002360,2025-07-30,CAMP-005,Cart Recovery Social,Meta Ads,Retargeting,North America,Students & Young Professionals,Mobile,8546,325,10,323.24,786.26
REC-005731,2026-05-17,CAMP-010,Short Video Discovery,TikTok Ads,Prospecting,North America,Students & Young Professionals,Desktop,17824,243,5,218.09,373.98
REC-001241,2025-04-18,CAMP-020,Creator Partnership Series,Influencer,Influencer Partnership,Asia-Pacific,New Customers,Desktop,50725,1598,56,1283.14,5346.13
REC-004835,2026-02-25,CAMP-011,Creator Product Launch,TikTok Ads,Product Launch,Asia-Pacific,Small Business Owners,Desktop,33532,531,21,325.58,2840.39
REC-004698,2026-02-14,CAMP-021,Micro Creator Conversion,Influencer,Influencer Partnership,Latin America,New Customers,Mobile,10161,301,9,194.15,797.89
REC-002782,2025-09-05,CAMP-024,Mobile App Acquisition,Google Ads,App Acquisition,MENA,Returning Customers,Desktop,10178,301,19,414.38,1381.08
REC-003420,2025-10-29,CAMP-013,Lifecycle Nurture,Email,Customer Nurture,MENA,Enterprise Decision Makers,Mobile,4658,323,42,58.42,12574.01
REC-005732,2026-05-17,CAMP-005,Cart Recovery Social,Meta Ads,Retargeting,Europe,New Customers,Mobile,9255,271,10,303.38,998.06
REC-004781,2026-02-21,CAMP-018,Programmatic Market Reach,Display Ads,Brand Awareness,Asia-Pacific,Small Business Owners,Tablet,26724,88,1,64.94,72.07
REC-003309,2025-10-20,CAMP-024,Mobile App Acquisition,Google Ads,App Acquisition,Latin America,Returning Customers,Desktop,15647,582,38,778.71,2322.11
REC-005778,2026-05-21,CAMP-008,Executive Thought Leadership,LinkedIn Ads,Brand Awareness,MENA,Returning Customers,Mobile,4513,54,2,309.52,110.53
REC-001122,2025-04-08,CAMP-017,Product Demo Views,YouTube Ads,Product Education,Asia-Pacific,Enterprise Decision Makers,Mobile,9522,125,1,109.5,268.13
REC-001003,2025-03-29,CAMP-010,Short Video Discovery,TikTok Ads,Prospecting,MENA,Small Business Owners,Mobile,30242,582,14,303.44,1870.51
REC-002700,2025-08-28,CAMP-005,Cart Recovery Social,Meta Ads,Retargeting,Europe,Small Business Owners,Desktop,13190,470,36,481.99,5061.86
REC-001540,2025-05-13,CAMP-011,Creator Product Launch,TikTok Ads,Product Launch,Europe,New Customers,Mobile,26401,536,14,480.5,1609.56
REC-000319,2025-01-29,CAMP-024,Mobile App Acquisition,Google Ads,App Acquisition,MENA,Small Business Owners,Mobile,16278,698,32,1023.82,2603.43
REC-004403,2026-01-18,CAMP-017,Product Demo Views,YouTube Ads,Product Education,North America,New Customers,Mobile,24570,215,5,184.02,493.54
REC-000438,2025-02-08,CAMP-004,Social Scale Prospecting,Meta Ads,Prospecting,MENA,New Customers,Mobile,12080,336,11,247.56,855.54
REC-001752,2025-06-03,CAMP-024,Mobile App Acquisition,Google Ads,App Acquisition,Asia-Pacific,Enterprise Decision Makers,Desktop,14777,631,52,901.58,10161.45
REC-001419,2025-05-03,CAMP-016,Video Reach Accelerator,YouTube Ads,Brand Awareness,Europe,Enterprise Decision Makers,Desktop,26969,191,2,177.66,430.36
REC-002689,2025-08-27,CAMP-010,Short Video Discovery,TikTok Ads,Prospecting,Asia-Pacific,New Customers,Mobile,10850,197,5,164.9,512.32
REC-006113,2026-06-20,CAMP-017,Product Demo Views,YouTube Ads,Product Education,MENA,Students & Young Professionals,Mobile,22357,271,3,213.66,201.65
REC-006237,2026-06-30,CAMP-023,Enterprise Pipeline Builder,LinkedIn Ads,Lead Generation,North America,Small Business Owners,Desktop,2319,37,3,257.32,641.15
REC-005921,2026-06-02,CAMP-007,B2B Decision Makers,LinkedIn Ads,Lead Generation,MENA,New Customers,Desktop,5999,72,6,371.0,758.51
REC-005494,2026-04-26,CAMP-014,Win Back Customers,Email,Reactivation,Asia-Pacific,New Customers,Mobile,11834,910,116,138.11,13815.58
REC-005137,2026-03-26,CAMP-010,Short Video Discovery,TikTok Ads,Prospecting,Europe,Returning Customers,Desktop,11649,144,3,112.74,398.15
REC-005270,2026-04-07,CAMP-013,Lifecycle Nurture,Email,Customer Nurture,North America,Returning Customers,Desktop,3566,241,50,42.7,7137.12
REC-000435,2025-02-07,CAMP-016,Video Reach Accelerator,YouTube Ads,Brand Awareness,Latin America,Small Business Owners,Mobile,18143,168,2,138.51,244.34
REC-005379,2026-04-16,CAMP-020,Creator Partnership Series,Influencer,Influencer Partnership,North America,New Customers,Desktop,14213,294,9,448.83,935.32
REC-006227,2026-06-30,CAMP-012,Youth Engagement Sprint,TikTok Ads,Engagement,MENA,New Customers,Desktop,12203,132,3,118.36,203.14
REC-005156,2026-03-28,CAMP-014,Win Back Customers,Email,Reactivation,North America,New Customers,Desktop,1879,109,19,38.99,2315.26
REC-003443,2025-10-31,CAMP-008,Executive Thought Leadership,LinkedIn Ads,Brand Awareness,MENA,Returning Customers,Desktop,8617,59,3,352.71,153.34
REC-002713,2025-08-29,CAMP-018,Programmatic Market Reach,Display Ads,Brand Awareness,Asia-Pacific,Students & Young Professionals,Desktop,41728,166,1,102.56,46.93
REC-004408,2026-01-19,CAMP-009,Startup Founder Leads,LinkedIn Ads,Lead Generation,Europe,Returning Customers,Mobile,1258,13,2,95.45,293.85
REC-005315,2026-04-11,CAMP-003,High Intent Retargeting,Google Ads,Retargeting,Europe,New Customers,Mobile,20308,951,82,1656.44,10165.85
REC-003439,2025-10-31,CAMP-005,Cart Recovery Social,Meta Ads,Retargeting,MENA,New Customers,Desktop,20196,484,34,349.69,3638.82
REC-001387,2025-04-30,CAMP-016,Video Reach Accelerator,YouTube Ads,Brand Awareness,MENA,Returning Customers,Desktop,38197,229,4,167.95,334.11
REC-001678,2025-05-27,CAMP-016,Video Reach Accelerator,YouTube Ads,Brand Awareness,MENA,Students & Young Professionals,Mobile,14111,131,0,118.94,0.0
REC-000300,2025-01-27,CAMP-007,B2B Decision Makers,LinkedIn Ads,Lead Generation,North America,New Customers,Desktop,4242,73,7,505.91,827.76
REC-002224,2025-07-18,CAMP-014,Win Back Customers,Email,Reactivation,Europe,Returning Customers,Desktop,7007,518,113,96.52,17956.06
REC-005007,2026-03-13,CAMP-002,Brand Demand Capture,Google Ads,Brand Awareness,Europe,New Customers,Desktop,5759,167,5,297.57,312.29
REC-002019,2025-06-28,CAMP-002,Brand Demand Capture,Google Ads,Brand Awareness,Europe,Small Business Owners,Desktop,14274,487,22,678.63,2034.48
REC-001647,2025-05-24,CAMP-014,Win Back Customers,Email,Reactivation,North America,Returning Customers,Tablet,5151,326,44,59.61,6550.63
REC-002800,2025-09-06,CAMP-005,Cart Recovery Social,Meta Ads,Retargeting,Europe,New Customers,Mobile,21465,537,20,650.32,1678.43
REC-004507,2026-01-28,CAMP-016,Video Reach Accelerator,YouTube Ads,Brand Awareness,Europe,Small Business Owners,Desktop,20571,153,3,133.62,343.78
REC-004432,2026-01-21,CAMP-021,Micro Creator Conversion,Influencer,Influencer Partnership,Asia-Pacific,New Customers,Mobile,13296,369,9,422.67,785.23
REC-005749,2026-05-18,CAMP-014,Win Back Customers,Email,Reactivation,Europe,Students & Young Professionals,Mobile,11411,968,106,144.26,7978.33
REC-001403,2025-05-01,CAMP-010,Short Video Discovery,TikTok Ads,Prospecting,Asia-Pacific,Small Business Owners,Mobile,34525,459,8,357.77,1105.37
REC-004980,2026-03-11,CAMP-020,Creator Partnership Series,Influencer,Influencer Partnership,North America,Small Business Owners,Desktop,49160,1159,45,950.74,5085.98
REC-004316,2026-01-12,CAMP-001,Search Growth Engine,Google Ads,Always-on Acquisition,Asia-Pacific,New Customers,Mobile,6039,338,16,454.16,1600.41
REC-003281,2025-10-18,CAMP-013,Lifecycle Nurture,Email,Customer Nurture,Latin America,New Customers,Mobile,6973,570,48,87.89,4025.3
REC-005425,2026-04-20,CAMP-001,Search Growth Engine,Google Ads,Always-on Acquisition,Europe,Students & Young Professionals,Desktop,5698,217,8,446.48,545.85
REC-002406,2025-08-03,CAMP-002,Brand Demand Capture,Google Ads,Brand Awareness,Asia-Pacific,Small Business Owners,Mobile,3656,153,4,258.12,422.56
REC-004433,2026-01-21,CAMP-021,Micro Creator Conversion,Influencer,Influencer Partnership,MENA,Returning Customers,Mobile,27783,843,28,770.93,2804.97
REC-002941,2025-09-18,CAMP-023,Enterprise Pipeline Builder,LinkedIn Ads,Lead Generation,Asia-Pacific,Returning Customers,Mobile,8272,147,20,738.1,3934.09
REC-003716,2025-11-22,CAMP-016,Video Reach Accelerator,YouTube Ads,Brand Awareness,North America,Enterprise Decision Makers,Desktop,33418,221,2,235.48,361.11
REC-005365,2026-04-15,CAMP-012,Youth Engagement Sprint,TikTok Ads,Engagement,North America,Students & Young Professionals,Mobile,37414,520,6,414.52,258.32
REC-004027,2025-12-18,CAMP-019,Display Retargeting Loop,Display Ads,Retargeting,North America,New Customers,Mobile,49850,325,5,208.58,584.0
REC-003502,2025-11-05,CAMP-023,Enterprise Pipeline Builder,LinkedIn Ads,Lead Generation,Europe,Enterprise Decision Makers,Desktop,5585,69,10,339.96,3893.03
REC-003863,2025-12-04,CAMP-019,Display Retargeting Loop,Display Ads,Retargeting,MENA,Returning Customers,Tablet,41978,233,6,129.6,842.21
REC-004269,2026-01-07,CAMP-013,Lifecycle Nurture,Email,Customer Nurture,Europe,New Customers,Mobile,13988,789,69,147.45,5686.2
REC-001906,2025-06-17,CAMP-003,High Intent Retargeting,Google Ads,Retargeting,Asia-Pacific,Returning Customers,Desktop,4730,292,31,492.05,4340.71
REC-000596,2025-02-21,CAMP-011,Creator Product Launch,TikTok Ads,Product Launch,MENA,New Customers,Desktop,25917,461,12,301.91,1225.95
REC-003091,2025-10-01,CAMP-004,Social Scale Prospecting,Meta Ads,Prospecting,Asia-Pacific,Students & Young Professionals,Mobile,5227,117,3,120.19,222.62
REC-001574,2025-05-17,CAMP-018,Programmatic Market Reach,Display Ads,Brand Awareness,Europe,Small Business Owners,Desktop,32842,86,1,56.79,76.65
REC-005485,2026-04-26,CAMP-024,Mobile App Acquisition,Google Ads,App Acquisition,Asia-Pacific,Enterprise Decision Makers,Desktop,7194,204,15,294.45,2394.0
REC-003311,2025-10-20,CAMP-009,Startup Founder Leads,LinkedIn Ads,Lead Generation,Asia-Pacific,Enterprise Decision Makers,Mobile,2314,42,4,183.3,1411.74
REC-002110,2025-07-07,CAMP-007,B2B Decision Makers,LinkedIn Ads,Lead Generation,North America,Small Business Owners,Mobile,6458,84,5,592.21,895.08
REC-002337,2025-07-28,CAMP-014,Win Back Customers,Email,Reactivation,Europe,Students & Young Professionals,Mobile,4141,228,25,58.72,2012.16
REC-003811,2025-11-30,CAMP-024,Mobile App Acquisition,Google Ads,App Acquisition,North America,Returning Customers,Desktop,8123,374,23,693.72,1866.88
REC-000358,2025-02-01,CAMP-007,B2B Decision Makers,LinkedIn Ads,Lead Generation,Europe,Small Business Owners,Mobile,3628,63,6,338.75,1164.06
REC-001051,2025-04-02,CAMP-021,Micro Creator Conversion,Influencer,Influencer Partnership,Europe,Students & Young Professionals,Mobile,12054,315,9,230.63,632.15
REC-000074,2025-01-07,CAMP-007,B2B Decision Makers,LinkedIn Ads,Lead Generation,MENA,New Customers,Mobile,2136,26,1,131.76,113.28
REC-001851,2025-06-12,CAMP-009,Startup Founder Leads,LinkedIn Ads,Lead Generation,Europe,Small Business Owners,Mobile,8596,142,11,696.39,2249.35
REC-002695,2025-08-28,CAMP-014,Win Back Customers,Email,Reactivation,Europe,Returning Customers,Mobile,9901,750,102,116.57,17930.21
REC-001136,2025-04-09,CAMP-006,Seasonal Offer Push,Meta Ads,Seasonal Promotion,Europe,New Customers,Desktop,16366,281,9,314.5,865.14
REC-005777,2026-05-21,CAMP-002,Brand Demand Capture,Google Ads,Brand Awareness,Latin America,Small Business Owners,Desktop,7616,274,13,328.67,1334.32
REC-005706,2026-05-15,CAMP-010,Short Video Discovery,TikTok Ads,Prospecting,MENA,New Customers,Mobile,22416,425,8,345.58,611.68
REC-003462,2025-11-02,CAMP-002,Brand Demand Capture,Google Ads,Brand Awareness,Europe,Small Business Owners,Mobile,12017,385,16,608.74,1694.02
REC-002375,2025-08-01,CAMP-007,B2B Decision Makers,LinkedIn Ads,Lead Generation,Europe,Small Business Owners,Mobile,5235,71,6,375.93,1052.72
REC-000671,2025-02-28,CAMP-002,Brand Demand Capture,Google Ads,Brand Awareness,MENA,New Customers,Mobile,14459,695,21,886.79,1729.4
REC-003004,2025-09-23,CAMP-009,Startup Founder Leads,LinkedIn Ads,Lead Generation,Europe,New Customers,Desktop,7661,107,7,563.41,702.95
REC-000180,2025-01-16,CAMP-004,Social Scale Prospecting,Meta Ads,Prospecting,North America,New Customers,Tablet,14594,259,9,365.76,800.89
REC-001682,2025-05-27,CAMP-011,Creator Product Launch,TikTok Ads,Product Launch,North America,Returning Customers,Mobile,26334,411,17,409.28,2438.7
REC-000336,2025-01-30,CAMP-001,Search Growth Engine,Google Ads,Always-on Acquisition,Asia-Pacific,New Customers,Mobile,18774,772,30,1116.07,3109.66
REC-002744,2025-09-01,CAMP-019,Display Retargeting Loop,Display Ads,Retargeting,Europe,Enterprise Decision Makers,Desktop,36831,362,10,238.92,3360.36
REC-001856,2025-06-13,CAMP-020,Creator Partnership Series,Influencer,Influencer Partnership,North America,Returning Customers,Mobile,21790,616,29,558.17,3684.66
REC-004309,2026-01-11,CAMP-003,High Intent Retargeting,Google Ads,Retargeting,North America,Small Business Owners,Mobile,11189,847,57,1614.7,10568.79
REC-005843,2026-05-26,CAMP-016,Video Reach Accelerator,YouTube Ads,Brand Awareness,Latin America,Enterprise Decision Makers,Mobile,9622,94,2,106.21,388.26
REC-004876,2026-03-01,CAMP-015,Monthly Product Digest,Email,Customer Nurture,North America,Students & Young Professionals,Mobile,14375,1046,57,151.22,4367.4
REC-001888,2025-06-16,CAMP-019,Display Retargeting Loop,Display Ads,Retargeting,Asia-Pacific,Returning Customers,Mobile,20684,189,4,89.32,429.04
REC-000035,2025-01-03,CAMP-016,Video Reach Accelerator,YouTube Ads,Brand Awareness,Europe,New Customers,Desktop,12360,96,0,115.98,0.0
REC-000528,2025-02-15,CAMP-005,Cart Recovery Social,Meta Ads,Retargeting,North America,Students & Young Professionals,Mobile,15677,480,24,459.83,1790.93
REC-003838,2025-12-02,CAMP-020,Creator Partnership Series,Influencer,Influencer Partnership,Europe,Students & Young Professionals,Tablet,30592,558,14,570.42,948.38
REC-002563,2025-08-17,CAMP-015,Monthly Product Digest,Email,Customer Nurture,North America,Small Business Owners,Mobile,2956,128,9,50.94,1080.55
REC-004134,2025-12-27,CAMP-017,Product Demo Views,YouTube Ads,Product Education,Europe,Small Business Owners,Mobile,29638,340,6,252.5,1080.81
REC-002760,2025-09-03,CAMP-013,Lifecycle Nurture,Email,Customer Nurture,North America,New Customers,Mobile,10006,629,54,107.07,4799.72
REC-004464,2026-01-24,CAMP-014,Win Back Customers,Email,Reactivation,North America,Students & Young Professionals,Mobile,14081,826,57,162.75,4549.1
REC-004371,2026-01-16,CAMP-019,Display Retargeting Loop,Display Ads,Retargeting,MENA,New Customers,Mobile,41571,254,4,132.29,450.76
REC-004841,2026-02-26,CAMP-018,Programmatic Market Reach,Display Ads,Brand Awareness,North America,New Customers,Tablet,16988,55,0,43.47,0.0
REC-006141,2026-06-23,CAMP-018,Programmatic Market Reach,Display Ads,Brand Awareness,North America,Returning Customers,Mobile,51311,153,2,148.58,110.53
REC-002618,2025-08-21,CAMP-012,Youth Engagement Sprint,TikTok Ads,Engagement,Europe,Returning Customers,Mobile,26018,374,7,345.96,707.39
REC-003299,2025-10-19,CAMP-004,Social Scale Prospecting,Meta Ads,Prospecting,MENA,Small Business Owners,Tablet,6669,150,5,167.3,616.75
REC-001126,2025-04-08,CAMP-006,Seasonal Offer Push,Meta Ads,Seasonal Promotion,North America,New Customers,Mobile,23828,708,21,744.93,1865.32
REC-003913,2025-12-09,CAMP-017,Product Demo Views,YouTube Ads,Product Education,Europe,New Customers,Desktop,24431,204,4,201.81,443.96
REC-002094,2025-07-06,CAMP-014,Win Back Customers,Email,Reactivation,Europe,Small Business Owners,Mobile,8787,692,105,97.02,17065.71
REC-000463,2025-02-10,CAMP-002,Brand Demand Capture,Google Ads,Brand Awareness,MENA,Returning Customers,Desktop,9987,279,15,456.85,1303.7
REC-001357,2025-04-28,CAMP-020,Creator Partnership Series,Influencer,Influencer Partnership,Europe,New Customers,Mobile,25181,647,14,733.97,1280.8
REC-002336,2025-07-28,CAMP-008,Executive Thought Leadership,LinkedIn Ads,Brand Awareness,Europe,Students & Young Professionals,Mobile,6379,81,2,579.87,61.68
REC-001360,2025-04-28,CAMP-014,Win Back Customers,Email,Reactivation,North America,Students & Young Professionals,Mobile,6824,395,33,86.04,2560.35
REC-001011,2025-03-30,CAMP-004,Social Scale Prospecting,Meta Ads,Prospecting,Europe,New Customers,Mobile,23126,441,12,456.7,1259.18
REC-000568,2025-02-18,CAMP-023,Enterprise Pipeline Builder,LinkedIn Ads,Lead Generation,Latin America,New Customers,Mobile,6737,151,11,670.62,1327.12
REC-004766,2026-02-19,CAMP-012,Youth Engagement Sprint,TikTok Ads,Engagement,Europe,Small Business Owners,Mobile,7234,76,1,97.69,80.25
REC-002371,2025-07-31,CAMP-004,Social Scale Prospecting,Meta Ads,Prospecting,MENA,Enterprise Decision Makers,Mobile,10538,265,8,264.44,2615.99
REC-003481,2025-11-03,CAMP-008,Executive Thought Leadership,LinkedIn Ads,Brand Awareness,Asia-Pacific,Returning Customers,Desktop,7248,67,3,366.44,190.94
REC-005789,2026-05-22,CAMP-019,Display Retargeting Loop,Display Ads,Retargeting,North America,New Customers,Mobile,45617,298,3,160.74,285.5
REC-001394,2025-05-01,CAMP-007,B2B Decision Makers,LinkedIn Ads,Lead Generation,Europe,Students & Young Professionals,Mobile,2822,57,3,355.22,298.97
REC-002207,2025-07-17,CAMP-013,Lifecycle Nurture,Email,Customer Nurture,Europe,Returning Customers,Desktop,4471,256,49,62.34,6786.7
REC-002097,2025-07-06,CAMP-024,Mobile App Acquisition,Google Ads,App Acquisition,North America,Students & Young Professionals,Mobile,2723,125,5,307.86,239.03
REC-005704,2026-05-15,CAMP-013,Lifecycle Nurture,Email,Customer Nurture,Asia-Pacific,Enterprise Decision Makers,Mobile,15774,988,88,172.08,24743.91
REC-001104,2025-04-07,CAMP-006,Seasonal Offer Push,Meta Ads,Seasonal Promotion,MENA,Students & Young Professionals,Mobile,7049,167,5,189.08,400.86
REC-000197,2025-01-17,CAMP-005,Cart Recovery Social,Meta Ads,Retargeting,North America,Students & Young Professionals,Desktop,8506,301,14,433.47,1070.61
REC-005865,2026-05-28,CAMP-005,Cart Recovery Social,Meta Ads,Retargeting,MENA,Small Business Owners,Mobile,15254,427,23,397.77,3016.18
REC-001141,2025-04-09,CAMP-008,Executive Thought Leadership,LinkedIn Ads,Brand Awareness,North America,New Customers,Desktop,9869,78,3,463.72,155.56
REC-005825,2026-05-25,CAMP-011,Creator Product Launch,TikTok Ads,Product Launch,North America,New Customers,Mobile,23004,482,11,391.22,1100.78
REC-003984,2025-12-14,CAMP-007,B2B Decision Makers,LinkedIn Ads,Lead Generation,Asia-Pacific,New Customers,Mobile,2410,32,3,167.91,344.57
REC-003732,2025-11-24,CAMP-024,Mobile App Acquisition,Google Ads,App Acquisition,MENA,New Customers,Mobile,8875,447,19,744.39,921.78
REC-004220,2026-01-03,CAMP-020,Creator Partnership Series,Influencer,Influencer Partnership,North America,New Customers,Mobile,35526,1223,38,902.39,3690.87
REC-006105,2026-06-19,CAMP-010,Short Video Discovery,TikTok Ads,Prospecting,Europe,Returning Customers,Mobile,20666,268,7,254.52,778.29
REC-004685,2026-02-13,CAMP-020,Creator Partnership Series,Influencer,Influencer Partnership,North America,Students & Young Professionals,Mobile,49553,1591,26,1466.46,2031.87
REC-005785,2026-05-22,CAMP-012,Youth Engagement Sprint,TikTok Ads,Engagement,North America,Students & Young Professionals,Mobile,18813,274,3,322.58,140.42
REC-005620,2026-05-08,CAMP-004,Social Scale Prospecting,Meta Ads,Prospecting,Asia-Pacific,New Customers,Mobile,11618,300,12,293.99,963.05
REC-000363,2025-02-01,CAMP-013,Lifecycle Nurture,Email,Customer Nurture,MENA,New Customers,Desktop,4996,265,25,57.7,2220.55
REC-001052,2025-04-02,CAMP-018,Programmatic Market Reach,Display Ads,Brand Awareness,Asia-Pacific,Students & Young Professionals,Desktop,35172,100,0,100.19,0.0
REC-003098,2025-10-01,CAMP-008,Executive Thought Leadership,LinkedIn Ads,Brand Awareness,North America,Returning Customers,Desktop,6267,43,1,262.98,69.07
REC-002285,2025-07-24,CAMP-014,Win Back Customers,Email,Reactivation,Latin America,Small Business Owners,Mobile,9318,883,120,125.37,18775.23
REC-002504,2025-08-11,CAMP-014,Win Back Customers,Email,Reactivation,North America,Students & Young Professionals,Mobile,5378,481,61,82.4,4883.47
REC-003908,2025-12-08,CAMP-017,Product Demo Views,YouTube Ads,Product Education,MENA,Students & Young Professionals,Mobile,22065,317,4,235.95,270.96
REC-003833,2025-12-02,CAMP-016,Video Reach Accelerator,YouTube Ads,Brand Awareness,Europe,Enterprise Decision Makers,Mobile,25357,172,2,161.7,402.57
REC-000222,2025-01-20,CAMP-019,Display Retargeting Loop,Display Ads,Retargeting,Europe,Students & Young Professionals,Desktop,14164,81,2,86.21,137.41
REC-000282,2025-01-25,CAMP-002,Brand Demand Capture,Google Ads,Brand Awareness,Latin America,Returning Customers,Mobile,15205,663,29,925.91,2363.8
REC-005849,2026-05-27,CAMP-003,High Intent Retargeting,Google Ads,Retargeting,MENA,Students & Young Professionals,Desktop,6806,314,29,562.57,2022.81
REC-005895,2026-05-31,CAMP-001,Search Growth Engine,Google Ads,Always-on Acquisition,Europe,Returning Customers,Mobile,12381,727,45,1269.12,6276.87
REC-002845,2025-09-10,CAMP-003,High Intent Retargeting,Google Ads,Retargeting,North America,New Customers,Mobile,11610,587,49,1070.23,6037.82
REC-004137,2025-12-27,CAMP-008,Executive Thought Leadership,LinkedIn Ads,Brand Awareness,Europe,Returning Customers,Mobile,1988,16,1,86.55,56.19
REC-003844,2025-12-03,CAMP-018,Programmatic Market Reach,Display Ads,Brand Awareness,North America,Small Business Owners,Mobile,44809,184,2,153.84,186.98
REC-003705,2025-11-22,CAMP-007,B2B Decision Makers,LinkedIn Ads,Lead Generation,Asia-Pacific,Small Business Owners,Desktop,4831,68,6,290.65,1234.42
REC-002181,2025-07-14,CAMP-001,Search Growth Engine,Google Ads,Always-on Acquisition,Latin America,Small Business Owners,Mobile,18374,606,28,750.26,4259.44
REC-003322,2025-10-21,CAMP-023,Enterprise Pipeline Builder,LinkedIn Ads,Lead Generation,Latin America,Returning Customers,Desktop,9783,130,17,528.09,3218.26
REC-005737,2026-05-17,CAMP-016,Video Reach Accelerator,YouTube Ads,Brand Awareness,Asia-Pacific,Students & Young Professionals,Tablet,14558,118,1,131.49,62.78
REC-001340,2025-04-26,CAMP-014,Win Back Customers,Email,Reactivation,Asia-Pacific,Enterprise Decision Makers,Mobile,12265,940,100,136.23,31538.71
REC-001581,2025-05-17,CAMP-021,Micro Creator Conversion,Influencer,Influencer Partnership,MENA,Returning Customers,Mobile,12243,513,22,368.46,2543.53
REC-000852,2025-03-16,CAMP-024,Mobile App Acquisition,Google Ads,App Acquisition,Latin America,Small Business Owners,Mobile,10432,310,18,405.11,1590.9
REC-003124,2025-10-04,CAMP-007,B2B Decision Makers,LinkedIn Ads,Lead Generation,Asia-Pacific,New Customers,Desktop,5662,99,7,550.06,810.86
REC-004792,2026-02-22,CAMP-001,Search Growth Engine,Google Ads,Always-on Acquisition,MENA,Students & Young Professionals,Mobile,9789,519,18,895.81,1092.79
REC-005355,2026-04-14,CAMP-016,Video Reach Accelerator,YouTube Ads,Brand Awareness,Europe,Small Business Owners,Desktop,18989,111,2,117.02,245.45
REC-005422,2026-04-20,CAMP-008,Executive Thought Leadership,LinkedIn Ads,Brand Awareness,Latin America,Small Business Owners,Mobile,5692,72,4,276.1,241.6
REC-004336,2026-01-13,CAMP-023,Enterprise Pipeline Builder,LinkedIn Ads,Lead Generation,North America,New Customers,Desktop,1698,29,3,168.94,407.46
REC-001764,2025-06-04,CAMP-002,Brand Demand Capture,Google Ads,Brand Awareness,MENA,Small Business Owners,Mobile,3248,150,5,227.06,604.96
REC-005816,2026-05-24,CAMP-008,Executive Thought Leadership,LinkedIn Ads,Brand Awareness,Europe,Students & Young Professionals,Mobile,4882,42,0,257.37,0.0
REC-003318,2025-10-21,CAMP-017,Product Demo Views,YouTube Ads,Product Education,Latin America,Students & Young Professionals,Mobile,24009,209,2,128.27,142.36
REC-004345,2026-01-14,CAMP-009,Startup Founder Leads,LinkedIn Ads,Lead Generation,MENA,Small Business Owners,Mobile,6841,119,10,537.57,1581.33
REC-001830,2025-06-11,CAMP-021,Micro Creator Conversion,Influencer,Influencer Partnership,North America,Students & Young Professionals,Desktop,13752,373,10,353.87,599.13
REC-003081,2025-09-30,CAMP-005,Cart Recovery Social,Meta Ads,Retargeting,Asia-Pacific,Students & Young Professionals,Desktop,12051,342,17,286.29,1407.09
REC-002303,2025-07-25,CAMP-023,Enterprise Pipeline Builder,LinkedIn Ads,Lead Generation,Latin America,New Customers,Desktop,2323,34,3,143.4,403.99
REC-003709,2025-11-22,CAMP-017,Product Demo Views,YouTube Ads,Product Education,Latin America,Returning Customers,Desktop,26038,206,5,125.54,638.04
REC-001272,2025-04-21,CAMP-007,B2B Decision Makers,LinkedIn Ads,Lead Generation,Asia-Pacific,Small Business Owners,Mobile,1642,28,3,141.91,556.81
REC-001404,2025-05-01,CAMP-014,Win Back Customers,Email,Reactivation,Asia-Pacific,Small Business Owners,Desktop,2456,192,30,39.59,4158.74
REC-005942,2026-06-04,CAMP-004,Social Scale Prospecting,Meta Ads,Prospecting,Asia-Pacific,Small Business Owners,Mobile,12187,244,11,240.46,1629.92
REC-000920,2025-03-22,CAMP-016,Video Reach Accelerator,YouTube Ads,Brand Awareness,North America,New Customers,Mobile,17729,193,2,249.68,170.96
REC-004518,2026-01-29,CAMP-020,Creator Partnership Series,Influencer,Influencer Partnership,Asia-Pacific,Small Business Owners,Desktop,46349,1245,55,1537.63,7434.83
REC-003957,2025-12-12,CAMP-017,Product Demo Views,YouTube Ads,Product Education,MENA,Small Business Owners,Mobile,47601,425,13,261.62,1679.47
REC-004825,2026-02-25,CAMP-009,Startup Founder Leads,LinkedIn Ads,Lead Generation,Latin America,New Customers,Desktop,4630,48,3,228.89,374.44
REC-000939,2025-03-23,CAMP-014,Win Back Customers,Email,Reactivation,Europe,New Customers,Desktop,8319,490,77,89.95,9692.25
REC-000542,2025-02-16,CAMP-004,Social Scale Prospecting,Meta Ads,Prospecting,MENA,New Customers,Tablet,10128,111,5,107.8,428.91
REC-005024,2026-03-15,CAMP-014,Win Back Customers,Email,Reactivation,MENA,Students & Young Professionals,Mobile,6462,594,55,75.14,5216.53
REC-005817,2026-05-24,CAMP-007,B2B Decision Makers,LinkedIn Ads,Lead Generation,Europe,Returning Customers,Desktop,3891,59,7,364.6,1041.49
REC-006095,2026-06-18,CAMP-021,Micro Creator Conversion,Influencer,Influencer Partnership,Europe,Returning Customers,Mobile,31341,979,45,792.27,5259.7
REC-001735,2025-06-01,CAMP-021,Micro Creator Conversion,Influencer,Influencer Partnership,North America,New Customers,Mobile,27568,1045,31,951.65,3174.96
REC-002796,2025-09-06,CAMP-023,Enterprise Pipeline Builder,LinkedIn Ads,Lead Generation,North America,Small Business Owners,Desktop,5685,84,7,518.47,1745.5
REC-002809,2025-09-07,CAMP-007,B2B Decision Makers,LinkedIn Ads,Lead Generation,MENA,New Customers,Desktop,5227,70,8,385.74,1058.26
REC-005711,2026-05-15,CAMP-003,High Intent Retargeting,Google Ads,Retargeting,North America,New Customers,Mobile,12312,962,54,1732.38,6692.24
REC-002027,2025-06-29,CAMP-013,Lifecycle Nurture,Email,Customer Nurture,North America,Small Business Owners,Tablet,4557,221,22,71.43,2864.63
REC-006121,2026-06-20,CAMP-007,B2B Decision Makers,LinkedIn Ads,Lead Generation,Europe,Students & Young Professionals,Mobile,5094,80,5,473.63,396.61
REC-005387,2026-04-17,CAMP-020,Creator Partnership Series,Influencer,Influencer Partnership,North America,New Customers,Desktop,32485,1174,48,724.99,5278.19
REC-002235,2025-07-19,CAMP-010,Short Video Discovery,TikTok Ads,Prospecting,North America,Small Business Owners,Mobile,19532,264,6,257.03,979.71
REC-002259,2025-07-21,CAMP-018,Programmatic Market Reach,Display Ads,Brand Awareness,North America,Returning Customers,Desktop,20695,75,1,82.3,58.84
REC-004255,2026-01-06,CAMP-015,Monthly Product Digest,Email,Customer Nurture,Asia-Pacific,Small Business Owners,Mobile,14971,622,59,146.28,8768.9
REC-002410,2025-08-04,CAMP-014,Win Back Customers,Email,Reactivation,Latin America,Students & Young Professionals,Mobile,12251,798,63,140.27,5779.33
REC-000611,2025-02-22,CAMP-014,Win Back Customers,Email,Reactivation,MENA,New Customers,Mobile,8747,464,61,105.53,8376.28
REC-003630,2025-11-16,CAMP-013,Lifecycle Nurture,Email,Customer Nurture,Europe,Students & Young Professionals,Mobile,7037,519,26,79.25,1483.83
REC-000262,2025-01-24,CAMP-023,Enterprise Pipeline Builder,LinkedIn Ads,Lead Generation,Asia-Pacific,Returning Customers,Desktop,1911,23,5,132.88,774.15
REC-005435,2026-04-21,CAMP-017,Product Demo Views,YouTube Ads,Product Education,Europe,Returning Customers,Desktop,14088,123,4,121.54,551.47
REC-003663,2025-11-18,CAMP-019,Display Retargeting Loop,Display Ads,Retargeting,Europe,Small Business Owners,Desktop,61103,458,12,261.01,1986.45
REC-000105,2025-01-10,CAMP-019,Display Retargeting Loop,Display Ads,Retargeting,Asia-Pacific,Students & Young Professionals,Mobile,28561,214,2,109.19,180.36
REC-003737,2025-11-24,CAMP-014,Win Back Customers,Email,Reactivation,Asia-Pacific,New Customers,Mobile,2166,157,21,29.27,2546.45
REC-001047,2025-04-02,CAMP-023,Enterprise Pipeline Builder,LinkedIn Ads,Lead Generation,MENA,New Customers,Mobile,3600,51,5,207.85,664.84
REC-002620,2025-08-21,CAMP-018,Programmatic Market Reach,Display Ads,Brand Awareness,Asia-Pacific,Students & Young Professionals,Mobile,32097,114,1,105.7,37.93
REC-003988,2025-12-15,CAMP-010,Short Video Discovery,TikTok Ads,Prospecting,North America,New Customers,Mobile,23975,332,6,246.38,622.35
REC-004516,2026-01-29,CAMP-004,Social Scale Prospecting,Meta Ads,Prospecting,Asia-Pacific,Students & Young Professionals,Mobile,7013,182,5,174.01,289.71
REC-001886,2025-06-16,CAMP-001,Search Growth Engine,Google Ads,Always-on Acquisition,Europe,Students & Young Professionals,Mobile,4510,172,6,300.6,498.88
REC-005563,2026-05-03,CAMP-012,Youth Engagement Sprint,TikTok Ads,Engagement,Europe,New Customers,Mobile,16987,296,5,303.15,304.1
REC-003075,2025-09-29,CAMP-009,Startup Founder Leads,LinkedIn Ads,Lead Generation,North America,Returning Customers,Mobile,2707,33,4,274.51,555.82
REC-003120,2025-10-04,CAMP-012,Youth Engagement Sprint,TikTok Ads,Engagement,Europe,Enterprise Decision Makers,Mobile,15830,283,6,267.58,1181.32
REC-002611,2025-08-21,CAMP-013,Lifecycle Nurture,Email,Customer Nurture,Asia-Pacific,Enterprise Decision Makers,Tablet,6638,454,47,92.74,15544.26
REC-000250,2025-01-23,CAMP-007,B2B Decision Makers,LinkedIn Ads,Lead Generation,MENA,Small Business Owners,Mobile,3461,60,7,295.72,1162.2
REC-005516,2026-04-28,CAMP-002,Brand Demand Capture,Google Ads,Brand Awareness,North America,New Customers,Desktop,5300,143,4,272.15,264.57
REC-002157,2025-07-12,CAMP-002,Brand Demand Capture,Google Ads,Brand Awareness,Europe,Returning Customers,Mobile,9663,390,20,637.45,1623.92
REC-005724,2026-05-16,CAMP-008,Executive Thought Leadership,LinkedIn Ads,Brand Awareness,MENA,New Customers,Desktop,2294,22,1,108.09,52.2
REC-003137,2025-10-05,CAMP-005,Cart Recovery Social,Meta Ads,Retargeting,MENA,New Customers,Tablet,9533,269,8,298.46,622.45
REC-001020,2025-03-31,CAMP-002,Brand Demand Capture,Google Ads,Brand Awareness,North America,Enterprise Decision Makers,Mobile,16927,494,21,805.31,4577.47
REC-002321,2025-07-27,CAMP-005,Cart Recovery Social,Meta Ads,Retargeting,Latin America,New Customers,Mobile,21264,694,32,488.08,3634.8
REC-002343,2025-07-29,CAMP-019,Display Retargeting Loop,Display Ads,Retargeting,North America,Enterprise Decision Makers,Desktop,36538,233,5,146.03,1705.87
REC-004401,2026-01-18,CAMP-020,Creator Partnership Series,Influencer,Influencer Partnership,Asia-Pacific,Returning Customers,Mobile,36326,1175,37,751.62,5039.57
REC-000762,2025-03-08,CAMP-010,Short Video Discovery,TikTok Ads,Prospecting,Asia-Pacific,Small Business Owners,Tablet,18144,203,5,164.75,689.31
REC-005112,2026-03-23,CAMP-015,Monthly Product Digest,Email,Customer Nurture,Latin America,Small Business Owners,Mobile,3767,198,18,50.93,2198.78
REC-001036,2025-04-01,CAMP-009,Startup Founder Leads,LinkedIn Ads,Lead Generation,Asia-Pacific,Enterprise Decision Makers,Tablet,9498,87,4,412.43,1417.82
REC-005616,2026-05-08,CAMP-007,B2B Decision Makers,LinkedIn Ads,Lead Generation,Asia-Pacific,New Customers,Desktop,6196,85,8,436.52,950.36
REC-000506,2025-02-13,CAMP-011,Creator Product Launch,TikTok Ads,Product Launch,Asia-Pacific,New Customers,Mobile,19168,502,10,302.33,875.58
REC-004426,2026-01-20,CAMP-007,B2B Decision Makers,LinkedIn Ads,Lead Generation,Asia-Pacific,New Customers,Desktop,5565,69,5,301.48,707.41
REC-004277,2026-01-08,CAMP-012,Youth Engagement Sprint,TikTok Ads,Engagement,Europe,New Customers,Desktop,22979,348,5,265.75,406.0
REC-001611,2025-05-21,CAMP-011,Creator Product Launch,TikTok Ads,Product Launch,MENA,Students & Young Professionals,Mobile,26024,378,7,214.02,425.17
REC-001085,2025-04-05,CAMP-024,Mobile App Acquisition,Google Ads,App Acquisition,Latin America,New Customers,Mobile,16760,644,32,669.53,2120.21
REC-005439,2026-04-21,CAMP-006,Seasonal Offer Push,Meta Ads,Seasonal Promotion,Europe,New Customers,Desktop,9173,158,8,199.86,685.83
REC-000905,2025-03-21,CAMP-005,Cart Recovery Social,Meta Ads,Retargeting,Europe,New Customers,Mobile,15655,380,18,431.89,1793.11
REC-001446,2025-05-05,CAMP-011,Creator Product Launch,TikTok Ads,Product Launch,North America,Students & Young Professionals,Desktop,24472,422,9,387.02,676.56
REC-006017,2026-06-11,CAMP-002,Brand Demand Capture,Google Ads,Brand Awareness,Asia-Pacific,New Customers,Mobile,10431,338,9,539.06,495.64
REC-005061,2026-03-18,CAMP-006,Seasonal Offer Push,Meta Ads,Seasonal Promotion,Europe,Returning Customers,Desktop,22060,300,26,328.66,3117.35
REC-000381,2025-02-03,CAMP-014,Win Back Customers,Email,Reactivation,Europe,Returning Customers,Mobile,10937,772,91,121.0,11496.91
REC-001538,2025-05-13,CAMP-016,Video Reach Accelerator,YouTube Ads,Brand Awareness,MENA,Small Business Owners,Mobile,32642,305,2,237.06,183.63
REC-005407,2026-04-18,CAMP-023,Enterprise Pipeline Builder,LinkedIn Ads,Lead Generation,MENA,New Customers,Desktop,6836,84,8,448.91,1187.37
REC-001341,2025-04-26,CAMP-009,Startup Founder Leads,LinkedIn Ads,Lead Generation,Latin America,Small Business Owners,Mobile,4586,88,4,306.29,671.48
REC-003037,2025-09-26,CAMP-006,Seasonal Offer Push,Meta Ads,Seasonal Promotion,Europe,Small Business Owners,Desktop,6611,158,6,193.22,791.65
REC-002558,2025-08-16,CAMP-020,Creator Partnership Series,Influencer,Influencer Partnership,Europe,Students & Young Professionals,Tablet,12022,339,7,393.23,543.61
REC-004158,2025-12-29,CAMP-007,B2B Decision Makers,LinkedIn Ads,Lead Generation,MENA,New Customers,Mobile,4150,64,4,362.57,449.15
REC-000112,2025-01-10,CAMP-010,Short Video Discovery,TikTok Ads,Prospecting,Latin America,Small Business Owners,Mobile,17183,356,8,223.13,1063.26
REC-001459,2025-05-07,CAMP-011,Creator Product Launch,TikTok Ads,Product Launch,North America,Students & Young Professionals,Desktop,28083,438,9,358.31,641.05
REC-001300,2025-04-23,CAMP-024,Mobile App Acquisition,Google Ads,App Acquisition,Asia-Pacific,Small Business Owners,Mobile,11852,600,40,1063.05,3752.4
REC-005038,2026-03-16,CAMP-001,Search Growth Engine,Google Ads,Always-on Acquisition,North America,Returning Customers,Desktop,17651,545,43,1117.6,5984.76
REC-000643,2025-02-25,CAMP-011,Creator Product Launch,TikTok Ads,Product Launch,Asia-Pacific,Students & Young Professionals,Desktop,26612,300,8,221.27,533.31
REC-001545,2025-05-14,CAMP-009,Startup Founder Leads,LinkedIn Ads,Lead Generation,Europe,New Customers,Mobile,3830,50,3,304.21,383.56
REC-001061,2025-04-03,CAMP-014,Win Back Customers,Email,Reactivation,Europe,Enterprise Decision Makers,Desktop,10925,644,134,118.54,42791.34
REC-005416,2026-04-19,CAMP-005,Cart Recovery Social,Meta Ads,Retargeting,Latin America,New Customers,Mobile,9540,366,17,288.46,1913.09
REC-005918,2026-06-02,CAMP-004,Social Scale Prospecting,Meta Ads,Prospecting,MENA,Small Business Owners,Mobile,23426,600,21,477.86,2910.5
REC-005358,2026-04-15,CAMP-002,Brand Demand Capture,Google Ads,Brand Awareness,Asia-Pacific,New Customers,Desktop,4676,157,8,287.33,494.75
REC-000289,2025-01-26,CAMP-016,Video Reach Accelerator,YouTube Ads,Brand Awareness,MENA,Returning Customers,Desktop,23394,216,4,196.06,449.29
REC-004946,2026-03-08,CAMP-002,Brand Demand Capture,Google Ads,Brand Awareness,Asia-Pacific,New Customers,Desktop,10256,248,8,365.48,504.18
REC-004272,2026-01-08,CAMP-010,Short Video Discovery,TikTok Ads,Prospecting,Asia-Pacific,New Customers,Desktop,15305,173,3,140.94,252.11
REC-002130,2025-07-09,CAMP-018,Programmatic Market Reach,Display Ads,Brand Awareness,Latin America,Returning Customers,Desktop,22624,60,0,36.95,0.0
REC-003393,2025-10-27,CAMP-023,Enterprise Pipeline Builder,LinkedIn Ads,Lead Generation,North America,Small Business Owners,Mobile,2690,43,3,307.39,731.73
REC-005319,2026-04-11,CAMP-007,B2B Decision Makers,LinkedIn Ads,Lead Generation,Europe,New Customers,Mobile,6626,88,7,534.7,1004.9
REC-001636,2025-05-23,CAMP-001,Search Growth Engine,Google Ads,Always-on Acquisition,MENA,Students & Young Professionals,Mobile,6315,278,9,450.75,520.13
REC-001809,2025-06-08,CAMP-005,Cart Recovery Social,Meta Ads,Retargeting,Europe,Small Business Owners,Desktop,6191,206,12,249.12,1952.19
REC-004555,2026-02-01,CAMP-018,Programmatic Market Reach,Display Ads,Brand Awareness,MENA,Small Business Owners,Desktop,19453,61,1,78.53,81.2
REC-004032,2025-12-18,CAMP-007,B2B Decision Makers,LinkedIn Ads,Lead Generation,North America,Small Business Owners,Tablet,3357,36,3,231.6,651.66
REC-002347,2025-07-29,CAMP-023,Enterprise Pipeline Builder,LinkedIn Ads,Lead Generation,Europe,Small Business Owners,Tablet,4536,77,5,448.29,1277.47
REC-005433,2026-04-21,CAMP-005,Cart Recovery Social,Meta Ads,Retargeting,Latin America,Students & Young Professionals,Desktop,31543,1087,34,650.03,2113.5
REC-004601,2026-02-05,CAMP-017,Product Demo Views,YouTube Ads,Product Education,North America,New Customers,Desktop,18617,157,3,127.86,370.26
REC-002198,2025-07-16,CAMP-016,Video Reach Accelerator,YouTube Ads,Brand Awareness,Europe,Students & Young Professionals,Mobile,12628,89,1,108.66,50.0
REC-001998,2025-06-26,CAMP-019,Display Retargeting Loop,Display Ads,Retargeting,Europe,New Customers,Mobile,35014,248,2,125.76,174.51
REC-001648,2025-05-24,CAMP-001,Search Growth Engine,Google Ads,Always-on Acquisition,North America,New Customers,Mobile,6198,303,14,615.1,1125.65
REC-003141,2025-10-06,CAMP-017,Product Demo Views,YouTube Ads,Product Education,North America,New Customers,Desktop,29369,360,7,384.94,702.7
REC-004064,2025-12-21,CAMP-008,Executive Thought Leadership,LinkedIn Ads,Brand Awareness,Asia-Pacific,Returning Customers,Mobile,10137,113,6,742.61,325.27
REC-002651,2025-08-24,CAMP-003,High Intent Retargeting,Google Ads,Retargeting,North America,Returning Customers,Desktop,9605,384,57,885.52,9318.19
REC-002850,2025-09-11,CAMP-015,Monthly Product Digest,Email,Customer Nurture,North America,Students & Young Professionals,Desktop,10504,405,29,116.54,2277.77
REC-000424,2025-02-07,CAMP-011,Creator Product Launch,TikTok Ads,Product Launch,MENA,Returning Customers,Mobile,14700,268,7,205.63,689.69
REC-000453,2025-02-09,CAMP-023,Enterprise Pipeline Builder,LinkedIn Ads,Lead Generation,MENA,Returning Customers,Mobile,5182,92,13,358.13,2998.98
REC-002580,2025-08-18,CAMP-023,Enterprise Pipeline Builder,LinkedIn Ads,Lead Generation,MENA,New Customers,Mobile,6942,99,6,400.72,926.84
REC-005328,2026-04-12,CAMP-003,High Intent Retargeting,Google Ads,Retargeting,North America,Returning Customers,Desktop,8296,409,57,782.42,7215.31
REC-000026,2025-01-03,CAMP-004,Social Scale Prospecting,Meta Ads,Prospecting,Europe,,Mobile,22958,486,16,458.56,2468.35
REC-001013,2025-03-30,CAMP-014,Win Back Customers,Email,Reactivation,Asia-Pacific,Returning Customers,Desktop,12276,812,178,139.43,31882.59
REC-006102,2026-06-18,CAMP-001,Search Growth Engine,Google Ads,Always-on Acquisition,Europe,Returning Customers,Mobile,8270,462,38,804.58,5457.41
REC-000215,2025-01-19,CAMP-019,Display Retargeting Loop,Display Ads,Retargeting,North America,New Customers,Desktop,11198,84,1,79.1,114.43
REC-000333,2025-01-30,CAMP-005,Cart Recovery Social,Meta Ads,Retargeting,North America,New Customers,Mobile,20720,940,42,1278.56,3254.6
REC-000226,2025-01-20,CAMP-004,Social Scale Prospecting,Meta Ads,Prospecting,Europe,New Customers,Desktop,16111,233,10,273.77,1041.14
REC-000970,2025-03-26,CAMP-012,Youth Engagement Sprint,TikTok Ads,Engagement,Europe,New Customers,Mobile,14983,237,2,230.87,111.34
REC-004072,2025-12-22,CAMP-019,Display Retargeting Loop,Display Ads,Retargeting,MENA,Enterprise Decision Makers,Desktop,25684,132,4,73.45,1247.85
REC-004312,2026-01-11,CAMP-023,Enterprise Pipeline Builder,LinkedIn Ads,Lead Generation,Europe,New Customers,Desktop,4256,51,3,323.96,408.6
REC-004362,2026-01-16,CAMP-008,Executive Thought Leadership,LinkedIn Ads,Brand Awareness,Asia-Pacific,Returning Customers,Mobile,5171,70,3,426.86,207.46
REC-003051,2025-09-27,CAMP-003,High Intent Retargeting,Google Ads,Retargeting,Asia-Pacific,Small Business Owners,Mobile,14300,1065,105,1614.24,17206.61
REC-005073,2026-03-20,CAMP-024,Mobile App Acquisition,Google Ads,App Acquisition,North America,Small Business Owners,Mobile,9062,372,18,628.36,1831.32
REC-003615,2025-11-15,CAMP-006,Seasonal Offer Push,Meta Ads,Seasonal Promotion,Latin America,New Customers,Mobile,23784,770,29,594.84,2528.09
REC-005238,2026-04-04,CAMP-019,Display Retargeting Loop,Display Ads,Retargeting,North America,New Customers,Mobile,13419,109,1,78.55,111.13
REC-000716,2025-03-03,CAMP-010,Short Video Discovery,TikTok Ads,Prospecting,Europe,New Customers,Mobile,30115,460,8,391.58,818.99
REC-002956,2025-09-19,CAMP-009,Startup Founder Leads,LinkedIn Ads,Lead Generation,Europe,Returning Customers,Desktop,8488,97,14,498.68,1824.97
REC-002581,2025-08-18,CAMP-023,Enterprise Pipeline Builder,LinkedIn Ads,Lead Generation,MENA,Enterprise Decision Makers,Desktop,1676,29,3,123.52,1557.88
REC-004018,2025-12-17,CAMP-013,Lifecycle Nurture,Email,Customer Nurture,Asia-Pacific,New Customers,Mobile,5703,413,34,70.8,3090.93
REC-001954,2025-06-22,CAMP-020,Creator Partnership Series,Influencer,Influencer Partnership,Asia-Pacific,,Desktop,23534,492,14,483.31,1352.27
REC-000697,2025-03-02,CAMP-013,Lifecycle Nurture,Email,Customer Nurture,North America,Returning Customers,Mobile,9416,573,67,98.19,9248.39
REC-002747,2025-09-01,CAMP-007,B2B Decision Makers,LinkedIn Ads,Lead Generation,MENA,New Customers,Mobile,6716,102,6,422.25,623.64
REC-000693,2025-03-01,CAMP-014,Win Back Customers,Email,Reactivation,MENA,Small Business Owners,Desktop,8795,552,105,103.59,14757.42
REC-005410,2026-04-19,CAMP-019,Display Retargeting Loop,Display Ads,Retargeting,MENA,Enterprise Decision Makers,Desktop,28362,181,5,70.21,1344.6
REC-002633,2025-08-22,CAMP-024,Mobile App Acquisition,Google Ads,App Acquisition,North America,Enterprise Decision Makers,Desktop,13787,392,24,646.99,3448.42
REC-003642,2025-11-16,CAMP-018,Programmatic Market Reach,Display Ads,Brand Awareness,Asia-Pacific,New Customers,Tablet,13591,50,0,38.77,0.0
REC-005811,2026-05-24,CAMP-009,Startup Founder Leads,LinkedIn Ads,Lead Generation,Asia-Pacific,Returning Customers,Tablet,1259,8,1,57.64,177.14
REC-006230,2026-06-30,CAMP-005,Cart Recovery Social,Meta Ads,Retargeting,Europe,New Customers,Mobile,13389,424,29,402.36,2786.13
REC-001275,2025-04-21,CAMP-016,Video Reach Accelerator,YouTube Ads,Brand Awareness,Latin America,New Customers,Mobile,24884,205,2,115.87,141.15
REC-004933,2026-03-07,CAMP-004,Social Scale Prospecting,Meta Ads,Prospecting,North America,Students & Young Professionals,Mobile,17200,452,8,422.88,661.22
REC-001943,2025-06-22,CAMP-009,Startup Founder Leads,LinkedIn Ads,Lead Generation,Europe,Small Business Owners,Mobile,7929,129,8,809.55,1282.07
REC-005110,2026-03-23,CAMP-023,Enterprise Pipeline Builder,LinkedIn Ads,Lead Generation,Asia-Pacific,Enterprise Decision Makers,Mobile,2976,56,7,317.29,3530.68
REC-002602,2025-08-20,CAMP-014,Win Back Customers,Email,Reactivation,North America,New Customers,Mobile,2705,239,21,54.78,2831.16
REC-002499,2025-08-11,CAMP-024,Mobile App Acquisition,Google Ads,App Acquisition,Asia-Pacific,Students & Young Professionals,Mobile,4974,169,5,304.89,226.68
REC-003664,2025-11-18,CAMP-024,Mobile App Acquisition,Google Ads,App Acquisition,Europe,Small Business Owners,Tablet,17745,426,23,680.35,2239.26
REC-000979,2025-03-27,CAMP-024,Mobile App Acquisition,Google Ads,App Acquisition,North America,Returning Customers,Desktop,10898,453,25,827.59,1503.17
REC-005927,2026-06-03,CAMP-009,Startup Founder Leads,LinkedIn Ads,Lead Generation,North America,Students & Young Professionals,Mobile,8171,127,8,626.06,712.98
REC-000220,2025-01-20,CAMP-012,Youth Engagement Sprint,TikTok Ads,Engagement,North America,New Customers,Desktop,31514,460,8,527.33,643.27
REC-005318,2026-04-11,CAMP-024,Mobile App Acquisition,Google Ads,App Acquisition,North America,New Customers,Desktop,5966,171,8,275.91,413.84
REC-001873,2025-06-14,CAMP-021,Micro Creator Conversion,Influencer,Influencer Partnership,North America,Enterprise Decision Makers,Desktop,36341,1022,49,736.22,10886.23
REC-006234,2026-06-30,CAMP-021,Micro Creator Conversion,Influencer,Influencer Partnership,MENA,New Customers,Mobile,23395,991,26,842.25,2503.7
REC-000373,2025-02-02,CAMP-004,Social Scale Prospecting,Meta Ads,Prospecting,MENA,New Customers,Mobile,5095,119,4,120.61,312.76
REC-004993,2026-03-12,CAMP-014,Win Back Customers,Email,Reactivation,MENA,Returning Customers,Mobile,17511,1010,217,190.73,35177.85
REC-003862,2025-12-04,CAMP-006,Seasonal Offer Push,Meta Ads,Seasonal Promotion,Latin America,New Customers,Desktop,37343,905,42,639.42,4113.26
REC-000430,2025-02-07,CAMP-018,Programmatic Market Reach,Display Ads,Brand Awareness,Europe,Small Business Owners,Mobile,8471,39,0,70.03,0.0
REC-001375,2025-04-29,CAMP-003,High Intent Retargeting,Google Ads,Retargeting,Asia-Pacific,New Customers,Desktop,16287,1125,102,1545.11,10048.24
REC-005814,2026-05-24,CAMP-019,Display Retargeting Loop,Display Ads,Retargeting,Europe,Students & Young Professionals,Mobile,37032,379,5,199.33,338.38
REC-000496,2025-02-12,CAMP-011,Creator Product Launch,TikTok Ads,Product Launch,Asia-Pacific,Small Business Owners,Mobile,28417,589,15,395.88,1765.43
REC-004913,2026-03-05,CAMP-024,Mobile App Acquisition,Google Ads,App Acquisition,North America,Small Business Owners,Desktop,17173,458,29,745.86,2843.6
REC-005037,2026-03-16,CAMP-021,Micro Creator Conversion,Influencer,Influencer Partnership,MENA,Enterprise Decision Makers,Mobile,32068,1233,55,708.85,12274.36
REC-001204,2025-04-15,CAMP-021,Micro Creator Conversion,Influencer,Influencer Partnership,Latin America,Returning Customers,Tablet,44034,849,45,908.15,6358.96
REC-001186,2025-04-13,CAMP-009,Startup Founder Leads,LinkedIn Ads,Lead Generation,Europe,Returning Customers,Mobile,7489,130,11,779.69,2079.25
REC-004779,2026-02-21,CAMP-003,High Intent Retargeting,Google Ads,Retargeting,Europe,New Customers,Mobile,10079,702,47,1325.76,4858.05
REC-004438,2026-01-21,CAMP-017,Product Demo Views,YouTube Ads,Product Education,Europe,New Customers,Mobile,37275,318,5,235.91,410.17
REC-003515,2025-11-06,CAMP-022,Holiday Revenue Boost,Meta Ads,Seasonal Promotion,North America,Small Business Owners,Mobile,5882,152,6,239.69,835.13
REC-005581,2026-05-04,CAMP-003,High Intent Retargeting,Google Ads,Retargeting,Asia-Pacific,Small Business Owners,Mobile,9862,711,51,953.98,9217.08
REC-002064,2025-07-03,CAMP-016,Video Reach Accelerator,YouTube Ads,Brand Awareness,Latin America,New Customers,Mobile,25748,195,3,137.69,207.11
REC-004377,2026-01-17,CAMP-013,Lifecycle Nurture,Email,Customer Nurture,North America,Enterprise Decision Makers,Tablet,12852,580,68,126.14,17113.03
REC-001567,2025-05-16,CAMP-010,Short Video Discovery,TikTok Ads,Prospecting,MENA,New Customers,Desktop,13220,209,4,149.97,360.83
REC-003999,2025-12-16,CAMP-018,Programmatic Market Reach,Display Ads,Brand Awareness,North America,Small Business Owners,Mobile,14355,51,0,62.57,0.0
REC-000776,2025-03-10,CAMP-024,Mobile App Acquisition,Google Ads,App Acquisition,North America,Students & Young Professionals,Mobile,7275,383,12,779.5,481.29
REC-000971,2025-03-26,CAMP-005,Cart Recovery Social,Meta Ads,Retargeting,Europe,Returning Customers,Desktop,19307,606,39,613.22,5321.96
REC-002743,2025-09-01,CAMP-017,Product Demo Views,YouTube Ads,Product Education,North America,Returning Customers,Mobile,31494,366,10,293.49,1096.99
REC-002510,2025-08-12,CAMP-001,Search Growth Engine,Google Ads,Always-on Acquisition,MENA,Small Business Owners,Desktop,18820,889,56,1148.26,6705.48
REC-000427,2025-02-07,CAMP-019,Display Retargeting Loop,Display Ads,Retargeting,Europe,Small Business Owners,Mobile,18262,129,3,108.63,491.04
REC-003111,2025-10-03,CAMP-016,Video Reach Accelerator,YouTube Ads,Brand Awareness,North America,Small Business Owners,Mobile,23531,235,3,252.29,259.91
REC-002566,2025-08-17,CAMP-010,Short Video Discovery,TikTok Ads,Prospecting,MENA,Returning Customers,Mobile,19112,303,5,225.08,650.32
REC-001269,2025-04-20,CAMP-014,Win Back Customers,Email,Reactivation,Europe,Students & Young Professionals,Desktop,8332,521,55,106.85,4697.42
REC-005101,2026-03-22,CAMP-018,Programmatic Market Reach,Display Ads,Brand Awareness,MENA,Students & Young Professionals,Mobile,43002,158,0,77.57,0.0
REC-004801,2026-02-23,CAMP-009,Startup Founder Leads,LinkedIn Ads,Lead Generation,MENA,Returning Customers,Mobile,6974,108,7,452.18,1322.7
REC-003583,2025-11-12,CAMP-003,High Intent Retargeting,Google Ads,Retargeting,MENA,Returning Customers,Mobile,12736,767,102,1206.74,14039.49
REC-000379,2025-02-03,CAMP-010,Short Video Discovery,TikTok Ads,Prospecting,Latin America,New Customers,Desktop,16087,244,5,132.37,401.04
REC-002652,2025-08-24,CAMP-003,High Intent Retargeting,Google Ads,Retargeting,MENA,Small Business Owners,Mobile,4274,241,24,430.24,4041.61
REC-000876,2025-03-18,CAMP-017,Product Demo Views,YouTube Ads,Product Education,North America,New Customers,Mobile,26158,338,5,351.66,441.24
REC-003284,2025-10-18,CAMP-009,Startup Founder Leads,LinkedIn Ads,Lead Generation,Europe,New Customers,Mobile,2647,51,3,238.74,360.16
REC-004368,2026-01-16,CAMP-013,Lifecycle Nurture,Email,Customer Nurture,Europe,Returning Customers,Desktop,6489,383,57,81.1,5879.77
REC-002937,2025-09-18,CAMP-002,Brand Demand Capture,Google Ads,Brand Awareness,North America,New Customers,Desktop,15390,498,21,1024.09,1422.69
REC-003182,2025-10-09,CAMP-016,Video Reach Accelerator,YouTube Ads,Brand Awareness,North America,Small Business Owners,Mobile,9412,100,2,106.79,221.95
REC-000012,2025-01-01,CAMP-021,Micro Creator Conversion,Influencer,Influencer Partnership,Asia-Pacific,Enterprise Decision Makers,Desktop,33245,995,55,885.2,15619.33
REC-004139,2025-12-27,CAMP-006,Seasonal Offer Push,Meta Ads,Seasonal Promotion,Europe,Enterprise Decision Makers,Mobile,14086,467,17,487.87,4814.48
REC-000919,2025-03-22,CAMP-016,Video Reach Accelerator,YouTube Ads,Brand Awareness,Europe,,Mobile,9136,54,1,84.33,87.99
REC-001102,2025-04-07,CAMP-013,Lifecycle Nurture,Email,Customer Nurture,Asia-Pacific,Small Business Owners,Mobile,13936,964,98,153.01,15960.74
REC-002260,2025-07-21,CAMP-024,Mobile App Acquisition,Google Ads,App Acquisition,North America,Enterprise Decision Makers,Mobile,14422,515,25,907.01,5034.42
REC-000957,2025-03-25,CAMP-008,Executive Thought Leadership,LinkedIn Ads,Brand Awareness,Asia-Pacific,New Customers,Desktop,4062,40,1,240.43,49.8
REC-002844,2025-09-10,CAMP-012,Youth Engagement Sprint,TikTok Ads,Engagement,Asia-Pacific,Students & Young Professionals,Tablet,25309,314,3,244.69,170.76
REC-004267,2026-01-07,CAMP-016,Video Reach Accelerator,YouTube Ads,Brand Awareness,Europe,Returning Customers,Mobile,17144,158,2,162.3,171.74
REC-002369,2025-07-31,CAMP-015,Monthly Product Digest,Email,Customer Nurture,MENA,Small Business Owners,Mobile,11274,779,72,137.29,10840.0
REC-004476,2026-01-25,CAMP-017,Product Demo Views,YouTube Ads,Product Education,Asia-Pacific,Enterprise Decision Makers,Tablet,17188,122,2,122.16,672.9
REC-001092,2025-04-06,CAMP-008,Executive Thought Leadership,LinkedIn Ads,Brand Awareness,Europe,Small Business Owners,Desktop,1016,9,0,76.59,0.0
REC-003155,2025-10-07,CAMP-002,Brand Demand Capture,Google Ads,Brand Awareness,North America,New Customers,Mobile,21401,547,13,975.79,1036.23
REC-004445,2026-01-22,CAMP-012,Youth Engagement Sprint,TikTok Ads,Engagement,Latin America,Students & Young Professionals,Desktop,20911,230,5,193.26,272.64
REC-001794,2025-06-07,CAMP-003,High Intent Retargeting,Google Ads,Retargeting,Europe,New Customers,Mobile,15720,840,50,1353.25,4635.08
REC-001618,2025-05-21,CAMP-012,Youth Engagement Sprint,TikTok Ads,Engagement,MENA,New Customers,Desktop,27874,441,8,392.87,523.63
REC-005889,2026-05-30,CAMP-014,Win Back Customers,Email,Reactivation,North America,Returning Customers,Mobile,4219,304,52,49.65,6404.37
REC-000801,2025-03-12,CAMP-001,Search Growth Engine,Google Ads,Always-on Acquisition,MENA,Returning Customers,Tablet,4908,174,10,257.2,1319.17
REC-001005,2025-03-29,CAMP-001,Search Growth Engine,Google Ads,Always-on Acquisition,Europe,New Customers,Desktop,11594,596,40,983.47,3068.79
REC-004917,2026-03-05,CAMP-020,Creator Partnership Series,Influencer,Influencer Partnership,Asia-Pacific,Small Business Owners,Desktop,20217,553,16,626.89,2689.92
REC-001278,2025-04-21,CAMP-005,Cart Recovery Social,Meta Ads,Retargeting,North America,New Customers,Tablet,24071,573,26,626.77,2574.32
REC-005277,2026-04-07,CAMP-007,B2B Decision Makers,LinkedIn Ads,Lead Generation,Europe,Returning Customers,Mobile,2191,29,4,176.46,755.08
REC-000982,2025-03-28,CAMP-003,High Intent Retargeting,Google Ads,Retargeting,Asia-Pacific,Returning Customers,Desktop,14399,764,88,1347.14,15644.37
REC-002494,2025-08-11,CAMP-011,Creator Product Launch,TikTok Ads,Product Launch,North America,New Customers,Desktop,13735,244,8,208.56,792.25
REC-004460,2026-01-24,CAMP-004,Social Scale Prospecting,Meta Ads,Prospecting,MENA,Students & Young Professionals,Mobile,12005,213,7,232.37,568.23
REC-002771,2025-09-04,CAMP-012,Youth Engagement Sprint,TikTok Ads,Engagement,North America,Enterprise Decision Makers,Mobile,23501,382,8,452.77,1455.81
REC-002638,2025-08-23,CAMP-008,Executive Thought Leadership,LinkedIn Ads,Brand Awareness,North America,Returning Customers,Mobile,2596,17,1,138.85,65.38
REC-003253,2025-10-15,CAMP-024,Mobile App Acquisition,Google Ads,App Acquisition,Europe,Students & Young Professionals,Mobile,4071,159,6,314.71,271.07
REC-003411,2025-10-29,CAMP-002,Brand Demand Capture,Google Ads,Brand Awareness,MENA,Returning Customers,Desktop,10877,239,15,397.2,1132.13
REC-004610,2026-02-06,CAMP-013,Lifecycle Nurture,Email,Customer Nurture,North America,Students & Young Professionals,Mobile,13567,903,62,146.06,5004.31
REC-005793,2026-05-23,CAMP-017,Product Demo Views,YouTube Ads,Product Education,North America,Returning Customers,Mobile,28703,371,9,309.16,1088.08
REC-001999,2025-06-26,CAMP-019,Display Retargeting Loop,Display Ads,Retargeting,North America,New Customers,Mobile,16536,141,1,86.82,103.65
REC-003942,2025-12-11,CAMP-023,Enterprise Pipeline Builder,LinkedIn Ads,Lead Generation,Latin America,Enterprise Decision Makers,Mobile,11088,239,23,963.21,8897.57
REC-001385,2025-04-30,CAMP-003,High Intent Retargeting,Google Ads,Retargeting,Asia-Pacific,New Customers,Mobile,14955,667,62,939.23,7788.16
REC-002608,2025-08-20,CAMP-007,B2B Decision Makers,LinkedIn Ads,Lead Generation,North America,Small Business Owners,Mobile,6924,80,6,432.98,1119.46
REC-001525,2025-05-12,CAMP-015,Monthly Product Digest,Email,Customer Nurture,Asia-Pacific,New Customers,Desktop,7961,303,28,84.5,2794.71
REC-002603,2025-08-20,CAMP-014,Win Back Customers,Email,Reactivation,Asia-Pacific,Small Business Owners,Mobile,8366,719,94,103.22,15406.56
REC-001959,2025-06-23,CAMP-009,Startup Founder Leads,LinkedIn Ads,Lead Generation,Europe,New Customers,Desktop,6082,87,6,537.55,699.44
REC-000279,2025-01-25,CAMP-008,Executive Thought Leadership,LinkedIn Ads,Brand Awareness,North America,New Customers,Mobile,6899,73,3,482.01,178.78
REC-001297,2025-04-23,CAMP-020,Creator Partnership Series,Influencer,Influencer Partnership,MENA,Small Business Owners,Mobile,21907,753,35,460.84,4652.78
REC-005607,2026-05-07,CAMP-010,Short Video Discovery,TikTok Ads,Prospecting,North America,Students & Young Professionals,Mobile,25379,467,7,377.45,442.1
REC-000374,2025-02-02,CAMP-004,Social Scale Prospecting,Meta Ads,Prospecting,MENA,Enterprise Decision Makers,Mobile,24551,477,17,370.49,5368.81
REC-005296,2026-04-09,CAMP-001,Search Growth Engine,Google Ads,Always-on Acquisition,Europe,Returning Customers,Mobile,4847,194,19,396.36,1952.72
REC-001526,2025-05-12,CAMP-015,Monthly Product Digest,Email,Customer Nurture,Asia-Pacific,Students & Young Professionals,Desktop,10386,577,43,122.68,3238.94
REC-004764,2026-02-19,CAMP-008,Executive Thought Leadership,LinkedIn Ads,Brand Awareness,Europe,Small Business Owners,Mobile,8726,78,4,543.86,243.19
REC-003533,2025-11-08,CAMP-016,Video Reach Accelerator,YouTube Ads,Brand Awareness,Latin America,Returning Customers,Mobile,29445,275,4,159.76,394.4
REC-001806,2025-06-08,CAMP-009,Startup Founder Leads,LinkedIn Ads,Lead Generation,MENA,New Customers,Mobile,6306,120,4,493.82,459.63
REC-004297,2026-01-10,CAMP-001,Search Growth Engine,Google Ads,Always-on Acquisition,Europe,Enterprise Decision Makers,Desktop,13934,547,57,840.56,13690.26
REC-001417,2025-05-03,CAMP-015,Monthly Product Digest,Email,Customer Nurture,MENA,Returning Customers,Mobile,8834,533,43,97.56,6103.37
REC-005730,2026-05-17,CAMP-011,Creator Product Launch,TikTok Ads,Product Launch,Latin America,Small Business Owners,Mobile,11295,245,4,167.69,532.79
REC-005000,2026-03-13,CAMP-020,Creator Partnership Series,Influencer,Influencer Partnership,Latin America,Enterprise Decision Makers,Mobile,45054,1149,51,1074.81,16107.16
REC-000647,2025-02-25,CAMP-004,Social Scale Prospecting,Meta Ads,Prospecting,Europe,Returning Customers,Tablet,28852,422,20,420.67,2571.92
REC-003383,2025-10-26,CAMP-004,Social Scale Prospecting,Meta Ads,Prospecting,Europe,Returning Customers,Mobile,16910,310,15,376.19,1547.91
REC-001896,2025-06-17,CAMP-016,Video Reach Accelerator,YouTube Ads,Brand Awareness,North America,Returning Customers,Tablet,16215,81,2,99.86,171.49
REC-002533,2025-08-14,CAMP-018,Programmatic Market Reach,Display Ads,Brand Awareness,MENA,Returning Customers,Mobile,30640,129,1,87.32,60.71
REC-002846,2025-09-10,CAMP-016,Video Reach Accelerator,YouTube Ads,Brand Awareness,Asia-Pacific,Returning Customers,Mobile,34976,278,4,261.29,321.16
REC-003516,2025-11-06,CAMP-006,Seasonal Offer Push,Meta Ads,Seasonal Promotion,Latin America,Returning Customers,Mobile,26863,620,28,413.14,3472.51
REC-000393,2025-02-04,CAMP-009,Startup Founder Leads,LinkedIn Ads,Lead Generation,Asia-Pacific,New Customers,Mobile,4547,60,2,286.33,284.06
REC-000731,2025-03-05,CAMP-015,Monthly Product Digest,Email,Customer Nurture,Latin America,Returning Customers,Tablet,9482,384,41,99.44,4434.95
REC-003355,2025-10-24,CAMP-003,High Intent Retargeting,Google Ads,Retargeting,MENA,Students & Young Professionals,Mobile,5863,468,21,648.88,1579.04
REC-003259,2025-10-16,CAMP-002,Brand Demand Capture,Google Ads,Brand Awareness,Latin America,Students & Young Professionals,Mobile,23492,825,25,1205.29,1413.12
REC-005840,2026-05-26,CAMP-002,Brand Demand Capture,Google Ads,Brand Awareness,Europe,Students & Young Professionals,Mobile,6594,281,7,424.9,381.68
REC-005310,2026-04-11,CAMP-021,Micro Creator Conversion,Influencer,Influencer Partnership,Asia-Pacific,Returning Customers,Desktop,15903,430,22,463.57,2244.75
REC-002222,2025-07-18,CAMP-001,Search Growth Engine,Google Ads,Always-on Acquisition,MENA,Enterprise Decision Makers,Mobile,7149,279,17,371.7,4713.64
REC-003550,2025-11-09,CAMP-001,Search Growth Engine,Google Ads,Always-on Acquisition,North America,Students & Young Professionals,Desktop,4804,232,12,512.51,799.11
REC-005566,2026-05-03,CAMP-016,Video Reach Accelerator,YouTube Ads,Brand Awareness,Latin America,New Customers,Desktop,13855,83,0,67.95,0.0
REC-002730,2025-08-31,CAMP-008,Executive Thought Leadership,LinkedIn Ads,Brand Awareness,Latin America,New Customers,Desktop,7982,68,2,370.43,100.48
REC-001315,2025-04-24,CAMP-003,High Intent Retargeting,Google Ads,Retargeting,North America,Small Business Owners,Mobile,8326,559,52,1109.44,7684.2
REC-005930,2026-06-03,CAMP-010,Short Video Discovery,TikTok Ads,Prospecting,Europe,Returning Customers,Tablet,17236,202,6,162.97,772.7
REC-004163,2025-12-29,CAMP-010,Short Video Discovery,TikTok Ads,Prospecting,MENA,Returning Customers,Mobile,22389,324,10,231.78,1138.12
REC-001192,2025-04-14,CAMP-002,Brand Demand Capture,Google Ads,Brand Awareness,North America,New Customers,Mobile,16287,628,18,1171.25,1145.96
REC-004718,2026-02-15,CAMP-016,Video Reach Accelerator,YouTube Ads,Brand Awareness,Latin America,Students & Young Professionals,Mobile,12351,110,1,116.52,65.89
REC-004775,2026-02-21,CAMP-001,Search Growth Engine,Google Ads,Always-on Acquisition,North America,New Customers,Desktop,8756,311,24,537.53,2255.2
REC-002511,2025-08-12,CAMP-012,Youth Engagement Sprint,TikTok Ads,Engagement,Europe,Returning Customers,Desktop,29947,310,8,300.51,682.73
REC-005251,2026-04-05,CAMP-017,Product Demo Views,YouTube Ads,Product Education,North America,New Customers,Tablet,23276,227,3,231.84,365.22
REC-000918,2025-03-22,CAMP-002,Brand Demand Capture,Google Ads,Brand Awareness,North America,Returning Customers,Desktop,4355,109,6,183.51,613.19
REC-003084,2025-09-30,CAMP-014,Win Back Customers,Email,Reactivation,Latin America,Returning Customers,Mobile,7360,562,80,89.7,10056.23
REC-001412,2025-05-02,CAMP-024,Mobile App Acquisition,Google Ads,App Acquisition,North America,Returning Customers,Mobile,9810,350,15,710.21,1092.93
REC-004481,2026-01-25,CAMP-015,Monthly Product Digest,Email,Customer Nurture,MENA,Students & Young Professionals,Mobile,2948,154,9,56.34,660.88
REC-001865,2025-06-13,CAMP-018,Programmatic Market Reach,Display Ads,Brand Awareness,North America,New Customers,Desktop,37609,129,0,125.28,0.0
REC-003072,2025-09-29,CAMP-015,Monthly Product Digest,Email,Customer Nurture,Latin America,New Customers,Mobile,5885,394,17,67.69,1556.63
REC-004868,2026-02-28,CAMP-005,Cart Recovery Social,Meta Ads,Retargeting,MENA,Enterprise Decision Makers,Mobile,8886,217,12,252.06,3541.15
REC-004740,2026-02-17,CAMP-016,Video Reach Accelerator,YouTube Ads,Brand Awareness,MENA,Enterprise Decision Makers,Desktop,21442,165,2,140.21,401.18
REC-001740,2025-06-02,CAMP-020,Creator Partnership Series,Influencer,Influencer Partnership,Asia-Pacific,New Customers,Mobile,13949,355,9,377.47,840.1
REC-003373,2025-10-25,CAMP-016,Video Reach Accelerator,YouTube Ads,Brand Awareness,MENA,Small Business Owners,Mobile,18633,175,2,126.69,242.48
REC-005610,2026-05-07,CAMP-011,Creator Product Launch,TikTok Ads,Product Launch,North America,Students & Young Professionals,Mobile,15981,345,5,281.23,363.76
REC-004678,2026-02-12,CAMP-012,Youth Engagement Sprint,TikTok Ads,Engagement,Europe,Small Business Owners,Tablet,25654,260,4,269.68,466.45
REC-001146,2025-04-10,CAMP-018,Programmatic Market Reach,Display Ads,Brand Awareness,Asia-Pacific,New Customers,Tablet,26819,71,0,58.41,0.0
REC-005604,2026-05-06,CAMP-013,Lifecycle Nurture,Email,Customer Nurture,MENA,New Customers,Desktop,7602,343,42,79.75,3438.28
REC-004194,2025-12-31,CAMP-004,Social Scale Prospecting,Meta Ads,Prospecting,Europe,Enterprise Decision Makers,Mobile,13985,316,14,341.36,4182.18
REC-000728,2025-03-05,CAMP-001,Search Growth Engine,Google Ads,Always-on Acquisition,Europe,Small Business Owners,Mobile,4807,181,13,356.35,1825.43
REC-001174,2025-04-12,CAMP-017,Product Demo Views,YouTube Ads,Product Education,MENA,New Customers,Mobile,37277,315,7,250.89,680.42
REC-002009,2025-06-27,CAMP-007,B2B Decision Makers,LinkedIn Ads,Lead Generation,MENA,Students & Young Professionals,Mobile,3959,54,3,289.39,256.79
REC-004763,2026-02-19,CAMP-016,Video Reach Accelerator,YouTube Ads,Brand Awareness,Europe,New Customers,Mobile,33803,254,4,180.7,267.25
REC-001169,2025-04-12,CAMP-020,Creator Partnership Series,Influencer,Influencer Partnership,MENA,Students & Young Professionals,Mobile,20509,648,12,691.55,838.35
REC-000116,2025-01-11,CAMP-010,Short Video Discovery,TikTok Ads,Prospecting,Asia-Pacific,Returning Customers,Desktop,14421,192,4,169.34,493.29
REC-001100,2025-04-07,CAMP-001,Search Growth Engine,Google Ads,Always-on Acquisition,North America,Returning Customers,Mobile,10562,549,42,897.86,4756.23
REC-002902,2025-09-15,CAMP-015,Monthly Product Digest,Email,Customer Nurture,MENA,Small Business Owners,Mobile,13657,711,53,147.43,7779.55
REC-006104,2026-06-19,CAMP-002,Brand Demand Capture,Google Ads,Brand Awareness,Latin America,Returning Customers,Desktop,16223,447,32,583.87,2303.74
REC-004773,2026-02-20,CAMP-009,Startup Founder Leads,LinkedIn Ads,Lead Generation,Latin America,Enterprise Decision Makers,Mobile,2365,39,4,151.95,1622.86
REC-003475,2025-11-03,CAMP-001,Search Growth Engine,Google Ads,Always-on Acquisition,Latin America,Small Business Owners,Desktop,10281,564,37,589.17,5912.48
REC-004537,2026-01-30,CAMP-004,Social Scale Prospecting,Meta Ads,Prospecting,Asia-Pacific,New Customers,Desktop,16879,235,7,261.38,532.85
REC-003065,2025-09-28,CAMP-004,Social Scale Prospecting,Meta Ads,Prospecting,Europe,New Customers,Mobile,9153,237,9,258.55,1000.41
REC-005674,2026-05-13,CAMP-014,Win Back Customers,Email,Reactivation,North America,Returning Customers,Desktop,14601,926,137,150.18,22577.17
REC-005941,2026-06-04,CAMP-004,Social Scale Prospecting,Meta Ads,Prospecting,Europe,Small Business Owners,Mobile,8396,172,7,200.44,987.65
REC-001447,2025-05-06,CAMP-003,High Intent Retargeting,Google Ads,Retargeting,North America,Returning Customers,Mobile,4943,336,38,736.13,6523.16
REC-003757,2025-11-26,CAMP-008,Executive Thought Leadership,LinkedIn Ads,Brand Awareness,Europe,Returning Customers,Mobile,9071,75,3,386.81,155.91
REC-001632,2025-05-23,CAMP-019,Display Retargeting Loop,Display Ads,Retargeting,MENA,New Customers,Mobile,26808,282,3,145.89,298.47
REC-003227,2025-10-13,CAMP-012,Youth Engagement Sprint,TikTok Ads,Engagement,Europe,Returning Customers,Tablet,8838,120,3,105.48,231.12
REC-000391,2025-02-04,CAMP-020,Creator Partnership Series,Influencer,Influencer Partnership,North America,Small Business Owners,Mobile,42728,1350,53,1141.78,7996.35
REC-002979,2025-09-21,CAMP-014,Win Back Customers,Email,Reactivation,MENA,New Customers,Desktop,13989,832,124,155.46,14678.48
REC-003128,2025-10-04,CAMP-014,Win Back Customers,Email,Reactivation,Asia-Pacific,Students & Young Professionals,Mobile,4141,363,33,61.93,2330.24
REC-003946,2025-12-11,CAMP-010,Short Video Discovery,TikTok Ads,Prospecting,North America,Students & Young Professionals,Mobile,34697,699,10,499.91,739.82
REC-001810,2025-06-08,CAMP-016,Video Reach Accelerator,YouTube Ads,Brand Awareness,MENA,Returning Customers,Desktop,26746,177,3,122.36,252.17
REC-002168,2025-07-13,CAMP-004,Social Scale Prospecting,Meta Ads,Prospecting,North America,Returning Customers,Mobile,3993,93,4,109.68,466.78
REC-004787,2026-02-21,CAMP-017,Product Demo Views,YouTube Ads,Product Education,Asia-Pacific,Enterprise Decision Makers,Mobile,17010,143,2,129.31,615.92
REC-002030,2025-06-29,CAMP-002,Brand Demand Capture,Google Ads,Brand Awareness,North America,New Customers,Mobile,6702,243,7,469.6,453.11
REC-002221,2025-07-18,CAMP-001,Search Growth Engine,Google Ads,Always-on Acquisition,MENA,Students & Young Professionals,Mobile,18934,1004,49,1561.67,3254.26
REC-005311,2026-04-11,CAMP-010,Short Video Discovery,TikTok Ads,Prospecting,Europe,Enterprise Decision Makers,Mobile,13716,263,3,201.59,899.87
REC-002412,2025-08-04,CAMP-021,Micro Creator Conversion,Influencer,Influencer Partnership,Europe,Enterprise Decision Makers,Tablet,39508,1188,46,753.91,11650.92
REC-005970,2026-06-07,CAMP-001,Search Growth Engine,Google Ads,Always-on Acquisition,Latin America,Students & Young Professionals,Mobile,12991,565,20,759.67,1550.35
REC-005780,2026-05-21,CAMP-020,Creator Partnership Series,Influencer,Influencer Partnership,North America,Returning Customers,Mobile,26518,706,28,621.97,3576.46
REC-002801,2025-09-07,CAMP-018,Programmatic Market Reach,Display Ads,Brand Awareness,Europe,New Customers,Desktop,26129,101,1,75.39,52.84
REC-004412,2026-01-19,CAMP-004,Social Scale Prospecting,Meta Ads,Prospecting,Europe,Returning Customers,Mobile,7127,154,6,171.51,694.54
REC-001346,2025-04-27,CAMP-018,Programmatic Market Reach,Display Ads,Brand Awareness,Europe,Students & Young Professionals,Mobile,28585,113,0,83.83,0.0
REC-004389,2026-01-17,CAMP-018,Programmatic Market Reach,Display Ads,Brand Awareness,Latin America,New Customers,Tablet,18031,46,0,39.99,0.0
REC-002559,2025-08-16,CAMP-024,Mobile App Acquisition,Google Ads,App Acquisition,Europe,New Customers,Mobile,13722,522,19,968.73,1084.92
REC-003893,2025-12-07,CAMP-018,Programmatic Market Reach,Display Ads,Brand Awareness,Europe,Students & Young Professionals,Desktop,17917,67,0,66.69,0.0
REC-002436,2025-08-06,CAMP-020,Creator Partnership Series,Influencer,Influencer Partnership,Europe,Small Business Owners,Tablet,45323,1342,39,851.82,5776.72
REC-002230,2025-07-19,CAMP-023,Enterprise Pipeline Builder,LinkedIn Ads,Lead Generation,Europe,Returning Customers,Desktop,6983,110,19,563.71,3441.31
REC-001317,2025-04-24,CAMP-018,Programmatic Market Reach,Display Ads,Brand Awareness,Asia-Pacific,New Customers,Desktop,9929,35,0,53.72,0.0
REC-000886,2025-03-19,CAMP-023,Enterprise Pipeline Builder,LinkedIn Ads,Lead Generation,Latin America,New Customers,Desktop,9358,180,22,657.48,2866.67
REC-004120,2025-12-26,CAMP-023,Enterprise Pipeline Builder,LinkedIn Ads,Lead Generation,MENA,New Customers,Desktop,1606,30,4,180.81,555.76
REC-002930,2025-09-17,CAMP-020,Creator Partnership Series,Influencer,Influencer Partnership,MENA,Returning Customers,Desktop,57920,1638,116,1412.32,17003.1
REC-001833,2025-06-11,CAMP-014,Win Back Customers,Email,Reactivation,North America,Students & Young Professionals,Mobile,9923,514,44,102.59,3655.79
REC-000297,2025-01-27,CAMP-017,Product Demo Views,YouTube Ads,Product Education,North America,Students & Young Professionals,Mobile,18126,154,2,158.51,155.58
REC-004600,2026-02-05,CAMP-008,Executive Thought Leadership,LinkedIn Ads,Brand Awareness,North America,New Customers,Mobile,10153,80,2,614.53,104.62
REC-004791,2026-02-22,CAMP-001,Search Growth Engine,Google Ads,Always-on Acquisition,Latin America,Returning Customers,Mobile,11585,438,25,535.1,2545.48
REC-006135,2026-06-22,CAMP-010,Short Video Discovery,TikTok Ads,Prospecting,Asia-Pacific,Students & Young Professionals,Mobile,9140,153,2,129.22,130.17
REC-003618,2025-11-15,CAMP-018,Programmatic Market Reach,Display Ads,Brand Awareness,Europe,Returning Customers,Mobile,41965,194,0,148.47,0.0
REC-002854,2025-09-11,CAMP-020,Creator Partnership Series,Influencer,Influencer Partnership,North America,Students & Young Professionals,Mobile,20483,705,18,391.33,1522.97
REC-005484,2026-04-25,CAMP-008,Executive Thought Leadership,LinkedIn Ads,Brand Awareness,Europe,New Customers,Desktop,3466,28,2,176.47,107.6
REC-004123,2025-12-26,CAMP-020,Creator Partnership Series,Influencer,Influencer Partnership,Latin America,Returning Customers,Mobile,39731,1511,64,1184.77,9091.65
REC-005621,2026-05-08,CAMP-009,Startup Founder Leads,LinkedIn Ads,Lead Generation,North America,Returning Customers,Mobile,1247,23,3,200.74,469.54
REC-004300,2026-01-10,CAMP-020,Creator Partnership Series,Influencer,Influencer Partnership,Asia-Pacific,Returning Customers,Mobile,30476,791,38,912.05,4777.8
REC-003962,2025-12-13,CAMP-016,Video Reach Accelerator,YouTube Ads,Brand Awareness,MENA,Returning Customers,Mobile,45174,374,3,343.46,323.77
REC-001689,2025-05-28,CAMP-003,High Intent Retargeting,Google Ads,Retargeting,Europe,Students & Young Professionals,Tablet,14862,671,43,1161.46,4063.79
REC-002376,2025-08-01,CAMP-011,Creator Product Launch,TikTok Ads,Product Launch,North America,Students & Young Professionals,Mobile,9710,179,4,133.65,276.0
REC-002676,2025-08-26,CAMP-016,Video Reach Accelerator,YouTube Ads,Brand Awareness,Latin America,Enterprise Decision Makers,Desktop,41177,286,5,198.7,993.89
REC-005294,2026-04-09,CAMP-018,Programmatic Market Reach,Display Ads,Brand Awareness,North America,New Customers,Mobile,26372,98,0,90.41,0.0
REC-004404,2026-01-18,CAMP-017,Product Demo Views,YouTube Ads,Product Education,Asia-Pacific,Small Business Owners,Mobile,10990,146,2,144.0,285.64
REC-000980,2025-03-27,CAMP-007,B2B Decision Makers,LinkedIn Ads,Lead Generation,Europe,Small Business Owners,Mobile,8831,149,9,669.25,1784.36
REC-004821,2026-02-24,CAMP-020,Creator Partnership Series,Influencer,Influencer Partnership,Europe,Students & Young Professionals,Desktop,25242,777,25,733.44,1550.53
REC-002456,2025-08-07,CAMP-012,Youth Engagement Sprint,TikTok Ads,Engagement,MENA,Small Business Owners,Desktop,15723,147,4,167.53,322.49
REC-003871,2025-12-05,CAMP-017,Product Demo Views,YouTube Ads,Product Education,MENA,Students & Young Professionals,Mobile,41953,321,5,219.68,458.03
REC-000744,2025-03-06,CAMP-005,Cart Recovery Social,Meta Ads,Retargeting,North America,Returning Customers,Desktop,12480,460,49,551.71,5348.03
REC-002449,2025-08-07,CAMP-005,Cart Recovery Social,Meta Ads,Retargeting,Asia-Pacific,Returning Customers,Tablet,9848,204,14,200.16,1927.74
REC-001664,2025-05-25,CAMP-021,Micro Creator Conversion,Influencer,Influencer Partnership,Europe,Enterprise Decision Makers,Mobile,19472,457,14,420.69,3326.7
REC-003136,2025-10-05,CAMP-020,Creator Partnership Series,Influencer,Influencer Partnership,North America,New Customers,Mobile,39830,1029,37,1187.4,3380.48
REC-003725,2025-11-23,CAMP-022,Holiday Revenue Boost,Meta Ads,Seasonal Promotion,Asia-Pacific,Small Business Owners,Desktop,16457,289,21,330.96,2410.68
REC-005064,2026-03-18,CAMP-017,Product Demo Views,YouTube Ads,Product Education,MENA,New Customers,Mobile,17338,173,2,163.78,176.34
REC-001158,2025-04-11,CAMP-001,Search Growth Engine,Google Ads,Always-on Acquisition,Europe,Returning Customers,Desktop,5476,201,14,334.93,1656.59
REC-004209,2026-01-02,CAMP-018,Programmatic Market Reach,Display Ads,Brand Awareness,Latin America,Returning Customers,Mobile,33316,133,1,114.59,59.21
REC-005489,2026-04-26,CAMP-009,Startup Founder Leads,LinkedIn Ads,Lead Generation,MENA,New Customers,Mobile,1159,19,2,107.55,259.74
REC-001230,2025-04-17,CAMP-015,Monthly Product Digest,Email,Customer Nurture,North America,Returning Customers,Mobile,6492,342,38,78.89,4305.92
REC-000252,2025-01-23,CAMP-002,Brand Demand Capture,Google Ads,Brand Awareness,Asia-Pacific,Returning Customers,Mobile,3595,130,4,221.87,297.1
REC-003371,2025-10-25,CAMP-015,Monthly Product Digest,Email,Customer Nurture,MENA,Small Business Owners,Tablet,5056,234,18,69.71,2378.67
REC-002305,2025-07-26,CAMP-009,Startup Founder Leads,LinkedIn Ads,Lead Generation,MENA,Students & Young Professionals,Tablet,5905,59,3,278.48,277.26
REC-003492,2025-11-04,CAMP-008,Executive Thought Leadership,LinkedIn Ads,Brand Awareness,MENA,Returning Customers,Mobile,8958,82,4,374.49,267.94
REC-001497,2025-05-10,CAMP-015,Monthly Product Digest,Email,Customer Nurture,Europe,New Customers,Mobile,6415,367,29,69.94,3097.45
REC-005333,2026-04-13,CAMP-012,Youth Engagement Sprint,TikTok Ads,Engagement,MENA,New Customers,Desktop,14822,170,5,158.9,312.37
REC-003217,2025-10-12,CAMP-013,Lifecycle Nurture,Email,Customer Nurture,Latin America,Small Business Owners,Desktop,7943,468,75,95.25,9833.43
REC-005760,2026-05-19,CAMP-023,Enterprise Pipeline Builder,LinkedIn Ads,Lead Generation,Asia-Pacific,Enterprise Decision Makers,Desktop,4557,70,7,396.51,2866.41
REC-001564,2025-05-16,CAMP-003,High Intent Retargeting,Google Ads,Retargeting,North America,New Customers,Desktop,5843,268,22,556.24,2737.23
REC-004977,2026-03-11,CAMP-004,Social Scale Prospecting,Meta Ads,Prospecting,Asia-Pacific,Small Business Owners,Tablet,29783,455,12,352.45,1722.37
REC-004250,2026-01-06,CAMP-002,Brand Demand Capture,Google Ads,Brand Awareness,MENA,Students & Young Professionals,Desktop,6358,176,6,315.7,327.35
REC-002340,2025-07-29,CAMP-007,B2B Decision Makers,LinkedIn Ads,Lead Generation,North America,New Customers,Mobile,1836,24,1,198.95,145.17
REC-001213,2025-04-16,CAMP-015,Monthly Product Digest,Email,Customer Nurture,Europe,Students & Young Professionals,Desktop,6117,209,16,70.23,1281.73
REC-001714,2025-05-30,CAMP-007,B2B Decision Makers,LinkedIn Ads,Lead Generation,North America,Returning Customers,Mobile,6399,116,13,791.02,2373.49
REC-002158,2025-07-12,CAMP-002,Brand Demand Capture,Google Ads,Brand Awareness,Europe,Students & Young Professionals,Desktop,11320,316,8,493.61,420.2
REC-002164,2025-07-13,CAMP-016,Video Reach Accelerator,YouTube Ads,Brand Awareness,North America,Small Business Owners,Mobile,16665,108,0,139.46,0.0
REC-002004,2025-06-27,CAMP-004,Social Scale Prospecting,Meta Ads,Prospecting,Europe,Enterprise Decision Makers,Mobile,13643,290,12,344.39,3005.18
REC-006054,2026-06-14,CAMP-009,Startup Founder Leads,LinkedIn Ads,Lead Generation,Asia-Pacific,Students & Young Professionals,Desktop,1667,14,0,109.15,0.0
REC-001532,2025-05-13,CAMP-008,Executive Thought Leadership,LinkedIn Ads,Brand Awareness,Europe,New Customers,Desktop,1509,16,0,145.99,0.0
REC-005086,2026-03-21,CAMP-008,Executive Thought Leadership,LinkedIn Ads,Brand Awareness,Asia-Pacific,Students & Young Professionals,Mobile,3658,33,1,181.3,29.8
REC-000771,2025-03-09,CAMP-020,Creator Partnership Series,Influencer,Influencer Partnership,Latin America,New Customers,Desktop,9233,252,8,287.5,801.51
REC-004374,2026-01-16,CAMP-002,Brand Demand Capture,Google Ads,Brand Awareness,Asia-Pacific,Returning Customers,Mobile,12265,402,12,635.42,1174.1
REC-000994,2025-03-28,CAMP-021,Micro Creator Conversion,Influencer,Influencer Partnership,Asia-Pacific,Small Business Owners,Mobile,32991,1072,33,1055.86,4069.6
REC-005012,2026-03-14,CAMP-005,Cart Recovery Social,Meta Ads,Retargeting,North America,Returning Customers,Mobile,26367,805,43,944.32,6124.18
REC-004694,2026-02-13,CAMP-009,Startup Founder Leads,LinkedIn Ads,Lead Generation,Asia-Pacific,Returning Customers,Desktop,4068,40,5,247.02,858.05
REC-003565,2025-11-10,CAMP-002,Brand Demand Capture,Google Ads,Brand Awareness,MENA,Small Business Owners,Tablet,14652,347,14,542.56,1359.58
REC-001344,2025-04-27,CAMP-005,Cart Recovery Social,Meta Ads,Retargeting,Europe,Students & Young Professionals,Mobile,13937,380,18,443.28,1439.53
REC-001909,2025-06-18,CAMP-001,Search Growth Engine,Google Ads,Always-on Acquisition,Latin America,Returning Customers,Mobile,5412,303,15,465.82,1504.72
REC-004721,2026-02-15,CAMP-005,Cart Recovery Social,Meta Ads,Retargeting,Europe,New Customers,Mobile,21975,1004,35,835.61,2872.32
REC-003816,2025-11-30,CAMP-014,Win Back Customers,Email,Reactivation,North America,Small Business Owners,Mobile,12014,1151,155,136.06,21700.9
REC-002764,2025-09-03,CAMP-020,Creator Partnership Series,Influencer,Influencer Partnership,MENA,Students & Young Professionals,Mobile,28413,1303,27,846.31,1815.69
REC-003404,2025-10-28,CAMP-015,Monthly Product Digest,Email,Customer Nurture,MENA,Small Business Owners,Mobile,8194,383,35,85.5,4032.0
REC-005268,2026-04-07,CAMP-008,Executive Thought Leadership,LinkedIn Ads,Brand Awareness,Europe,Small Business Owners,Mobile,10225,109,5,643.45,355.03
REC-003967,2025-12-13,CAMP-009,Startup Founder Leads,LinkedIn Ads,Lead Generation,Europe,Students & Young Professionals,Desktop,4639,77,6,499.44,513.06
REC-004140,2025-12-27,CAMP-019,Display Retargeting Loop,Display Ads,Retargeting,MENA,Students & Young Professionals,Mobile,15946,164,2,100.12,128.98
REC-004150,2025-12-28,CAMP-024,Mobile App Acquisition,Google Ads,App Acquisition,Asia-Pacific,New Customers,Desktop,16945,779,46,1018.42,3158.0
REC-000637,2025-02-24,CAMP-005,Cart Recovery Social,Meta Ads,Retargeting,MENA,Small Business Owners,Tablet,19971,480,21,443.41,2361.41
REC-000092,2025-01-09,CAMP-003,High Intent Retargeting,Google Ads,Retargeting,MENA,New Customers,Mobile,15657,1084,85,1610.48,11370.65
REC-001238,2025-04-18,CAMP-018,Programmatic Market Reach,Display Ads,Brand Awareness,North America,Returning Customers,Mobile,14350,65,1,69.64,63.68
REC-005144,2026-03-26,CAMP-021,Micro Creator Conversion,Influencer,Influencer Partnership,Latin America,Enterprise Decision Makers,Desktop,27119,966,49,529.48,10732.03
REC-004756,2026-02-19,CAMP-024,Mobile App Acquisition,Google Ads,App Acquisition,MENA,Enterprise Decision Makers,Desktop,11629,381,21,592.79,3537.33
REC-001592,2025-05-19,CAMP-001,Search Growth Engine,Google Ads,Always-on Acquisition,Europe,Students & Young Professionals,Mobile,13093,632,26,990.22,1988.82
REC-000929,2025-03-23,CAMP-013,Lifecycle Nurture,Email,Customer Nurture,North America,Returning Customers,Tablet,3915,188,26,53.38,3054.0
REC-004294,2026-01-09,CAMP-024,Mobile App Acquisition,Google Ads,App Acquisition,Europe,New Customers,Mobile,16179,606,22,934.29,1465.55
REC-004181,2025-12-30,CAMP-014,Win Back Customers,Email,Reactivation,MENA,Returning Customers,Mobile,11113,971,130,130.78,21612.32
REC-001168,2025-04-12,CAMP-019,Display Retargeting Loop,Display Ads,Retargeting,MENA,Students & Young Professionals,Mobile,26444,207,3,118.1,213.33
REC-003166,2025-10-08,CAMP-004,Social Scale Prospecting,Meta Ads,Prospecting,Europe,Students & Young Professionals,Mobile,29236,573,10,599.65,825.61
REC-002111,2025-07-07,CAMP-016,Video Reach Accelerator,YouTube Ads,Brand Awareness,asia-pacific,Returning Customers,Mobile,23636,194,4,204.77,315.44
REC-005271,2026-04-07,CAMP-006,Seasonal Offer Push,Meta Ads,Seasonal Promotion,Europe,Students & Young Professionals,Mobile,21292,473,14,555.59,1133.74
REC-000375,2025-02-03,CAMP-021,Micro Creator Conversion,Influencer,Influencer Partnership,North America,New Customers,Mobile,41129,1346,35,1353.75,3578.7
REC-003866,2025-12-05,CAMP-016,Video Reach Accelerator,YouTube Ads,Brand Awareness,Asia-Pacific,Small Business Owners,Desktop,8257,46,0,49.11,0.0
REC-005565,2026-05-03,CAMP-008,Executive Thought Leadership,LinkedIn Ads,Brand Awareness,Asia-Pacific,New Customers,Desktop,3198,33,1,185.97,49.22
REC-002409,2025-08-04,CAMP-014,Win Back Customers,Email,Reactivation,Latin America,Small Business Owners,Mobile,5038,386,49,65.6,9995.44
REC-004711,2026-02-15,CAMP-010,Short Video Discovery,TikTok Ads,Prospecting,North America,Enterprise Decision Makers,Desktop,13824,160,6,137.54,1930.04
REC-004463,2026-01-24,CAMP-012,Youth Engagement Sprint,TikTok Ads,Engagement,Europe,Enterprise Decision Makers,Tablet,10487,154,3,157.91,525.92
REC-003653,2025-11-17,CAMP-014,Win Back Customers,Email,Reactivation,Latin America,Small Business Owners,Desktop,14629,924,158,155.27,27316.66
REC-005386,2026-04-17,CAMP-016,Video Reach Accelerator,YouTube Ads,Brand Awareness,North America,New Customers,Mobile,27493,238,3,217.77,181.11
REC-001496,2025-05-10,CAMP-023,Enterprise Pipeline Builder,LinkedIn Ads,Lead Generation,Asia-Pacific,New Customers,Desktop,6004,68,6,403.05,782.93
REC-002236,2025-07-19,CAMP-010,Short Video Discovery,TikTok Ads,Prospecting,Asia-Pacific,New Customers,Desktop,17515,254,7,143.12,667.72
REC-006080,2026-06-16,CAMP-023,Enterprise Pipeline Builder,LinkedIn Ads,Lead Generation,Latin America,New Customers,Mobile,3717,57,4,288.16,530.94
REC-004000,2025-12-16,CAMP-024,Mobile App Acquisition,Google Ads,App Acquisition,North America,Students & Young Professionals,Desktop,12708,355,12,636.19,427.64
REC-000690,2025-03-01,CAMP-016,Video Reach Accelerator,YouTube Ads,Brand Awareness,North America,Enterprise Decision Makers,Tablet,30744,194,2,173.89,504.93
REC-000627,2025-02-24,CAMP-019,Display Retargeting Loop,Display Ads,Retargeting,Europe,Students & Young Professionals,Desktop,34472,188,2,139.23,140.96
REC-001953,2025-06-22,CAMP-007,B2B Decision Makers,LinkedIn Ads,Lead Generation,Asia-Pacific,Returning Customers,Mobile,7382,117,13,537.5,2430.97
REC-000233,2025-01-21,CAMP-003,High Intent Retargeting,Google Ads,Retargeting,North America,New Customers,Mobile,5462,421,32,889.02,4236.45
REC-000452,2025-02-09,CAMP-023,Enterprise Pipeline Builder,LinkedIn Ads,Lead Generation,Latin America,Enterprise Decision Makers,Mobile,1961,37,5,160.03,1956.41
REC-005187,2026-03-30,CAMP-024,Mobile App Acquisition,Google Ads,App Acquisition,North America,Small Business Owners,Mobile,10514,377,20,747.21,1423.49
REC-002639,2025-08-23,CAMP-008,Executive Thought Leadership,LinkedIn Ads,Brand Awareness,Europe,Small Business Owners,Mobile,2519,17,0,158.27,0.0
REC-005026,2026-03-15,CAMP-001,Search Growth Engine,Google Ads,Always-on Acquisition,Latin America,Returning Customers,Mobile,8941,334,21,496.64,2682.76
REC-003770,2025-11-26,CAMP-024,Mobile App Acquisition,Google Ads,App Acquisition,North America,Small Business Owners,Mobile,14296,518,26,1188.23,1907.94
REC-004561,2026-02-02,CAMP-011,Creator Product Launch,TikTok Ads,Product Launch,north america,Small Business Owners,Mobile,24180,450,12,341.55,2000.99
REC-000913,2025-03-21,CAMP-004,Social Scale Prospecting,Meta Ads,Prospecting,Asia-Pacific,Returning Customers,Desktop,30989,481,27,446.93,2961.6
REC-001719,2025-05-30,CAMP-008,Executive Thought Leadership,LinkedIn Ads,Brand Awareness,Asia-Pacific,New Customers,Mobile,1937,20,1,109.05,44.71
REC-003610,2025-11-14,CAMP-017,Product Demo Views,YouTube Ads,Product Education,Europe,New Customers,Desktop,8650,78,1,83.86,110.78
REC-005088,2026-03-21,CAMP-010,Short Video Discovery,TikTok Ads,Prospecting,Latin America,Returning Customers,Desktop,12003,188,5,127.8,698.32
REC-001730,2025-06-01,CAMP-004,Social Scale Prospecting,Meta Ads,Prospecting,Europe,New Customers,Mobile,21994,535,18,599.2,2042.21
REC-005685,2026-05-13,CAMP-021,Micro Creator Conversion,Influencer,Influencer Partnership,North America,Students & Young Professionals,Mobile,21612,803,15,488.22,1163.98
REC-005701,2026-05-15,CAMP-002,Brand Demand Capture,Google Ads,Brand Awareness,North America,Students & Young Professionals,Desktop,6889,186,7,426.64,426.35
REC-000685,2025-03-01,CAMP-001,Search Growth Engine,Google Ads,Always-on Acquisition,Europe,Returning Customers,Mobile,13066,668,50,1051.21,5358.85
REC-000213,2025-01-19,CAMP-004,Social Scale Prospecting,Meta Ads,Prospecting,Latin America,New Customers,Tablet,20897,348,9,231.92,1023.88
REC-003740,2025-11-24,CAMP-018,Programmatic Market Reach,Display Ads,Brand Awareness,Europe,Students & Young Professionals,Mobile,13956,48,0,50.88,0.0
REC-001918,2025-06-19,CAMP-023,Enterprise Pipeline Builder,LinkedIn Ads,Lead Generation,Asia-Pacific,Returning Customers,Mobile,2830,61,7,268.77,1182.06
REC-002597,2025-08-20,CAMP-009,Startup Founder Leads,LinkedIn Ads,Lead Generation,Europe,Small Business Owners,Mobile,5194,87,5,390.51,1009.53
REC-002866,2025-09-12,CAMP-010,Short Video Discovery,TikTok Ads,Prospecting,Asia-Pacific,New Customers,Mobile,23413,299,4,216.99,383.35
REC-003314,2025-10-20,CAMP-006,Seasonal Offer Push,Meta Ads,Seasonal Promotion,North America,Returning Customers,Mobile,10208,295,12,398.67,1690.54
REC-000134,2025-01-12,CAMP-014,Win Back Customers,Email,Reactivation,Latin America,Returning Customers,Desktop,7568,460,96,96.67,13785.53
REC-002509,2025-08-12,CAMP-001,Search Growth Engine,Google Ads,Always-on Acquisition,Europe,Enterprise Decision Makers,Mobile,8002,444,32,844.3,9005.88
REC-003554,2025-11-09,CAMP-018,Programmatic Market Reach,Display Ads,Brand Awareness,Europe,Students & Young Professionals,Mobile,16448,53,0,33.58,0.0
REC-001796,2025-06-07,CAMP-004,Social Scale Prospecting,Meta Ads,Prospecting,Asia-Pacific,Returning Customers,Desktop,7248,144,8,138.64,1129.85
REC-006154,2026-06-24,CAMP-020,Creator Partnership Series,Influencer,Influencer Partnership,MENA,New Customers,Tablet,59154,1167,33,1267.67,3690.53
REC-003612,2025-11-14,CAMP-019,Display Retargeting Loop,Display Ads,Retargeting,MENA,Returning Customers,Desktop,34737,267,8,132.31,1224.81
REC-002742,2025-09-01,CAMP-016,Video Reach Accelerator,YouTube Ads,Brand Awareness,Asia-Pacific,Small Business Owners,Mobile,24324,154,2,150.27,250.65
REC-005119,2026-03-24,CAMP-003,High Intent Retargeting,Google Ads,Retargeting,North America,New Customers,Desktop,6710,423,30,883.49,3131.2
REC-005027,2026-03-15,CAMP-007,B2B Decision Makers,LinkedIn Ads,Lead Generation,North America,Students & Young Professionals,Tablet,8492,124,5,906.62,514.08
REC-004605,2026-02-05,CAMP-002,Brand Demand Capture,Google Ads,Brand Awareness,MENA,Students & Young Professionals,Desktop,12772,311,8,454.54,456.57
REC-005357,2026-04-14,CAMP-005,Cart Recovery Social,Meta Ads,Retargeting,Asia-Pacific,Returning Customers,Mobile,19075,673,65,608.07,6371.05
REC-000414,2025-02-06,CAMP-024,Mobile App Acquisition,Google Ads,App Acquisition,north america,New Customers,Tablet,20997,502,15,908.82,853.04
REC-005015,2026-03-14,CAMP-016,Video Reach Accelerator,YouTube Ads,Brand Awareness,Europe,New Customers,Mobile,16343,152,1,130.25,82.34
REC-000203,2025-01-18,CAMP-005,Cart Recovery Social,Meta Ads,Retargeting,North America,Small Business Owners,Mobile,20224,637,38,674.32,5455.25
REC-000990,2025-03-28,CAMP-015,Monthly Product Digest,Email,Customer Nurture,Europe,Students & Young Professionals,Mobile,4549,253,16,59.46,1231.36
REC-000893,2025-03-20,CAMP-015,Monthly Product Digest,Email,Customer Nurture,Europe,New Customers,Desktop,4449,258,22,55.56,2376.64
REC-001437,2025-05-04,CAMP-021,Micro Creator Conversion,Influencer,Influencer Partnership,North America,Returning Customers,Desktop,17048,434,28,512.68,2729.83
REC-002295,2025-07-25,CAMP-008,Executive Thought Leadership,LinkedIn Ads,Brand Awareness,Asia-Pacific,New Customers,Desktop,4515,29,0,190.63,0.0
REC-003665,2025-11-18,CAMP-024,Mobile App Acquisition,Google Ads,App Acquisition,North America,Returning Customers,Mobile,9628,371,26,584.21,1945.28
REC-005694,2026-05-14,CAMP-021,Micro Creator Conversion,Influencer,Influencer Partnership,MENA,New Customers,Mobile,20564,655,20,403.67,2023.79
REC-003063,2025-09-28,CAMP-003,High Intent Retargeting,Google Ads,Retargeting,North America,Enterprise Decision Makers,Desktop,15328,864,115,1563.59,45004.56
REC-000553,2025-02-17,CAMP-012,Youth Engagement Sprint,TikTok Ads,Engagement,Asia-Pacific,Students & Young Professionals,Mobile,26870,468,6,322.75,299.9
REC-002584,2025-08-19,CAMP-018,Programmatic Market Reach,Display Ads,Brand Awareness,Asia-Pacific,New Customers,Desktop,9217,40,0,72.33,0.0
REC-002405,2025-08-03,CAMP-010,Short Video Discovery,TikTok Ads,Prospecting,MENA,Returning Customers,Desktop,20528,287,9,212.18,1059.28
REC-002116,2025-07-08,CAMP-005,Cart Recovery Social,Meta Ads,Retargeting,Asia-Pacific,Enterprise Decision Makers,Desktop,27475,864,63,840.76,14907.59
REC-005227,2026-04-03,CAMP-013,Lifecycle Nurture,Email,Customer Nurture,MENA,Students & Young Professionals,Desktop,15738,813,102,154.6,6262.08
REC-000534,2025-02-16,CAMP-017,Product Demo Views,YouTube Ads,Product Education,North America,New Customers,Desktop,34011,256,6,238.93,589.13
REC-002404,2025-08-03,CAMP-018,Programmatic Market Reach,Display Ads,Brand Awareness,North America,Enterprise Decision Makers,Desktop,10018,39,1,31.96,124.61
REC-003433,2025-10-30,CAMP-001,Search Growth Engine,Google Ads,Always-on Acquisition,North America,New Customers,Tablet,18160,532,21,1162.7,2359.04
REC-002810,2025-09-07,CAMP-007,B2B Decision Makers,LinkedIn Ads,Lead Generation,North America,Students & Young Professionals,Desktop,4071,65,5,480.5,454.3
REC-003733,2025-11-24,CAMP-023,Enterprise Pipeline Builder,LinkedIn Ads,Lead Generation,Europe,Students & Young Professionals,Mobile,2967,50,4,336.72,423.86
REC-000464,2025-02-10,CAMP-002,Brand Demand Capture,Google Ads,Brand Awareness,Europe,New Customers,Desktop,10797,324,12,543.15,926.59
REC-004472,2026-01-25,CAMP-021,Micro Creator Conversion,Influencer,Influencer Partnership,MENA,Students & Young Professionals,Mobile,40206,1435,40,1038.01,2989.58
REC-005304,2026-04-10,CAMP-009,Startup Founder Leads,LinkedIn Ads,Lead Generation,MENA,Returning Customers,Mobile,7662,129,12,503.52,1909.15
REC-005572,2026-05-03,CAMP-015,Monthly Product Digest,Email,Customer Nurture,North America,New Customers,Tablet,4477,197,11,65.31,1097.33
REC-001955,2025-06-22,CAMP-020,Creator Partnership Series,Influencer,Influencer Partnership,Asia-Pacific,Enterprise Decision Makers,Mobile,27016,1015,36,956.86,8090.09
REC-004083,2025-12-23,CAMP-013,Lifecycle Nurture,Email,Customer Nurture,Latin America,Enterprise Decision Makers,Desktop,2917,147,14,36.72,3062.97
REC-005206,2026-04-01,CAMP-004,Social Scale Prospecting,Meta Ads,Prospecting,MENA,Small Business Owners,Desktop,18856,448,18,395.48,2924.24
REC-002683,2025-08-27,CAMP-021,Micro Creator Conversion,Influencer,Influencer Partnership,Asia-Pacific,Enterprise Decision Makers,Tablet,12122,392,12,303.55,3924.34
REC-004353,2026-01-15,CAMP-009,Startup Founder Leads,LinkedIn Ads,Lead Generation,North America,Returning Customers,Mobile,8210,146,16,947.74,2126.32
REC-000820,2025-03-14,CAMP-020,Creator Partnership Series,Influencer,Influencer Partnership,North America,Enterprise Decision Makers,Desktop,49567,1350,60,1465.66,16190.71
REC-002595,2025-08-20,CAMP-011,Creator Product Launch,TikTok Ads,Product Launch,MENA,Small Business Owners,Mobile,32193,544,14,440.48,1905.34
REC-002915,2025-09-16,CAMP-014,Win Back Customers,Email,Reactivation,Latin America,New Customers,Mobile,7474,478,60,90.81,7488.4
REC-003494,2025-11-05,CAMP-014,Win Back Customers,Email,Reactivation,Latin America,Small Business Owners,Desktop,15593,866,155,160.99,27287.31
REC-002599,2025-08-20,CAMP-002,Brand Demand Capture,Google Ads,Brand Awareness,Asia-Pacific,Enterprise Decision Makers,Desktop,10375,323,15,578.19,2552.65
REC-004567,2026-02-02,CAMP-009,Startup Founder Leads,LinkedIn Ads,Lead Generation,Europe,Small Business Owners,Mobile,5613,100,5,522.99,992.87
REC-005069,2026-03-19,CAMP-016,Video Reach Accelerator,YouTube Ads,Brand Awareness,Europe,Small Business Owners,Mobile,27839,230,2,242.01,221.31
REC-004660,2026-02-11,CAMP-021,Micro Creator Conversion,Influencer,Influencer Partnership,Europe,Students & Young Professionals,Mobile,12558,415,11,242.54,906.92
REC-005973,2026-06-07,CAMP-003,High Intent Retargeting,Google Ads,Retargeting,North America,Returning Customers,Mobile,11269,630,58,1163.76,9574.92
REC-005170,2026-03-29,CAMP-024,Mobile App Acquisition,Google Ads,App Acquisition,Asia-Pacific,Students & Young Professionals,Desktop,13705,392,21,605.15,828.75
REC-002905,2025-09-15,CAMP-012,Youth Engagement Sprint,TikTok Ads,Engagement,MENA,Enterprise Decision Makers,Desktop,30877,304,10,232.66,2241.16
REC-000694,2025-03-02,CAMP-014,Win Back Customers,Email,Reactivation,Latin America,Returning Customers,Desktop,10339,628,141,117.9,17246.61
REC-004301,2026-01-10,CAMP-003,High Intent Retargeting,Google Ads,Retargeting,MENA,Small Business Owners,Mobile,5072,284,22,471.0,3116.61
REC-000722,2025-03-04,CAMP-007,B2B Decision Makers,LinkedIn Ads,Lead Generation,Europe,Small Business Owners,Mobile,7499,91,8,401.67,1446.18
REC-001294,2025-04-23,CAMP-004,Social Scale Prospecting,Meta Ads,Prospecting,Asia-Pacific,Enterprise Decision Makers,Mobile,30268,819,37,663.35,8068.27
REC-005236,2026-04-04,CAMP-009,Startup Founder Leads,LinkedIn Ads,Lead Generation,North America,Returning Customers,Mobile,1300,17,0,152.38,0.0
REC-001356,2025-04-27,CAMP-020,Creator Partnership Series,Influencer,Influencer Partnership,Europe,Returning Customers,Mobile,29350,927,41,641.74,4510.35
REC-001157,2025-04-11,CAMP-006,Seasonal Offer Push,Meta Ads,Seasonal Promotion,North America,Small Business Owners,Mobile,11376,294,12,334.01,1802.17
REC-000677,2025-02-28,CAMP-023,Enterprise Pipeline Builder,LinkedIn Ads,Lead Generation,Europe,New Customers,Desktop,6009,89,6,384.9,775.24
REC-002180,2025-07-14,CAMP-018,Programmatic Market Reach,Display Ads,Brand Awareness,North America,Returning Customers,Desktop,37431,99,1,99.46,69.19
REC-004586,2026-02-04,CAMP-004,Social Scale Prospecting,Meta Ads,Prospecting,Latin America,Returning Customers,Mobile,20414,401,15,265.63,1493.62
REC-003669,2025-11-19,CAMP-023,Enterprise Pipeline Builder,LinkedIn Ads,Lead Generation,North America,Small Business Owners,Desktop,9491,160,20,1017.08,4483.61
REC-000555,2025-02-17,CAMP-024,Mobile App Acquisition,Google Ads,App Acquisition,Latin America,New Customers,Mobile,11618,368,14,470.61,990.86
REC-001793,2025-06-07,CAMP-017,Product Demo Views,YouTube Ads,Product Education,MENA,Returning Customers,Mobile,40397,458,8,382.69,1010.34
REC-002838,2025-09-10,CAMP-002,Brand Demand Capture,Google Ads,Brand Awareness,Europe,Returning Customers,Tablet,6752,223,7,347.7,639.79
REC-000810,2025-03-13,CAMP-012,Youth Engagement Sprint,TikTok Ads,Engagement,Europe,New Customers,Mobile,21499,380,6,296.14,343.43
REC-002546,2025-08-15,CAMP-021,Micro Creator Conversion,Influencer,Influencer Partnership,MENA,Small Business Owners,Mobile,27227,935,37,702.76,5378.35
REC-003086,2025-09-30,CAMP-013,Lifecycle Nurture,Email,Customer Nurture,MENA,Small Business Owners,Mobile,6404,443,46,85.48,5455.97
REC-001688,2025-05-28,CAMP-003,High Intent Retargeting,Google Ads,Retargeting,Europe,Small Business Owners,Mobile,14062,821,50,1407.32,8960.22
REC-001283,2025-04-22,CAMP-001,Search Growth Engine,Google Ads,Always-on Acquisition,North America,Returning Customers,Mobile,20577,1246,71,2225.3,9152.83
REC-003560,2025-11-10,CAMP-015,Monthly Product Digest,Email,Customer Nurture,MENA,Students & Young Professionals,Desktop,9702,476,33,111.54,2740.68
REC-006159,2026-06-24,CAMP-016,Video Reach Accelerator,YouTube Ads,Brand Awareness,Latin America,Returning Customers,Desktop,7987,69,1,78.94,108.47
REC-002075,2025-07-04,CAMP-014,Win Back Customers,Email,Reactivation,North America,Small Business Owners,Mobile,6313,575,76,94.79,11477.18
REC-003273,2025-10-17,CAMP-003,High Intent Retargeting,Google Ads,Retargeting,North America,Returning Customers,Mobile,16756,1345,127,2171.99,20212.81
REC-005697,2026-05-14,CAMP-011,Creator Product Launch,TikTok Ads,Product Launch,North America,Returning Customers,Tablet,6737,115,3,120.53,301.58
REC-000681,2025-03-01,CAMP-018,Programmatic Market Reach,Display Ads,Brand Awareness,MENA,Students & Young Professionals,Mobile,51232,193,0,94.39,0.0
REC-003275,2025-10-17,CAMP-024,Mobile App Acquisition,Google Ads,App Acquisition,North America,Enterprise Decision Makers,Desktop,5927,157,8,383.22,1623.14
REC-006084,2026-06-17,CAMP-017,Product Demo Views,YouTube Ads,Product Education,Asia-Pacific,New Customers,Desktop,23517,265,6,212.58,599.77
REC-002957,2025-09-19,CAMP-006,Seasonal Offer Push,Meta Ads,Seasonal Promotion,North America,Small Business Owners,Mobile,6410,197,6,220.87,976.01
REC-002189,2025-07-15,CAMP-009,Startup Founder Leads,LinkedIn Ads,Lead Generation,Europe,Returning Customers,Desktop,5287,66,7,332.09,882.92
REC-000825,2025-03-14,CAMP-010,Short Video Discovery,TikTok Ads,Prospecting,Asia-Pacific,Students & Young Professionals,Desktop,31278,461,7,266.92,571.38
REC-004950,2026-03-08,CAMP-010,Short Video Discovery,TikTok Ads,Prospecting,MENA,New Customers,Mobile,11994,167,3,127.38,337.05
REC-002847,2025-09-10,CAMP-014,Win Back Customers,Email,Reactivation,Europe,New Customers,Desktop,2921,137,21,53.24,2467.86
REC-004649,2026-02-10,CAMP-021,Micro Creator Conversion,Influencer,Influencer Partnership,Europe,New Customers,Desktop,34426,1051,33,992.31,2524.22
REC-003786,2025-11-28,CAMP-021,Micro Creator Conversion,Influencer,Influencer Partnership,MENA,Enterprise Decision Makers,Desktop,14963,391,27,409.36,8321.46
REC-005590,2026-05-05,CAMP-024,Mobile App Acquisition,Google Ads,App Acquisition,Europe,Students & Young Professionals,Mobile,15163,670,22,1168.82,983.43
REC-001727,2025-05-31,CAMP-019,Display Retargeting Loop,Display Ads,Retargeting,Asia-Pacific,Enterprise Decision Makers,Mobile,9551,94,1,52.11,331.23
REC-000541,2025-02-16,CAMP-012,Youth Engagement Sprint,TikTok Ads,Engagement,North America,Small Business Owners,Mobile,21615,390,10,344.66,1047.99
REC-002925,2025-09-17,CAMP-018,Programmatic Market Reach,Display Ads,Brand Awareness,Europe,Small Business Owners,Mobile,28881,109,1,95.8,65.63
REC-005071,2026-03-20,CAMP-013,Lifecycle Nurture,Email,Customer Nurture,Europe,Small Business Owners,Mobile,5420,401,37,80.87,4874.41
REC-000901,2025-03-20,CAMP-016,Video Reach Accelerator,YouTube Ads,Brand Awareness,North America,Small Business Owners,Mobile,31818,303,4,313.02,523.41
REC-000917,2025-03-22,CAMP-002,Brand Demand Capture,Google Ads,Brand Awareness,Europe,New Customers,Desktop,9973,250,12,475.86,905.26
REC-005370,2026-04-15,CAMP-023,Enterprise Pipeline Builder,LinkedIn Ads,Lead Generation,MENA,Small Business Owners,Mobile,6745,118,8,632.37,2020.97
REC-001167,2025-04-12,CAMP-006,Seasonal Offer Push,Meta Ads,Seasonal Promotion,MENA,New Customers,Mobile,21082,436,12,348.42,978.55
REC-004914,2026-03-05,CAMP-024,Mobile App Acquisition,Google Ads,App Acquisition,Asia-Pacific,Students & Young Professionals,Mobile,16091,745,26,1164.25,1208.82
REC-004230,2026-01-04,CAMP-001,Search Growth Engine,Google Ads,Always-on Acquisition,MENA,New Customers,Tablet,4638,162,7,278.2,784.07
REC-005953,2026-06-05,CAMP-002,Brand Demand Capture,Google Ads,Brand Awareness,Europe,New Customers,Mobile,4541,112,4,188.19,227.03
REC-003909,2025-12-08,CAMP-009,Startup Founder Leads,LinkedIn Ads,Lead Generation,North America,Enterprise Decision Makers,Desktop,10621,122,12,761.16,4200.31
REC-005714,2026-05-15,CAMP-019,Display Retargeting Loop,Display Ads,Retargeting,MENA,Returning Customers,Tablet,27913,175,4,76.29,618.58
REC-001388,2025-04-30,CAMP-014,Win Back Customers,Email,Reactivation,Europe,Students & Young Professionals,Mobile,2641,241,20,55.69,1383.44
REC-000212,2025-01-19,CAMP-004,Social Scale Prospecting,Meta Ads,Prospecting,MENA,Small Business Owners,Mobile,11515,262,10,198.69,1292.24
REC-000662,2025-02-27,CAMP-004,Social Scale Prospecting,Meta Ads,Prospecting,North America,Returning Customers,Desktop,15704,309,21,412.9,2947.38
REC-000043,2025-01-04,CAMP-019,Display Retargeting Loop,Display Ads,Retargeting,MENA,Students & Young Professionals,Mobile,28612,274,3,140.13,208.96
REC-005576,2026-05-04,CAMP-001,Search Growth Engine,Google Ads,Always-on Acquisition,MENA,New Customers,Tablet,5815,268,12,404.41,1106.89
REC-006076,2026-06-16,CAMP-021,Micro Creator Conversion,Influencer,Influencer Partnership,North America,New Customers,Mobile,31225,905,18,742.26,1594.1
REC-005448,2026-04-22,CAMP-007,B2B Decision Makers,LinkedIn Ads,Lead Generation,Europe,New Customers,Tablet,6671,84,5,519.46,562.3
REC-006034,2026-06-12,CAMP-003,High Intent Retargeting,Google Ads,Retargeting,Europe,Small Business Owners,Desktop,8086,452,70,716.68,9774.85
REC-002112,2025-07-08,CAMP-010,Short Video Discovery,TikTok Ads,Prospecting,North America,Enterprise Decision Makers,Mobile,23839,377,7,359.08,1940.97
REC-000969,2025-03-26,CAMP-012,Youth Engagement Sprint,TikTok Ads,Engagement,North America,Returning Customers,Mobile,10356,147,3,170.53,295.0
REC-005690,2026-05-14,CAMP-019,Display Retargeting Loop,Display Ads,Retargeting,Asia-Pacific,New Customers,Mobile,46349,314,6,128.55,529.41
REC-004457,2026-01-23,CAMP-021,Micro Creator Conversion,Influencer,Influencer Partnership,Asia-Pacific,New Customers,Mobile,54150,1678,61,1319.59,5485.4
REC-005845,2026-05-27,CAMP-001,Search Growth Engine,Google Ads,Always-on Acquisition,North America,Small Business Owners,Tablet,12758,564,28,1268.15,3297.62
REC-004855,2026-02-27,CAMP-021,Micro Creator Conversion,Influencer,Influencer Partnership,Asia-Pacific,New Customers,Desktop,18023,565,17,526.89,1434.27
REC-002861,2025-09-12,CAMP-016,Video Reach Accelerator,YouTube Ads,Brand Awareness,North America,Returning Customers,Desktop,10608,85,2,100.53,203.41
REC-003082,2025-09-30,CAMP-023,Enterprise Pipeline Builder,LinkedIn Ads,Lead Generation,North America,Returning Customers,Mobile,7836,105,10,569.66,1645.6
REC-005324,2026-04-12,CAMP-021,Micro Creator Conversion,Influencer,Influencer Partnership,MENA,New Customers,Desktop,12928,475,21,380.47,1613.16
REC-000569,2025-02-19,CAMP-008,Executive Thought Leadership,LinkedIn Ads,Brand Awareness,Asia-Pacific,New Customers,Desktop,2133,10,0,64.9,0.0
REC-005975,2026-06-07,CAMP-015,Monthly Product Digest,Email,Customer Nurture,North America,New Customers,Mobile,9350,602,43,107.87,3351.64
REC-003975,2025-12-14,CAMP-001,Search Growth Engine,Google Ads,Always-on Acquisition,Latin America,Returning Customers,Desktop,17301,694,82,760.84,10628.86
REC-002276,2025-07-23,CAMP-019,Display Retargeting Loop,Display Ads,Retargeting,North America,New Customers,Desktop,32612,256,6,161.56,713.8
REC-005834,2026-05-26,CAMP-024,Mobile App Acquisition,Google Ads,App Acquisition,Europe,Students & Young Professionals,Mobile,16795,616,23,896.55,825.55
REC-004243,2026-01-05,CAMP-016,Video Reach Accelerator,YouTube Ads,Brand Awareness,Asia-Pacific,Returning Customers,Tablet,36908,237,3,184.22,326.86
REC-000311,2025-01-28,CAMP-010,Short Video Discovery,TikTok Ads,Prospecting,Asia-Pacific,Small Business Owners,Desktop,25942,480,14,316.84,1817.24
REC-004128,2025-12-26,CAMP-005,Cart Recovery Social,Meta Ads,Retargeting,MENA,Students & Young Professionals,Mobile,10968,447,19,448.45,1101.23
REC-005940,2026-06-04,CAMP-020,Creator Partnership Series,Influencer,Influencer Partnership,Asia-Pacific,Enterprise Decision Makers,Mobile,23056,614,27,761.7,6782.16
REC-001363,2025-04-28,CAMP-009,Startup Founder Leads,LinkedIn Ads,Lead Generation,Latin America,New Customers,Mobile,9007,153,10,643.37,1446.35
REC-004815,2026-02-24,CAMP-014,Win Back Customers,Email,Reactivation,Asia-Pacific,Returning Customers,Desktop,2095,154,35,44.54,5067.04
REC-003900,2025-12-08,CAMP-018,Programmatic Market Reach,Display Ads,Brand Awareness,Latin America,Students & Young Professionals,Desktop,28466,114,2,74.18,89.76
REC-002808,2025-09-07,CAMP-015,Monthly Product Digest,Email,Customer Nurture,Europe,Enterprise Decision Makers,Mobile,15022,1108,76,157.38,23892.46
REC-004323,2026-01-12,CAMP-012,Youth Engagement Sprint,TikTok Ads,Engagement,Asia-Pacific,Returning Customers,Mobile,16857,246,6,228.07,545.99
REC-005963,2026-06-06,CAMP-008,Executive Thought Leadership,LinkedIn Ads,Brand Awareness,MENA,Returning Customers,Tablet,2227,19,0,155.8,0.0
REC-001722,2025-05-31,CAMP-017,Product Demo Views,YouTube Ads,Product Education,MENA,Small Business Owners,Mobile,20986,287,5,267.71,785.05
REC-001432,2025-05-04,CAMP-003,High Intent Retargeting,Google Ads,Retargeting,North America,New Customers,Mobile,7642,689,35,1434.01,4127.2
REC-002967,2025-09-20,CAMP-007,B2B Decision Makers,LinkedIn Ads,Lead Generation,Europe,New Customers,Mobile,4156,57,4,339.77,501.84
REC-002517,2025-08-13,CAMP-001,Search Growth Engine,Google Ads,Always-on Acquisition,MENA,Small Business Owners,Tablet,18952,582,25,979.15,2981.47
REC-004752,2026-02-18,CAMP-004,Social Scale Prospecting,Meta Ads,Prospecting,North America,Enterprise Decision Makers,Desktop,7631,155,6,222.78,1848.76
REC-001668,2025-05-26,CAMP-023,Enterprise Pipeline Builder,LinkedIn Ads,Lead Generation,Europe,Small Business Owners,Mobile,2631,44,4,264.54,889.17
REC-002680,2025-08-26,CAMP-015,Monthly Product Digest,Email,Customer Nurture,Europe,Returning Customers,Desktop,5564,203,27,64.55,2923.29
REC-001924,2025-06-20,CAMP-003,High Intent Retargeting,Google Ads,Retargeting,Asia-Pacific,Returning Customers,Desktop,12133,647,66,895.58,10250.88
REC-001245,2025-04-18,CAMP-013,Lifecycle Nurture,Email,Customer Nurture,MENA,New Customers,Mobile,3663,269,20,55.46,1916.81
REC-000028,2025-01-03,CAMP-021,Micro Creator Conversion,Influencer,Influencer Partnership,Asia-Pacific,New Customers,Tablet,10771,219,4,208.32,329.37
REC-004979,2026-03-11,CAMP-020,Creator Partnership Series,Influencer,Influencer Partnership,Latin America,New Customers,Mobile,34342,895,19,1008.9,1492.34
REC-004891,2026-03-03,CAMP-021,Micro Creator Conversion,Influencer,Influencer Partnership,Asia-Pacific,New Customers,Mobile,38500,1299,26,957.11,2659.71
REC-004242,2026-01-05,CAMP-002,Brand Demand Capture,Google Ads,Brand Awareness,North America,Students & Young Professionals,Desktop,6327,153,4,357.05,220.67
REC-003209,2025-10-12,CAMP-009,Startup Founder Leads,LinkedIn Ads,Lead Generation,Latin America,Students & Young Professionals,Mobile,3638,70,3,275.33,304.23
REC-000400,2025-02-05,CAMP-010,Short Video Discovery,TikTok Ads,Prospecting,Europe,New Customers,Mobile,23310,382,7,323.19,771.01
REC-004861,2026-02-28,CAMP-014,Win Back Customers,Email,Reactivation,North America,Returning Customers,Desktop,12394,813,167,128.14,24527.56
REC-001179,2025-04-13,CAMP-017,Product Demo Views,YouTube Ads,Product Education,North America,Small Business Owners,Mobile,9429,85,3,81.6,394.27
REC-003017,2025-09-24,CAMP-012,Youth Engagement Sprint,TikTok Ads,Engagement,MENA,Small Business Owners,Mobile,34354,376,8,348.32,909.96
REC-004155,2025-12-28,CAMP-007,B2B Decision Makers,LinkedIn Ads,Lead Generation,North America,Small Business Owners,Desktop,8192,89,8,608.24,1596.55
REC-005340,2026-04-13,CAMP-001,Search Growth Engine,Google Ads,Always-on Acquisition,Latin America,Small Business Owners,Mobile,12703,534,18,741.99,2601.12
REC-005404,2026-04-18,CAMP-014,Win Back Customers,Email,Reactivation,MENA,Students & Young Professionals,Desktop,9607,657,99,109.88,9381.14
REC-001152,2025-04-10,CAMP-023,Enterprise Pipeline Builder,LinkedIn Ads,Lead Generation,North America,Returning Customers,Mobile,8713,113,11,605.73,1725.02
REC-001798,2025-06-07,CAMP-018,Programmatic Market Reach,Display Ads,Brand Awareness,Europe,Students & Young Professionals,Desktop,39247,106,1,82.89,42.33
REC-003892,2025-12-07,CAMP-024,Mobile App Acquisition,Google Ads,App Acquisition,North America,New Customers,Desktop,19298,488,27,911.37,1537.95
REC-001093,2025-04-06,CAMP-017,Product Demo Views,YouTube Ads,Product Education,MENA,Returning Customers,Mobile,17287,232,6,170.86,885.6
REC-003255,2025-10-15,CAMP-016,Video Reach Accelerator,YouTube Ads,Brand Awareness,North America,New Customers,Desktop,38635,261,3,308.87,181.34
REC-000813,2025-03-13,CAMP-023,Enterprise Pipeline Builder,LinkedIn Ads,Lead Generation,Europe,Returning Customers,Mobile,7710,107,10,655.48,1732.63
REC-004324,2026-01-12,CAMP-021,Micro Creator Conversion,Influencer,Influencer Partnership,MENA,Returning Customers,Mobile,24911,830,50,718.6,6651.66
REC-006157,2026-06-24,CAMP-009,Startup Founder Leads,LinkedIn Ads,Lead Generation,Asia-Pacific,New Customers,Mobile,3076,63,5,289.97,508.97
REC-005269,2026-04-07,CAMP-013,Lifecycle Nurture,Email,Customer Nurture,Asia-Pacific,New Customers,Mobile,4253,250,16,67.24,1226.76
REC-002106,2025-07-07,CAMP-009,Startup Founder Leads,LinkedIn Ads,Lead Generation,North America,Enterprise Decision Makers,Desktop,2849,39,6,230.89,1918.69
REC-003767,2025-11-26,CAMP-016,Video Reach Accelerator,YouTube Ads,Brand Awareness,Europe,Students & Young Professionals,Mobile,28554,284,2,301.63,89.3
REC-000846,2025-03-16,CAMP-010,Short Video Discovery,TikTok Ads,Prospecting,Europe,Students & Young Professionals,Desktop,12678,187,4,147.28,261.82
REC-004637,2026-02-08,CAMP-018,Programmatic Market Reach,Display Ads,Brand Awareness,North America,Returning Customers,Mobile,11279,35,1,73.18,79.37
REC-005835,2026-05-26,CAMP-011,Creator Product Launch,TikTok Ads,Product Launch,Asia-Pacific,Enterprise Decision Makers,Desktop,15037,211,6,187.91,1715.21
REC-002179,2025-07-14,CAMP-018,Programmatic Market Reach,Display Ads,Brand Awareness,Europe,Small Business Owners,Mobile,20882,62,0,46.45,0.0
REC-005371,2026-04-16,CAMP-003,High Intent Retargeting,Google Ads,Retargeting,Asia-Pacific,New Customers,Desktop,18332,1089,81,1393.47,10651.74
REC-001324,2025-04-25,CAMP-016,Video Reach Accelerator,YouTube Ads,Brand Awareness,Latin America,Students & Young Professionals,Mobile,14842,132,2,117.82,87.45
REC-000172,2025-01-15,CAMP-017,Product Demo Views,YouTube Ads,Product Education,Europe,Students & Young Professionals,Mobile,17762,235,3,193.16,231.53
REC-001368,2025-04-28,CAMP-002,Brand Demand Capture,Google Ads,Brand Awareness,Europe,New Customers,Mobile,12240,379,8,666.32,608.04
REC-003301,2025-10-19,CAMP-001,Search Growth Engine,Google Ads,Always-on Acquisition,Europe,Returning Customers,Desktop,9809,436,38,679.12,5394.46
REC-004674,2026-02-12,CAMP-019,Display Retargeting Loop,Display Ads,Retargeting,Europe,New Customers,Mobile,27812,284,4,178.22,401.13
REC-005804,2026-05-23,CAMP-021,Micro Creator Conversion,Influencer,Influencer Partnership,North America,Enterprise Decision Makers,Desktop,24766,968,48,808.29,14990.83
REC-004156,2025-12-28,CAMP-004,Social Scale Prospecting,Meta Ads,Prospecting,North America,Students & Young Professionals,Mobile,28637,629,12,660.15,837.11
REC-005954,2026-06-05,CAMP-021,Micro Creator Conversion,Influencer,Influencer Partnership,Europe,Students & Young Professionals,Desktop,23242,686,25,510.82,1859.68
REC-000432,2025-02-07,CAMP-008,Executive Thought Leadership,LinkedIn Ads,Brand Awareness,Europe,Enterprise Decision Makers,Mobile,5031,65,5,382.79,838.75
REC-000649,2025-02-26,CAMP-021,Micro Creator Conversion,Influencer,Influencer Partnership,Latin America,Returning Customers,Desktop,39205,890,38,1006.99,4703.99
REC-003014,2025-09-24,CAMP-003,High Intent Retargeting,Google Ads,Retargeting,Europe,Small Business Owners,Mobile,14128,881,70,1347.06,9706.7
REC-004864,2026-02-28,CAMP-003,High Intent Retargeting,Google Ads,Retargeting,MENA,Returning Customers,Mobile,14624,1199,119,1820.96,15661.54
REC-000567,2025-02-18,CAMP-023,Enterprise Pipeline Builder,LinkedIn Ads,Lead Generation,MENA,New Customers,Mobile,6648,111,6,450.31,885.28
REC-001767,2025-06-04,CAMP-016,Video Reach Accelerator,YouTube Ads,Brand Awareness,Latin America,Students & Young Professionals,Desktop,36942,314,4,204.41,180.72
REC-004273,2026-01-08,CAMP-008,Executive Thought Leadership,LinkedIn Ads,Brand Awareness,Europe,Enterprise Decision Makers,Desktop,6590,49,2,348.17,292.42
REC-000844,2025-03-16,CAMP-012,Youth Engagement Sprint,TikTok Ads,Engagement,Europe,Students & Young Professionals,Mobile,6033,105,1,143.08,58.17
REC-004473,2026-01-25,CAMP-003,High Intent Retargeting,Google Ads,Retargeting,Latin America,Returning Customers,Mobile,4121,219,22,266.96,3805.56
REC-000137,2025-01-12,CAMP-013,Lifecycle Nurture,Email,Customer Nurture,MENA,New Customers,Mobile,10838,593,60,117.58,4621.28
REC-000710,2025-03-03,CAMP-001,Search Growth Engine,Google Ads,Always-on Acquisition,Europe,Students & Young Professionals,Mobile,15372,640,25,1247.06,1411.12
REC-005733,2026-05-17,CAMP-014,Win Back Customers,Email,Reactivation,North America,Small Business Owners,Desktop,3798,239,47,55.77,6616.35
REC-005075,2026-03-20,CAMP-021,Micro Creator Conversion,Influencer,Influencer Partnership,MENA,Small Business Owners,Desktop,17363,426,20,473.15,3206.04
REC-004186,2025-12-31,CAMP-001,Search Growth Engine,Google Ads,Always-on Acquisition,Europe,Enterprise Decision Makers,Mobile,11925,594,28,1069.73,8532.32
REC-006181,2026-06-26,CAMP-024,Mobile App Acquisition,Google Ads,App Acquisition,North America,Students & Young Professionals,Mobile,7997,310,11,538.37,507.34
REC-001334,2025-04-26,CAMP-002,Brand Demand Capture,Google Ads,Brand Awareness,Asia-Pacific,Small Business Owners,Desktop,5436,209,9,345.68,1065.14
REC-005664,2026-05-12,CAMP-008,Executive Thought Leadership,LinkedIn Ads,Brand Awareness,Europe,New Customers,Mobile,4113,35,1,244.05,46.41
REC-004577,2026-02-03,CAMP-007,B2B Decision Makers,LinkedIn Ads,Lead Generation,Asia-Pacific,Students & Young Professionals,Mobile,5627,91,4,424.29,402.63
REC-002687,2025-08-27,CAMP-015,Monthly Product Digest,Email,Customer Nurture,Asia-Pacific,Returning Customers,Mobile,6123,310,25,82.52,2956.26
REC-003938,2025-12-11,CAMP-001,Search Growth Engine,Google Ads,Always-on Acquisition,North America,Students & Young Professionals,Mobile,14160,466,21,739.16,1705.01
REC-005946,2026-06-05,CAMP-024,Mobile App Acquisition,Google Ads,App Acquisition,Europe,New Customers,Mobile,7465,345,12,591.7,825.01
REC-005859,2026-05-28,CAMP-010,Short Video Discovery,TikTok Ads,Prospecting,Asia-Pacific,Students & Young Professionals,Mobile,20744,311,6,248.7,481.42
REC-000332,2025-01-30,CAMP-005,Cart Recovery Social,Meta Ads,Retargeting,North America,Small Business Owners,Desktop,22768,639,35,727.68,5757.63
REC-000449,2025-02-08,CAMP-018,Programmatic Market Reach,Display Ads,Brand Awareness,Europe,New Customers,Desktop,36080,116,0,88.07,0.0
REC-002908,2025-09-16,CAMP-016,Video Reach Accelerator,YouTube Ads,Brand Awareness,Europe,Small Business Owners,Desktop,36394,246,5,244.83,431.8
REC-003769,2025-11-26,CAMP-002,Brand Demand Capture,Google Ads,Brand Awareness,Asia-Pacific,Returning Customers,Mobile,16545,597,21,799.8,1698.13
REC-000798,2025-03-12,CAMP-023,Enterprise Pipeline Builder,LinkedIn Ads,Lead Generation,Europe,Small Business Owners,Desktop,8420,142,16,859.85,3425.83
REC-001850,2025-06-12,CAMP-015,Monthly Product Digest,Email,Customer Nurture,Europe,Returning Customers,Mobile,8970,498,65,103.81,9125.84
REC-003113,2025-10-03,CAMP-009,Startup Founder Leads,LinkedIn Ads,Lead Generation,Europe,Returning Customers,Desktop,8312,78,10,415.57,1321.58
REC-004076,2025-12-22,CAMP-018,Programmatic Market Reach,Display Ads,Brand Awareness,MENA,Students & Young Professionals,Tablet,44378,108,1,100.23,39.85
REC-003881,2025-12-06,CAMP-023,Enterprise Pipeline Builder,LinkedIn Ads,Lead Generation,Asia-Pacific,New Customers,Desktop,5149,70,8,341.46,996.21
REC-006236,2026-06-30,CAMP-017,Product Demo Views,YouTube Ads,Product Education,Europe,New Customers,Desktop,35458,282,6,256.38,661.74
REC-001666,2025-05-26,CAMP-021,Micro Creator Conversion,Influencer,Influencer Partnership,Europe,New Customers,Desktop,44834,990,43,986.79,3915.64
REC-001952,2025-06-22,CAMP-019,Display Retargeting Loop,Display Ads,Retargeting,North America,New Customers,Mobile,38488,258,4,161.29,431.36
REC-002944,2025-09-18,CAMP-010,Short Video Discovery,TikTok Ads,Prospecting,Asia-Pacific,Enterprise Decision Makers,Mobile,26693,452,8,334.78,2119.17
REC-005722,2026-05-16,CAMP-001,Search Growth Engine,Google Ads,Always-on Acquisition,Latin America,New Customers,Mobile,16850,894,34,961.25,3229.4
REC-002211,2025-07-17,CAMP-017,Product Demo Views,YouTube Ads,Product Education,MENA,Enterprise Decision Makers,Desktop,36411,326,7,250.85,2301.63
REC-000086,2025-01-08,CAMP-024,Mobile App Acquisition,Google Ads,App Acquisition,Europe,Students & Young Professionals,Mobile,13313,705,25,1340.49,1068.1
REC-000349,2025-01-31,CAMP-015,Monthly Product Digest,Email,Customer Nurture,MENA,Students & Young Professionals,Desktop,7475,384,23,77.4,1534.98
REC-005761,2026-05-19,CAMP-011,Creator Product Launch,TikTok Ads,Product Launch,MENA,Returning Customers,Mobile,11569,297,6,194.32,767.74
REC-002016,2025-06-28,CAMP-005,Cart Recovery Social,Meta Ads,Retargeting,MENA,Enterprise Decision Makers,Mobile,14401,466,33,419.47,9319.5
REC-005832,2026-05-26,CAMP-012,Youth Engagement Sprint,TikTok Ads,Engagement,North America,Students & Young Professionals,Mobile,32546,626,9,543.73,434.54
REC-001221,2025-04-16,CAMP-020,Creator Partnership Series,Influencer,Influencer Partnership,North America,New Customers,Desktop,58354,2017,65,1937.51,6758.17
REC-002709,2025-08-29,CAMP-009,Startup Founder Leads,LinkedIn Ads,Lead Generation,Europe,Returning Customers,Desktop,1714,21,3,147.59,440.02
REC-002738,2025-08-31,CAMP-015,Monthly Product Digest,Email,Customer Nurture,Asia-Pacific,Returning Customers,Desktop,6981,405,47,86.05,5933.44
REC-003430,2025-10-30,CAMP-010,Short Video Discovery,TikTok Ads,Prospecting,North America,Enterprise Decision Makers,Desktop,10393,155,4,135.29,1312.0
REC-001105,2025-04-07,CAMP-007,B2B Decision Makers,LinkedIn Ads,Lead Generation,Asia-Pacific,Small Business Owners,Desktop,8731,123,13,709.91,1888.99
REC-005313,2026-04-11,CAMP-019,Display Retargeting Loop,Display Ads,Retargeting,Europe,New Customers,Desktop,17480,101,1,92.4,92.34
REC-003801,2025-11-29,CAMP-012,Youth Engagement Sprint,TikTok Ads,Engagement,North America,Returning Customers,Mobile,33172,607,13,552.27,1124.07
REC-002199,2025-07-16,CAMP-016,Video Reach Accelerator,YouTube Ads,Brand Awareness,MENA,Enterprise Decision Makers,Desktop,8885,61,1,62.3,199.45
REC-006166,2026-06-25,CAMP-002,Brand Demand Capture,Google Ads,Brand Awareness,North America,New Customers,Desktop,17552,596,26,976.73,2149.63
REC-001266,2025-04-20,CAMP-009,Startup Founder Leads,LinkedIn Ads,Lead Generation,North America,Returning Customers,Mobile,8604,129,13,835.4,1837.96
REC-006191,2026-06-27,CAMP-002,Brand Demand Capture,Google Ads,Brand Awareness,Asia-Pacific,New Customers,Desktop,3521,100,4,200.59,320.9
REC-002139,2025-07-10,CAMP-001,Search Growth Engine,Google Ads,Always-on Acquisition,Asia-Pacific,Returning Customers,Mobile,15525,700,39,1192.3,4709.69
REC-003758,2025-11-26,CAMP-017,Product Demo Views,YouTube Ads,Product Education,Europe,New Customers,Tablet,55957,537,7,383.8,625.19
REC-003647,2025-11-17,CAMP-013,Lifecycle Nurture,Email,Customer Nurture,North America,New Customers,Desktop,12725,828,66,143.97,7143.78
REC-000048,2025-01-05,CAMP-013,Lifecycle Nurture,Email,Customer Nurture,Asia-Pacific,Enterprise Decision Makers,Mobile,1855,97,9,41.82,2871.47
REC-003593,2025-11-13,CAMP-017,Product Demo Views,YouTube Ads,Product Education,Latin America,Returning Customers,Desktop,23877,168,6,101.63,732.12
REC-004066,2025-12-21,CAMP-010,Short Video Discovery,TikTok Ads,Prospecting,North America,Small Business Owners,Tablet,34133,308,7,251.51,862.34
REC-002087,2025-07-05,CAMP-013,Lifecycle Nurture,Email,Customer Nurture,Asia-Pacific,Small Business Owners,Mobile,13411,1124,119,159.3,17595.27
REC-006039,2026-06-13,CAMP-018,Programmatic Market Reach,Display Ads,Brand Awareness,Europe,Returning Customers,Mobile,13306,50,0,57.58,0.0
REC-003646,2025-11-17,CAMP-009,Startup Founder Leads,LinkedIn Ads,Lead Generation,Europe,Students & Young Professionals,Desktop,6386,71,4,406.92,395.0
REC-000774,2025-03-09,CAMP-004,Social Scale Prospecting,Meta Ads,Prospecting,Europe,New Customers,Mobile,17222,299,11,297.36,831.79
REC-000576,2025-02-19,CAMP-009,Startup Founder Leads,LinkedIn Ads,Lead Generation,Asia-Pacific,Returning Customers,Mobile,4084,51,5,236.25,852.61
REC-001828,2025-06-10,CAMP-023,Enterprise Pipeline Builder,LinkedIn Ads,Lead Generation,MENA,Students & Young Professionals,Desktop,2727,50,4,276.24,477.28
REC-001646,2025-05-24,CAMP-015,Monthly Product Digest,Email,Customer Nurture,Europe,Students & Young Professionals,Mobile,14940,949,54,152.7,4359.49
REC-005068,2026-03-19,CAMP-012,Youth Engagement Sprint,TikTok Ads,Engagement,MENA,Enterprise Decision Makers,Mobile,13671,246,5,165.15,970.11
REC-005200,2026-04-01,CAMP-009,Startup Founder Leads,LinkedIn Ads,Lead Generation,North America,New Customers,Mobile,2353,31,2,187.3,232.49
REC-001521,2025-05-12,CAMP-007,B2B Decision Makers,LinkedIn Ads,Lead Generation,North America,Small Business Owners,Mobile,6001,82,8,556.36,1356.83
REC-003041,2025-09-26,CAMP-012,Youth Engagement Sprint,TikTok Ads,Engagement,Asia-Pacific,Small Business Owners,Mobile,18178,263,4,237.05,469.69
REC-000069,2025-01-07,CAMP-008,Executive Thought Leadership,LinkedIn Ads,Brand Awareness,MENA,New Customers,Mobile,4743,53,1,324.78,43.02
REC-002783,2025-09-05,CAMP-024,Mobile App Acquisition,Google Ads,App Acquisition,North America,Enterprise Decision Makers,Mobile,14829,569,30,999.64,5291.31
REC-005926,2026-06-03,CAMP-015,Monthly Product Digest,Email,Customer Nurture,North America,New Customers,Mobile,10769,675,53,127.13,4221.8
REC-001863,2025-06-13,CAMP-001,Search Growth Engine,Google Ads,Always-on Acquisition,Asia-Pacific,Small Business Owners,Mobile,8487,444,26,812.84,4204.32
REC-000670,2025-02-27,CAMP-015,Monthly Product Digest,Email,Customer Nurture,Asia-Pacific,Returning Customers,Mobile,4852,271,32,75.0,3518.2
REC-002264,2025-07-22,CAMP-018,Programmatic Market Reach,Display Ads,Brand Awareness,North America,Small Business Owners,Desktop,20112,54,0,70.3,0.0
REC-005499,2026-04-27,CAMP-004,Social Scale Prospecting,Meta Ads,Prospecting,MENA,Small Business Owners,Desktop,14306,265,16,209.02,2144.52
REC-002429,2025-08-05,CAMP-015,Monthly Product Digest,Email,Customer Nurture,North America,Small Business Owners,Mobile,11431,806,73,127.66,11431.44
REC-001681,2025-05-27,CAMP-002,Brand Demand Capture,Google Ads,Brand Awareness,Europe,New Customers,Mobile,13543,550,14,831.56,899.79
REC-003708,2025-11-22,CAMP-003,High Intent Retargeting,Google Ads,Retargeting,Europe,Small Business Owners,Mobile,10755,748,50,1442.25,9798.26
REC-004333,2026-01-13,CAMP-016,Video Reach Accelerator,YouTube Ads,Brand Awareness,North America,Small Business Owners,Desktop,9459,60,1,79.91,100.13
REC-001776,2025-06-05,CAMP-009,Startup Founder Leads,LinkedIn Ads,Lead Generation,MENA,Small Business Owners,Desktop,2921,43,4,181.96,705.83
REC-004965,2026-03-10,CAMP-019,Display Retargeting Loop,Display Ads,Retargeting,Asia-Pacific,Returning Customers,Mobile,57491,417,8,235.87,1179.89
REC-005809,2026-05-24,CAMP-004,Social Scale Prospecting,Meta Ads,Prospecting,Latin America,Small Business Owners,Mobile,13519,301,14,227.35,2221.73
REC-001679,2025-05-27,CAMP-016,Video Reach Accelerator,YouTube Ads,Brand Awareness,North America,Students & Young Professionals,Mobile,33113,228,1,200.44,45.4
REC-001477,2025-05-08,CAMP-001,Search Growth Engine,Google Ads,Always-on Acquisition,MENA,Students & Young Professionals,Mobile,18233,940,42,1335.13,3509.57
REC-004501,2026-01-27,CAMP-013,Lifecycle Nurture,Email,Customer Nurture,Europe,New Customers,Desktop,10606,459,55,108.02,5203.34
REC-006197,2026-06-27,CAMP-005,Cart Recovery Social,Meta Ads,Retargeting,North America,Enterprise Decision Makers,Mobile,26864,999,52,1273.3,12168.6
REC-000165,2025-01-14,CAMP-024,Mobile App Acquisition,Google Ads,App Acquisition,Europe,New Customers,Mobile,14450,510,17,815.23,1068.26
REC-001569,2025-05-16,CAMP-001,Search Growth Engine,Google Ads,Always-on Acquisition,MENA,Small Business Owners,Tablet,17770,652,43,1089.62,5099.44
REC-005055,2026-03-18,CAMP-002,Brand Demand Capture,Google Ads,Brand Awareness,Europe,Students & Young Professionals,Mobile,9421,268,7,427.06,302.9
REC-001095,2025-04-06,CAMP-023,Enterprise Pipeline Builder,LinkedIn Ads,Lead Generation,North America,New Customers,Mobile,5899,104,6,667.39,947.2
REC-004943,2026-03-08,CAMP-007,B2B Decision Makers,LinkedIn Ads,Lead Generation,Europe,Enterprise Decision Makers,Mobile,4985,83,8,449.74,3367.57
REC-000118,2025-01-11,CAMP-015,Monthly Product Digest,Email,Customer Nurture,North America,Students & Young Professionals,Mobile,4684,263,16,67.84,1043.73
REC-002142,2025-07-11,CAMP-019,Display Retargeting Loop,Display Ads,Retargeting,North America,Small Business Owners,Mobile,35933,307,4,183.42,524.7
REC-001993,2025-06-26,CAMP-005,Cart Recovery Social,Meta Ads,Retargeting,Europe,New Customers,Mobile,20685,812,32,838.17,2702.18
REC-000439,2025-02-08,CAMP-004,Social Scale Prospecting,Meta Ads,Prospecting,MENA,Small Business Owners,Mobile,8383,212,8,170.58,1117.13
REC-001962,2025-06-23,CAMP-020,Creator Partnership Series,Influencer,Influencer Partnership,Asia-Pacific,New Customers,Tablet,12809,239,8,236.25,810.48
REC-003876,2025-12-06,CAMP-022,Holiday Revenue Boost,Meta Ads,Seasonal Promotion,Latin America,Small Business Owners,Mobile,18005,485,28,372.15,3137.8
REC-002888,2025-09-14,CAMP-023,Enterprise Pipeline Builder,LinkedIn Ads,Lead Generation,Asia-Pacific,Returning Customers,Desktop,4982,100,13,473.33,2713.08
REC-001905,2025-06-17,CAMP-015,Monthly Product Digest,Email,Customer Nurture,MENA,New Customers,Desktop,12829,582,35,143.28,3101.54
REC-000138,2025-01-12,CAMP-024,Mobile App Acquisition,Google Ads,App Acquisition,MENA,New Customers,Mobile,4822,160,8,249.18,553.36
REC-005668,2026-05-12,CAMP-002,Brand Demand Capture,Google Ads,Brand Awareness,Europe,Small Business Owners,Mobile,8647,298,11,605.59,1314.86
REC-004962,2026-03-09,CAMP-007,B2B Decision Makers,LinkedIn Ads,Lead Generation,North America,Small Business Owners,Desktop,2410,35,4,285.05,812.25
REC-000055,2025-01-05,CAMP-002,Brand Demand Capture,Google Ads,Brand Awareness,North America,Returning Customers,Mobile,10327,402,15,951.11,1576.18
REC-005807,2026-05-24,CAMP-002,Brand Demand Capture,Google Ads,Brand Awareness,North America,Returning Customers,Mobile,11183,464,19,1050.72,1892.84
REC-001268,2025-04-20,CAMP-014,Win Back Customers,Email,Reactivation,MENA,Small Business Owners,Desktop,10030,531,81,117.18,15288.65
REC-000845,2025-03-16,CAMP-012,Youth Engagement Sprint,TikTok Ads,Engagement,Asia-Pacific,Students & Young Professionals,Mobile,11098,138,3,139.57,175.19
REC-001655,2025-05-25,CAMP-023,Enterprise Pipeline Builder,LinkedIn Ads,Lead Generation,Latin America,New Customers,Desktop,6202,87,9,339.39,1411.17
REC-000421,2025-02-06,CAMP-011,Creator Product Launch,TikTok Ads,Product Launch,North America,Enterprise Decision Makers,Desktop,30730,687,23,531.16,5127.55
REC-004322,2026-01-12,CAMP-012,Youth Engagement Sprint,TikTok Ads,Engagement,Europe,New Customers,Mobile,12243,126,1,98.74,63.59
REC-001117,2025-04-08,CAMP-014,Win Back Customers,Email,Reactivation,Asia-Pacific,Small Business Owners,Tablet,2958,200,33,55.21,4520.95
REC-000599,2025-02-21,CAMP-018,Programmatic Market Reach,Display Ads,Brand Awareness,Asia-Pacific,Small Business Owners,Mobile,30513,92,0,82.24,0.0
REC-002249,2025-07-21,CAMP-010,Short Video Discovery,TikTok Ads,Prospecting,Europe,Returning Customers,Mobile,31265,640,20,538.9,2772.7
REC-003249,2025-10-15,CAMP-002,Brand Demand Capture,Google Ads,Brand Awareness,Europe,Small Business Owners,Mobile,11265,472,20,942.3,2428.22
REC-000378,2025-02-03,CAMP-009,Startup Founder Leads,LinkedIn Ads,Lead Generation,MENA,Students & Young Professionals,Mobile,1739,33,3,194.9,224.36
REC-000148,2025-01-13,CAMP-004,Social Scale Prospecting,Meta Ads,Prospecting,North America,New Customers,Mobile,6677,109,2,143.41,154.94
REC-000591,2025-02-20,CAMP-015,Monthly Product Digest,Email,Customer Nurture,Europe,Students & Young Professionals,Desktop,12107,744,43,130.33,2469.07
REC-000199,2025-01-18,CAMP-002,Brand Demand Capture,Google Ads,Brand Awareness,Europe,Returning Customers,Mobile,13939,537,22,913.32,1546.9
REC-000001,2025-01-01,CAMP-017,Product Demo Views,YOUTUBE ADS,Product Education,MENA,Small Business Owners,Desktop,33482,225,7,181.3,1192.55
REC-003059,2025-09-28,CAMP-024,Mobile App Acquisition,Google Ads,App Acquisition,North America,Small Business Owners,Mobile,17052,596,28,1258.42,2875.25
REC-002661,2025-08-25,CAMP-019,Display Retargeting Loop,Display Ads,Retargeting,Europe,New Customers,Mobile,43167,348,6,234.16,692.52
REC-005750,2026-05-18,CAMP-014,Win Back Customers,Email,Reactivation,Latin America,New Customers,Desktop,11575,573,83,130.89,10249.85
REC-003901,2025-12-08,CAMP-005,Cart Recovery Social,Meta Ads,Retargeting,North America,Small Business Owners,Desktop,7737,218,20,287.19,3334.74
REC-004854,2026-02-27,CAMP-013,Lifecycle Nurture,Email,Customer Nurture,Europe,Students & Young Professionals,Desktop,9989,495,49,115.69,2736.51
REC-002055,2025-07-02,CAMP-023,Enterprise Pipeline Builder,LinkedIn Ads,Lead Generation,North America,Returning Customers,Mobile,4224,64,8,354.68,1300.36
REC-001021,2025-03-31,CAMP-019,Display Retargeting Loop,Display Ads,Retargeting,North America,Students & Young Professionals,Desktop,35100,190,2,112.25,126.9
REC-000829,2025-03-14,CAMP-003,High Intent Retargeting,Google Ads,Retargeting,North America,Small Business Owners,Mobile,14641,999,86,2017.03,13604.75
REC-003218,2025-10-12,CAMP-004,Social Scale Prospecting,Meta Ads,Prospecting,Latin America,New Customers,Mobile,16134,261,7,187.16,640.23
REC-000560,2025-02-18,CAMP-005,Cart Recovery Social,Meta Ads,Retargeting,Asia-Pacific,Small Business Owners,Mobile,7040,182,12,206.24,1497.71
REC-004754,2026-02-18,CAMP-020,Creator Partnership Series,Influencer,Influencer Partnership,North America,New Customers,Desktop,42272,1287,36,979.82,3561.81
REC-004519,2026-01-29,CAMP-020,Creator Partnership Series,Influencer,Influencer Partnership,Asia-Pacific,Returning Customers,Desktop,20439,723,45,704.36,5502.99
REC-004639,2026-02-09,CAMP-019,Display Retargeting Loop,Display Ads,Retargeting,North America,Small Business Owners,Desktop,16323,120,3,99.58,405.13
REC-001466,2025-05-07,CAMP-004,Social Scale Prospecting,Meta Ads,Prospecting,Europe,Returning Customers,Mobile,20972,498,25,488.0,3252.28
REC-005486,2026-04-26,CAMP-017,Product Demo Views,YouTube Ads,Product Education,Europe,New Customers,Tablet,15965,154,2,145.12,230.54
REC-004533,2026-01-30,CAMP-019,Display Retargeting Loop,Display Ads,Retargeting,North America,New Customers,Mobile,18346,158,2,135.52,193.89
REC-003048,2025-09-27,CAMP-018,Programmatic Market Reach,Display Ads,Brand Awareness,Asia-Pacific,,Desktop,44741,154,1,79.02,33.97
REC-001831,2025-06-11,CAMP-021,Micro Creator Conversion,Influencer,Influencer Partnership,MENA,New Customers,Mobile,19268,800,20,491.71,1813.39
REC-004479,2026-01-25,CAMP-023,Enterprise Pipeline Builder,LinkedIn Ads,Lead Generation,Latin America,Small Business Owners,Desktop,4392,80,8,311.59,1649.21
REC-000924,2025-03-22,CAMP-021,Micro Creator Conversion,Influencer,Influencer Partnership,MENA,Students & Young Professionals,Desktop,17641,420,11,316.05,806.36
REC-000737,2025-03-05,CAMP-020,Creator Partnership Series,Influencer,Influencer Partnership,Europe,Students & Young Professionals,Desktop,46757,1403,33,987.9,2038.65
REC-003223,2025-10-13,CAMP-023,Enterprise Pipeline Builder,LinkedIn Ads,Lead Generation,Asia-Pacific,Small Business Owners,Mobile,6320,117,11,588.67,2549.91
REC-000278,2025-01-25,CAMP-013,Lifecycle Nurture,Email,Customer Nurture,Asia-Pacific,Small Business Owners,Desktop,8559,531,50,99.8,6405.99
REC-004498,2026-01-27,CAMP-016,Video Reach Accelerator,YouTube Ads,Brand Awareness,Asia-Pacific,Students & Young Professionals,Mobile,26898,180,1,148.41,62.16
REC-005480,2026-04-25,CAMP-001,Search Growth Engine,Google Ads,Always-on Acquisition,Latin America,Small Business Owners,Desktop,4839,231,16,286.56,2163.89
REC-006058,2026-06-15,CAMP-008,Executive Thought Leadership,LinkedIn Ads,Brand Awareness,Latin America,Students & Young Professionals,Desktop,1411,9,0,82.82,0.0
REC-005635,2026-05-09,CAMP-023,Enterprise Pipeline Builder,LinkedIn Ads,Lead Generation,Asia-Pacific,Returning Customers,Mobile,7740,144,16,549.13,3669.56
REC-000293,2025-01-26,CAMP-005,Cart Recovery Social,Meta Ads,Retargeting,Latin America,New Customers,Mobile,16532,541,18,404.85,1981.15
REC-004290,2026-01-09,CAMP-018,Programmatic Market Reach,Display Ads,Brand Awareness,Europe,Small Business Owners,Mobile,28388,91,1,76.45,88.61
REC-006180,2026-06-26,CAMP-004,Social Scale Prospecting,Meta Ads,Prospecting,North America,Students & Young Professionals,Mobile,16077,261,7,306.12,429.19
REC-001249,2025-04-19,CAMP-005,Cart Recovery Social,Meta Ads,Retargeting,Europe,Students & Young Professionals,Tablet,21101,437,16,441.79,1296.8
REC-003368,2025-10-25,CAMP-012,Youth Engagement Sprint,TikTok Ads,Engagement,Europe,Students & Young Professionals,Mobile,27673,493,6,457.51,283.3
REC-000466,2025-02-10,CAMP-007,B2B Decision Makers,LinkedIn Ads,Lead Generation,North America,Students & Young Professionals,Desktop,5405,58,4,316.81,411.25
REC-002312,2025-07-26,CAMP-004,Social Scale Prospecting,Meta Ads,Prospecting,North America,New Customers,Mobile,26278,597,19,663.69,1513.29
REC-005299,2026-04-10,CAMP-016,Video Reach Accelerator,YouTube Ads,Brand Awareness,Latin America,Students & Young Professionals,Mobile,31202,208,1,133.16,48.66
REC-003518,2025-11-06,CAMP-019,Display Retargeting Loop,Display Ads,Retargeting,Latin America,Returning Customers,Mobile,13235,131,3,63.27,353.42
REC-005857,2026-05-27,CAMP-014,Win Back Customers,Email,Reactivation,MENA,Returning Customers,Mobile,8241,596,66,91.84,7984.45
REC-005409,2026-04-19,CAMP-002,Brand Demand Capture,Google Ads,Brand Awareness,Asia-Pacific,New Customers,Mobile,6164,173,5,344.66,283.65
REC-003808,2025-11-30,CAMP-015,Monthly Product Digest,Email,Customer Nurture,North America,Returning Customers,Mobile,5609,264,25,72.98,3133.67
REC-003405,2025-10-28,CAMP-008,Executive Thought Leadership,LinkedIn Ads,Brand Awareness,Europe,Students & Young Professionals,Desktop,3135,34,2,246.55,62.47
REC-005085,2026-03-21,CAMP-018,Programmatic Market Reach,Display Ads,Brand Awareness,North America,Small Business Owners,Mobile,23365,73,1,72.74,87.44
REC-001852,2025-06-12,CAMP-002,Brand Demand Capture,Google Ads,Brand Awareness,North America,Small Business Owners,Mobile,14623,674,31,1083.25,3416.66
REC-004782,2026-02-21,CAMP-016,Video Reach Accelerator,YouTube Ads,Brand Awareness,Asia-Pacific,Returning Customers,Mobile,30624,290,3,212.64,237.61
REC-002981,2025-09-21,CAMP-002,Brand Demand Capture,Google Ads,Brand Awareness,North America,New Customers,Mobile,8970,356,14,698.56,1071.81
REC-004700,2026-02-14,CAMP-003,High Intent Retargeting,Google Ads,Retargeting,Asia-Pacific,Small Business Owners,Desktop,11298,665,96,880.13,13615.32
REC-004777,2026-02-21,CAMP-015,Monthly Product Digest,Email,Customer Nurture,Latin America,New Customers,Mobile,9455,390,26,115.16,2948.34
REC-002220,2025-07-18,CAMP-023,Enterprise Pipeline Builder,LinkedIn Ads,Lead Generation,Asia-Pacific,Returning Customers,Desktop,7358,82,10,395.34,2148.19
REC-001946,2025-06-22,CAMP-005,Cart Recovery Social,Meta Ads,Retargeting,Europe,New Customers,Mobile,4877,197,11,201.03,1198.59
REC-003726,2025-11-23,CAMP-022,Holiday Revenue Boost,Meta Ads,Seasonal Promotion,North America,Students & Young Professionals,Mobile,10168,295,8,317.69,650.57
REC-000458,2025-02-09,CAMP-009,Startup Founder Leads,LinkedIn Ads,Lead Generation,Europe,New Customers,Mobile,1205,20,1,111.92,108.82
REC-000822,2025-03-14,CAMP-008,Executive Thought Leadership,LinkedIn Ads,Brand Awareness,North America,Students & Young Professionals,Desktop,6963,62,1,489.04,35.81
REC-003686,2025-11-20,CAMP-004,Social Scale Prospecting,Meta Ads,Prospecting,North America,Students & Young Professionals,Desktop,16843,289,9,388.5,559.59
REC-000447,2025-02-08,CAMP-024,Mobile App Acquisition,Google Ads,App Acquisition,Asia-Pacific,Small Business Owners,Mobile,6914,314,15,444.82,1350.24
REC-005531,2026-04-30,CAMP-013,Lifecycle Nurture,Email,Customer Nurture,Latin America,Returning Customers,Desktop,14803,880,161,157.31,16280.28
REC-002522,2025-08-13,CAMP-023,Enterprise Pipeline Builder,LinkedIn Ads,Lead Generation,Europe,New Customers,Desktop,5357,64,5,319.05,606.07
REC-001411,2025-05-02,CAMP-019,Display Retargeting Loop,Display Ads,Retargeting,Europe,Small Business Owners,Mobile,33923,300,6,154.89,736.43
REC-004131,2025-12-26,CAMP-022,Holiday Revenue Boost,Meta Ads,Seasonal Promotion,North America,New Customers,Mobile,29611,1009,42,1179.11,4259.47
REC-001208,2025-04-15,CAMP-012,Youth Engagement Sprint,TikTok Ads,Engagement,North America,Small Business Owners,Desktop,12089,156,4,175.15,382.86
REC-000838,2025-03-15,CAMP-003,High Intent Retargeting,Google Ads,Retargeting,MENA,Small Business Owners,Mobile,4101,299,34,465.0,5682.65
REC-000836,2025-03-15,CAMP-002,Brand Demand Capture,Google Ads,Brand Awareness,North America,New Customers,Mobile,11213,346,10,671.57,549.31
REC-000815,2025-03-13,CAMP-017,Product Demo Views,YouTube Ads,Product Education,Europe,New Customers,Mobile,36389,394,6,305.78,497.1
REC-002498,2025-08-11,CAMP-013,Lifecycle Nurture,Email,Customer Nurture,Europe,Students & Young Professionals,Desktop,6727,314,32,78.76,2313.32
REC-000961,2025-03-25,CAMP-006,Seasonal Offer Push,Meta Ads,Seasonal Promotion,MENA,Small Business Owners,Mobile,18471,466,19,481.03,2508.72
REC-003739,2025-11-24,CAMP-021,Micro Creator Conversion,Influencer,Influencer Partnership,North America,Small Business Owners,Desktop,22066,450,19,457.3,2902.04
REC-004525,2026-01-30,CAMP-024,Mobile App Acquisition,Google Ads,App Acquisition,Europe,New Customers,Mobile,2995,132,5,235.06,347.79
REC-002740,2025-08-31,CAMP-021,Micro Creator Conversion,Influencer,Influencer Partnership,North America,New Customers,Desktop,13836,329,14,274.75,1202.36
REC-004315,2026-01-11,CAMP-013,Lifecycle Nurture,Email,Customer Nurture,North America,Returning Customers,Desktop,10060,688,114,119.16,13729.15
REC-005945,2026-06-04,CAMP-017,Product Demo Views,YouTube Ads,Product Education,Asia-Pacific,Students & Young Professionals,Mobile,36457,480,6,416.63,498.72
REC-000786,2025-03-11,CAMP-004,Social Scale Prospecting,Meta Ads,Prospecting,MENA,Enterprise Decision Makers,Desktop,15630,318,14,353.39,4345.85
REC-004086,2025-12-23,CAMP-016,Video Reach Accelerator,YouTube Ads,Brand Awareness,Europe,Students & Young Professionals,Tablet,27945,173,2,173.72,129.48
REC-001426,2025-05-03,CAMP-010,Short Video Discovery,TikTok Ads,Prospecting,Europe,Returning Customers,Mobile,32853,543,12,344.05,1358.04
REC-002415,2025-08-04,CAMP-005,Cart Recovery Social,Meta Ads,Retargeting,Europe,Students & Young Professionals,Mobile,24485,608,29,554.82,1855.7
REC-002508,2025-08-12,CAMP-013,Lifecycle Nurture,Email,Customer Nurture,Asia-Pacific,New Customers,Desktop,11980,576,86,129.0,9408.52
REC-004244,2026-01-05,CAMP-016,Video Reach Accelerator,YouTube Ads,Brand Awareness,North America,Small Business Owners,Mobile,33354,323,4,297.65,464.95
REC-003989,2025-12-15,CAMP-009,Startup Founder Leads,LinkedIn Ads,Lead Generation,North America,Students & Young Professionals,Desktop,1419,19,1,122.15,103.75
REC-004608,2026-02-06,CAMP-012,Youth Engagement Sprint,TikTok Ads,Engagement,North America,Small Business Owners,Mobile,10113,177,3,211.22,337.56
REC-006048,2026-06-14,CAMP-013,Lifecycle Nurture,Email,Customer Nurture,Asia-Pacific,Returning Customers,Desktop,3532,195,38,49.7,4640.52
REC-002033,2025-06-30,CAMP-018,Programmatic Market Reach,Display Ads,Brand Awareness,Asia-Pacific,Small Business Owners,Desktop,24552,80,1,58.28,65.05
REC-005001,2026-03-13,CAMP-020,Creator Partnership Series,Influencer,Influencer Partnership,MENA,Returning Customers,Desktop,10686,267,14,291.01,1382.29
REC-002614,2025-08-21,CAMP-017,Product Demo Views,YouTube Ads,Product Education,North America,Students & Young Professionals,Mobile,33962,415,6,472.51,454.37
REC-001236,2025-04-18,CAMP-001,Search Growth Engine,Google Ads,Always-on Acquisition,Europe,New Customers,Mobile,16928,957,36,1344.42,3297.35
REC-001183,2025-04-13,CAMP-018,Programmatic Market Reach,Display Ads,Brand Awareness,Latin America,Students & Young Professionals,Desktop,23132,101,1,57.44,45.35
REC-004178,2025-12-30,CAMP-020,Creator Partnership Series,Influencer,Influencer Partnership,Europe,New Customers,Mobile,21954,768,17,537.83,1494.24
REC-001974,2025-06-24,CAMP-016,Video Reach Accelerator,YouTube Ads,Brand Awareness,Asia-Pacific,New Customers,Desktop,31776,274,3,211.95,193.85
REC-006009,2026-06-10,CAMP-001,Search Growth Engine,Google Ads,Always-on Acquisition,Asia-Pacific,Small Business Owners,Desktop,12481,568,39,768.24,6175.18
REC-004075,2025-12-22,CAMP-008,Executive Thought Leadership,LinkedIn Ads,Brand Awareness,Europe,New Customers,Desktop,6877,49,1,306.39,45.6
REC-003509,2025-11-06,CAMP-005,Cart Recovery Social,Meta Ads,Retargeting,Asia-Pacific,Returning Customers,Mobile,21002,751,57,779.37,7271.16
REC-003347,2025-10-23,CAMP-007,B2B Decision Makers,LinkedIn Ads,Lead Generation,MENA,New Customers,Mobile,1590,26,2,137.87,240.99
REC-005117,2026-03-24,CAMP-010,Short Video Discovery,TikTok Ads,Prospecting,Asia-Pacific,Returning Customers,Tablet,13408,149,3,129.88,428.6
REC-003544,2025-11-09,CAMP-022,Holiday Revenue Boost,Meta Ads,Seasonal Promotion,Asia-Pacific,Returning Customers,Mobile,9695,324,20,306.03,2701.55
REC-006217,2026-06-29,CAMP-016,Video Reach Accelerator,YouTube Ads,Brand Awareness,Latin America,New Customers,Mobile,9810,99,1,90.12,72.51
REC-002012,2025-06-28,CAMP-009,Startup Founder Leads,LinkedIn Ads,Lead Generation,Europe,Small Business Owners,Mobile,7868,93,7,392.87,1453.78
REC-000747,2025-03-07,CAMP-021,Micro Creator Conversion,Influencer,Influencer Partnership,North America,Small Business Owners,Tablet,40373,1097,37,1231.78,4525.63
REC-005887,2026-05-30,CAMP-017,Product Demo Views,YouTube Ads,Product Education,Europe,Students & Young Professionals,Tablet,18300,175,2,139.79,153.81
REC-002299,2025-07-25,CAMP-004,Social Scale Prospecting,Meta Ads,Prospecting,Latin America,New Customers,Desktop,11535,189,7,191.05,698.94
REC-003864,2025-12-04,CAMP-019,Display Retargeting Loop,Display Ads,Retargeting,MENA,Small Business Owners,Mobile,47361,341,7,169.09,877.28
REC-002300,2025-07-25,CAMP-004,Social Scale Prospecting,Meta Ads,Prospecting,Europe,Students & Young Professionals,Desktop,5922,133,4,156.09,305.24
REC-003498,2025-11-05,CAMP-019,Display Retargeting Loop,Display Ads,Retargeting,MENA,Small Business Owners,Mobile,40449,388,5,190.47,792.74
REC-004559,2026-02-01,CAMP-020,Creator Partnership Series,Influencer,Influencer Partnership,North America,Returning Customers,Desktop,22420,482,22,524.07,3014.5
REC-003143,2025-10-06,CAMP-018,Programmatic Market Reach,Display Ads,Brand Awareness,North America,Returning Customers,Mobile,13591,60,1,62.0,80.98
REC-002825,2025-09-09,CAMP-010,Short Video Discovery,TikTok Ads,Prospecting,Latin America,Returning Customers,Mobile,13343,214,5,143.89,508.57
REC-001760,2025-06-03,CAMP-023,Enterprise Pipeline Builder,LinkedIn Ads,Lead Generation,MENA,New Customers,Desktop,7138,122,9,508.67,1222.93
REC-002077,2025-07-04,CAMP-003,High Intent Retargeting,Google Ads,Retargeting,Latin America,Returning Customers,Desktop,13535,785,64,1041.66,9470.88
REC-001922,2025-06-19,CAMP-019,Display Retargeting Loop,Display Ads,Retargeting,Asia-Pacific,New Customers,Desktop,24265,137,2,80.57,171.16
REC-004304,2026-01-10,CAMP-007,B2B Decision Makers,LinkedIn Ads,Lead Generation,North America,Students & Young Professionals,Desktop,3876,66,4,359.05,353.4
REC-001958,2025-06-23,CAMP-009,Startup Founder Leads,LinkedIn Ads,Lead Generation,MENA,Enterprise Decision Makers,Mobile,3891,67,6,340.53,2290.09
REC-003457,2025-11-01,CAMP-010,Short Video Discovery,TikTok Ads,Prospecting,Latin America,New Customers,Desktop,20171,312,7,223.96,572.25
REC-000940,2025-03-23,CAMP-020,Creator Partnership Series,Influencer,Influencer Partnership,North America,Returning Customers,Desktop,25504,773,54,622.1,5607.72
REC-004651,2026-02-10,CAMP-023,Enterprise Pipeline Builder,LinkedIn Ads,Lead Generation,Latin America,New Customers,Mobile,4065,85,4,320.87,597.38
REC-005443,2026-04-22,CAMP-016,Video Reach Accelerator,YouTube Ads,Brand Awareness,Asia-Pacific,Returning Customers,Mobile,34470,336,6,303.03,542.12
REC-002129,2025-07-09,CAMP-002,Brand Demand Capture,Google Ads,Brand Awareness,North America,New Customers,Desktop,13951,375,19,725.26,1074.15
REC-005937,2026-06-04,CAMP-003,High Intent Retargeting,Google Ads,Retargeting,Asia-Pacific,Returning Customers,Desktop,4976,219,30,308.13,4883.19
REC-000821,2025-03-14,CAMP-020,Creator Partnership Series,Influencer,Influencer Partnership,North America,Returning Customers,Mobile,20875,813,32,562.45,4170.82
REC-002304,2025-07-25,CAMP-017,Product Demo Views,YouTube Ads,Product Education,Europe,Returning Customers,Tablet,16984,141,2,156.94,273.69
REC-005844,2026-05-27,CAMP-001,Search Growth Engine,Google Ads,Always-on Acquisition,Europe,Returning Customers,Mobile,14931,572,42,801.58,5543.72
REC-003282,2025-10-18,CAMP-006,Seasonal Offer Push,Meta Ads,Seasonal Promotion,MENA,New Customers,Mobile,25828,713,26,687.54,2121.49
REC-000273,2025-01-24,CAMP-015,Monthly Product Digest,Email,Customer Nurture,North America,Students & Young Professionals,Mobile,7358,383,20,77.93,1328.18
REC-003622,2025-11-15,CAMP-005,Cart Recovery Social,Meta Ads,Retargeting,Latin America,Enterprise Decision Makers,Mobile,24882,595,51,383.61,15441.25
REC-001464,2025-05-07,CAMP-019,Display Retargeting Loop,Display Ads,Retargeting,MENA,Returning Customers,Mobile,19519,200,4,115.09,562.12
REC-005427,2026-04-20,CAMP-024,Mobile App Acquisition,Google Ads,App Acquisition,North America,New Customers,Desktop,8812,304,17,614.86,1035.54
REC-004976,2026-03-11,CAMP-014,Win Back Customers,Email,Reactivation,MENA,New Customers,Mobile,8064,583,73,89.86,7839.58
REC-004394,2026-01-18,CAMP-005,Cart Recovery Social,Meta Ads,Retargeting,Europe,Students & Young Professionals,Desktop,4199,92,5,93.89,355.28
REC-005551,2026-05-02,CAMP-003,High Intent Retargeting,Google Ads,Retargeting,North America,Students & Young Professionals,Desktop,12957,667,45,1055.21,3279.39
REC-001462,2025-05-07,CAMP-018,Programmatic Market Reach,Display Ads,Brand Awareness,MENA,Students & Young Professionals,Mobile,20141,91,0,83.37,0.0
REC-005552,2026-05-02,CAMP-003,High Intent Retargeting,Google Ads,Retargeting,Asia-Pacific,Small Business Owners,Mobile,12589,1013,75,1265.84,14588.06
REC-001976,2025-06-24,CAMP-013,Lifecycle Nurture,Email,Customer Nurture,Europe,New Customers,Mobile,8425,414,32,89.12,2874.37
REC-006001,2026-06-09,CAMP-020,Creator Partnership Series,Influencer,Influencer Partnership,Asia-Pacific,Enterprise Decision Makers,Mobile,39684,1332,41,801.63,13337.19
REC-001860,2025-06-13,CAMP-017,Product Demo Views,YouTube Ads,Product Education,Europe,Students & Young Professionals,Desktop,33370,278,5,287.95,315.57
REC-003503,2025-11-05,CAMP-005,Cart Recovery Social,Meta Ads,Retargeting,North America,Enterprise Decision Makers,Mobile,22447,726,48,906.61,11671.7
REC-000885,2025-03-19,CAMP-005,Cart Recovery Social,Meta Ads,Retargeting,Asia-Pacific,Returning Customers,Mobile,20067,577,48,483.31,5984.68
REC-001333,2025-04-26,CAMP-003,High Intent Retargeting,Google Ads,Retargeting,North America,Returning Customers,Mobile,5185,295,26,530.06,3849.13
REC-005153,2026-03-27,CAMP-017,Product Demo Views,YouTube Ads,Product Education,Europe,Enterprise Decision Makers,Desktop,25391,225,6,174.36,1452.99
REC-002590,2025-08-19,CAMP-016,Video Reach Accelerator,YouTube Ads,Brand Awareness,Europe,Students & Young Professionals,Mobile,15947,165,1,160.62,47.75
REC-005952,2026-06-05,CAMP-002,Brand Demand Capture,Google Ads,Brand Awareness,Latin America,Small Business Owners,Desktop,12608,355,13,477.96,1188.15
REC-002860,2025-09-12,CAMP-003,High Intent Retargeting,Google Ads,Retargeting,North America,New Customers,Mobile,10649,719,52,1594.41,6692.12
REC-005561,2026-05-02,CAMP-019,Display Retargeting Loop,Display Ads,Retargeting,Europe,New Customers,Desktop,11987,71,1,63.15,83.74
REC-000258,2025-01-23,CAMP-016,Video Reach Accelerator,YouTube Ads,Brand Awareness,MENA,New Customers,Desktop,13166,83,2,94.49,174.89
REC-001480,2025-05-08,CAMP-019,Display Retargeting Loop,Display Ads,Retargeting,Europe,New Customers,Desktop,28316,247,6,138.81,563.35
REC-001372,2025-04-29,CAMP-009,Startup Founder Leads,LinkedIn Ads,Lead Generation,Latin America,Students & Young Professionals,Tablet,4617,39,2,179.85,210.27
REC-004719,2026-02-15,CAMP-020,Creator Partnership Series,Influencer,Influencer Partnership,North America,New Customers,Mobile,46501,1540,33,1130.25,3360.33
REC-002487,2025-08-10,CAMP-008,Executive Thought Leadership,LinkedIn Ads,Brand Awareness,Asia-Pacific,Returning Customers,Mobile,6194,52,1,286.37,64.42
REC-001891,2025-06-16,CAMP-020,Creator Partnership Series,Influencer,Influencer Partnership,North America,Small Business Owners,Mobile,10801,405,10,232.71,1528.92
REC-000633,2025-02-24,CAMP-015,Monthly Product Digest,Email,Customer Nurture,Asia-Pacific,New Customers,Mobile,2010,130,11,39.94,1239.75
REC-001872,2025-06-14,CAMP-018,Programmatic Market Reach,Display Ads,Brand Awareness,MENA,Returning Customers,Mobile,47326,167,1,115.27,65.13
REC-002955,2025-09-19,CAMP-009,Startup Founder Leads,LinkedIn Ads,Lead Generation,MENA,Small Business Owners,Desktop,3356,43,3,251.23,632.65
REC-001503,2025-05-11,CAMP-007,B2B Decision Makers,LinkedIn Ads,Lead Generation,Latin America,Small Business Owners,Mobile,1052,22,2,104.33,314.2
REC-000617,2025-02-23,CAMP-004,Social Scale Prospecting,Meta Ads,Prospecting,MENA,Returning Customers,Mobile,7477,185,6,164.03,676.88
REC-000444,2025-02-08,CAMP-001,Search Growth Engine,Google Ads,Always-on Acquisition,North America,Enterprise Decision Makers,Mobile,9888,493,37,1117.3,12112.14
REC-001649,2025-05-24,CAMP-008,Executive Thought Leadership,LinkedIn Ads,Brand Awareness,Asia-Pacific,Small Business Owners,Mobile,2513,20,0,98.47,0.0
REC-006156,2026-06-24,CAMP-002,Brand Demand Capture,Google Ads,Brand Awareness,Asia-Pacific,Students & Young Professionals,Desktop,9676,372,12,584.76,544.37
REC-006182,2026-06-26,CAMP-024,Mobile App Acquisition,Google Ads,App Acquisition,MENA,Small Business Owners,Mobile,5762,260,10,420.16,856.39
REC-001366,2025-04-28,CAMP-005,Cart Recovery Social,Meta Ads,Retargeting,Europe,Students & Young Professionals,Desktop,20768,499,28,497.92,1627.65
REC-000181,2025-01-16,CAMP-010,Short Video Discovery,TikTok Ads,Prospecting,MENA,Returning Customers,Desktop,32657,495,14,294.56,1609.94
REC-005080,2026-03-20,CAMP-023,Enterprise Pipeline Builder,LinkedIn Ads,Lead Generation,MENA,Returning Customers,Desktop,9789,144,16,624.08,2666.15
REC-000803,2025-03-12,CAMP-019,Display Retargeting Loop,Display Ads,Retargeting,MENA,Small Business Owners,Mobile,20156,166,4,96.12,552.48
REC-003912,2025-12-08,CAMP-015,Monthly Product Digest,Email,Customer Nurture,North America,Returning Customers,Desktop,9556,426,60,104.75,6218.61
REC-005308,2026-04-10,CAMP-010,Short Video Discovery,TikTok Ads,Prospecting,Asia-Pacific,New Customers,Mobile,15771,174,2,137.4,193.21
REC-001933,2025-06-20,CAMP-017,Product Demo Views,YouTube Ads,Product Education,Europe,Returning Customers,Desktop,10033,113,4,114.74,433.43
REC-001075,2025-04-04,CAMP-016,Video Reach Accelerator,YouTube Ads,Brand Awareness,Europe,Students & Young Professionals,Mobile,12179,109,2,119.09,130.5
REC-001224,2025-04-17,CAMP-004,Social Scale Prospecting,Meta Ads,Prospecting,Europe,Returning Customers,Mobile,29916,644,21,651.85,2725.26
REC-004874,2026-03-01,CAMP-003,High Intent Retargeting,Google Ads,Retargeting,Europe,New Customers,Mobile,13954,952,54,1712.23,5281.96
REC-003236,2025-10-14,CAMP-006,Seasonal Offer Push,Meta Ads,Seasonal Promotion,North America,Students & Young Professionals,Desktop,23773,584,24,661.54,1938.63
REC-000225,2025-01-20,CAMP-007,B2B Decision Makers,LinkedIn Ads,Lead Generation,MENA,Returning Customers,Desktop,3192,50,5,247.88,793.69
REC-003519,2025-11-06,CAMP-015,Monthly Product Digest,Email,Customer Nurture,MENA,Small Business Owners,Desktop,8696,444,39,90.53,5859.17
REC-004191,2025-12-31,CAMP-010,Short Video Discovery,TikTok Ads,Prospecting,Europe,New Customers,Desktop,38357,542,12,353.32,1295.81
REC-004688,2026-02-13,CAMP-013,Lifecycle Nurture,Email,Customer Nurture,North America,Small Business Owners,Desktop,6424,371,53,89.65,7406.46
REC-002646,2025-08-23,CAMP-021,Micro Creator Conversion,Influencer,Influencer Partnership,MENA,Small Business Owners,Mobile,50995,2140,60,1309.58,6724.21
REC-002706,2025-08-29,CAMP-023,Enterprise Pipeline Builder,LinkedIn Ads,Lead Generation,Europe,New Customers,Desktop,1976,37,3,182.66,426.87
REC-002471,2025-08-09,CAMP-008,Executive Thought Leadership,LinkedIn Ads,Brand Awareness,North America,New Customers,Desktop,7941,52,2,418.53,86.0
REC-001524,2025-05-12,CAMP-005,Cart Recovery Social,Meta Ads,Retargeting,MENA,New Customers,Mobile,18670,582,21,514.76,2326.77
REC-001493,2025-05-10,CAMP-012,Youth Engagement Sprint,TikTok Ads,Engagement,MENA,Students & Young Professionals,Mobile,18573,323,6,230.17,277.57
REC-001746,2025-06-02,CAMP-003,High Intent Retargeting,Google Ads,Retargeting,Asia-Pacific,Returning Customers,Mobile,8538,426,40,599.04,7070.0
REC-005988,2026-06-08,CAMP-004,Social Scale Prospecting,Meta Ads,Prospecting,Europe,Small Business Owners,Desktop,16408,328,14,309.01,1900.51
REC-004877,2026-03-01,CAMP-015,Monthly Product Digest,Email,Customer Nurture,Asia-Pacific,Small Business Owners,Mobile,10686,448,38,110.94,5706.92
REC-002550,2025-08-15,CAMP-015,Monthly Product Digest,Email,Customer Nurture,Latin America,New Customers,Mobile,6745,426,23,72.77,2172.79
REC-004650,2026-02-10,CAMP-021,Micro Creator Conversion,Influencer,Influencer Partnership,MENA,Small Business Owners,Desktop,11051,391,17,321.98,2178.27
REC-006053,2026-06-14,CAMP-009,Startup Founder Leads,LinkedIn Ads,Lead Generation,North America,New Customers,Desktop,4538,72,5,440.89,572.06
REC-002214,2025-07-17,CAMP-002,Brand Demand Capture,Google Ads,Brand Awareness,MENA,Students & Young Professionals,Mobile,7153,289,6,502.06,295.44
REC-001069,2025-04-04,CAMP-020,Creator Partnership Series,Influencer,Influencer Partnership,MENA,New Customers,Mobile,19425,699,20,609.46,1998.81
REC-001130,2025-04-09,CAMP-010,Short Video Discovery,TikTok Ads,Prospecting,Latin America,Small Business Owners,Tablet,29481,389,6,273.2,809.85
REC-005164,2026-03-28,CAMP-003,High Intent Retargeting,Google Ads,Retargeting,North America,Enterprise Decision Makers,Mobile,14258,722,68,1474.09,23949.84
REC-005881,2026-05-29,CAMP-020,Creator Partnership Series,Influencer,Influencer Partnership,North America,Returning Customers,Mobile,33312,1004,36,603.49,4793.17
REC-002090,2025-07-06,CAMP-008,Executive Thought Leadership,LinkedIn Ads,Brand Awareness,North America,Small Business Owners,Desktop,1217,11,1,81.25,70.22
REC-001330,2025-04-25,CAMP-015,Monthly Product Digest,Email,Customer Nurture,North America,New Customers,Desktop,7141,268,26,90.93,1984.78
REC-003721,2025-11-23,CAMP-015,Monthly Product Digest,Email,Customer Nurture,Europe,New Customers,Mobile,7018,526,49,87.41,4996.3
REC-001929,2025-06-20,CAMP-009,Startup Founder Leads,LinkedIn Ads,Lead Generation,Europe,New Customers,Mobile,6753,106,7,498.62,948.3
REC-000784,2025-03-10,CAMP-021,Micro Creator Conversion,Influencer,Influencer Partnership,North America,Small Business Owners,Desktop,26173,896,46,710.37,5555.13
REC-003382,2025-10-26,CAMP-012,Youth Engagement Sprint,TikTok Ads,Engagement,MENA,Enterprise Decision Makers,Mobile,25195,293,8,282.07,1541.0
REC-006186,2026-06-27,CAMP-012,Youth Engagement Sprint,TikTok Ads,Engagement,Europe,Students & Young Professionals,Mobile,23623,454,4,320.62,168.22
REC-002835,2025-09-10,CAMP-015,Monthly Product Digest,Email,Customer Nurture,North America,Enterprise Decision Makers,Desktop,11843,631,72,135.92,23766.04
REC-004256,2026-01-06,CAMP-018,Programmatic Market Reach,Display Ads,Brand Awareness,Latin America,Students & Young Professionals,Tablet,21457,59,1,36.75,38.42
REC-003310,2025-10-20,CAMP-024,Mobile App Acquisition,Google Ads,App Acquisition,North America,New Customers,Desktop,14946,442,19,1036.79,976.21
REC-006165,2026-06-25,CAMP-005,Cart Recovery Social,Meta Ads,Retargeting,Asia-Pacific,Returning Customers,Mobile,9576,256,20,219.49,2071.62
REC-001139,2025-04-09,CAMP-018,Programmatic Market Reach,Display Ads,Brand Awareness,Asia-Pacific,Enterprise Decision Makers,Desktop,23607,105,1,92.23,181.45
REC-001041,2025-04-01,CAMP-010,Short Video Discovery,TikTok Ads,Prospecting,MENA,Small Business Owners,Desktop,33204,575,16,426.3,1995.36
REC-003717,2025-11-22,CAMP-016,Video Reach Accelerator,YouTube Ads,Brand Awareness,MENA,New Customers,Mobile,26648,210,1,188.36,77.7
REC-000299,2025-01-27,CAMP-018,Programmatic Market Reach,Display Ads,Brand Awareness,Europe,Students & Young Professionals,Mobile,31155,132,0,77.98,0.0
REC-003258,2025-10-16,CAMP-012,Youth Engagement Sprint,TikTok Ads,Engagement,MENA,Students & Young Professionals,Mobile,12623,210,2,184.31,117.53
REC-005109,2026-03-23,CAMP-023,Enterprise Pipeline Builder,LinkedIn Ads,Lead Generation,Asia-Pacific,Returning Customers,Desktop,3761,68,10,416.83,2198.79
REC-002253,2025-07-21,CAMP-016,Video Reach Accelerator,YouTube Ads,Brand Awareness,North America,Returning Customers,Desktop,19459,168,3,190.14,330.69
REC-004842,2026-02-26,CAMP-018,Programmatic Market Reach,Display Ads,Brand Awareness,Latin America,New Customers,Mobile,28650,96,0,53.37,0.0
REC-004183,2025-12-31,CAMP-024,Mobile App Acquisition,Google Ads,App Acquisition,North America,New Customers,Desktop,9485,353,21,785.24,1289.54
REC-000864,2025-03-17,CAMP-023,Enterprise Pipeline Builder,LinkedIn Ads,Lead Generation,Europe,Students & Young Professionals,Desktop,4777,78,5,452.58,664.89
REC-002877,2025-09-13,CAMP-003,High Intent Retargeting,Google Ads,Retargeting,MENA,Returning Customers,Mobile,4380,357,42,536.93,6977.58
REC-005082,2026-03-21,CAMP-006,Seasonal Offer Push,Meta Ads,Seasonal Promotion,North America,New Customers,Desktop,17278,327,15,333.31,1482.14
REC-003782,2025-11-27,CAMP-024,Mobile App Acquisition,Google Ads,App Acquisition,North America,New Customers,Mobile,21268,1037,58,2142.23,3515.35
REC-001106,2025-04-07,CAMP-007,B2B Decision Makers,LinkedIn Ads,Lead Generation,Asia-Pacific,Small Business Owners,Desktop,8375,129,14,526.13,2468.81
REC-005504,2026-04-27,CAMP-005,Cart Recovery Social,Meta Ads,Retargeting,North America,Students & Young Professionals,Desktop,9571,285,12,384.89,765.03
REC-000780,2025-03-10,CAMP-020,Creator Partnership Series,Influencer,Influencer Partnership,Latin America,New Customers,Desktop,44742,1244,39,1185.64,2982.44
REC-002386,2025-08-02,CAMP-021,Micro Creator Conversion,Influencer,Influencer Partnership,North America,Returning Customers,Mobile,10942,431,20,310.89,2558.87
REC-004958,2026-03-09,CAMP-012,Youth Engagement Sprint,TikTok Ads,Engagement,Europe,Enterprise Decision Makers,Mobile,22707,391,8,379.74,1877.13
REC-003941,2025-12-11,CAMP-023,Enterprise Pipeline Builder,LinkedIn Ads,Lead Generation,Asia-Pacific,New Customers,Mobile,6518,96,6,426.82,745.92
REC-003088,2025-09-30,CAMP-020,Creator Partnership Series,Influencer,Influencer Partnership,Latin America,Small Business Owners,Desktop,31467,828,27,867.9,3267.83
REC-003991,2025-12-15,CAMP-012,Youth Engagement Sprint,TikTok Ads,Engagement,North America,Small Business Owners,Desktop,18188,179,4,177.44,419.22
REC-002497,2025-08-11,CAMP-021,Micro Creator Conversion,Influencer,Influencer Partnership,Europe,Small Business Owners,Mobile,18431,671,19,543.2,2395.74
REC-000701,2025-03-02,CAMP-023,Enterprise Pipeline Builder,LinkedIn Ads,Lead Generation,Asia-Pacific,New Customers,Desktop,2303,29,2,144.77,294.1
REC-004348,2026-01-14,CAMP-004,Social Scale Prospecting,Meta Ads,Prospecting,North America,Students & Young Professionals,Desktop,9406,215,6,292.73,422.61
REC-004573,2026-02-02,CAMP-024,Mobile App Acquisition,Google Ads,App Acquisition,Asia-Pacific,New Customers,Desktop,16714,476,21,869.58,1322.42
REC-003906,2025-12-08,CAMP-006,Seasonal Offer Push,Meta Ads,Seasonal Promotion,MENA,New Customers,Mobile,26677,739,25,622.89,2751.56
REC-004878,2026-03-01,CAMP-024,Mobile App Acquisition,Google Ads,App Acquisition,North America,New Customers,Mobile,10940,344,10,591.69,691.8
REC-001188,2025-04-14,CAMP-003,High Intent Retargeting,Google Ads,Retargeting,Latin America,Students & Young Professionals,Mobile,5236,293,16,375.73,1128.25
REC-000357,2025-02-01,CAMP-012,Youth Engagement Sprint,TikTok Ads,Engagement,Europe,Small Business Owners,Tablet,14122,181,2,150.18,232.02
REC-003401,2025-10-28,CAMP-010,Short Video Discovery,TikTok Ads,Prospecting,Europe,Students & Young Professionals,Desktop,12881,125,2,132.62,127.95
REC-005912,2026-06-01,CAMP-003,High Intent Retargeting,Google Ads,Retargeting,North America,Small Business Owners,Desktop,8743,444,32,723.82,5989.34
REC-005782,2026-05-22,CAMP-023,Enterprise Pipeline Builder,LinkedIn Ads,Lead Generation,MENA,Enterprise Decision Makers,Desktop,8813,97,14,402.9,6260.33
REC-004458,2026-01-23,CAMP-002,Brand Demand Capture,Google Ads,Brand Awareness,Europe,Students & Young Professionals,Mobile,7449,325,5,574.31,219.11
REC-001725,2025-05-31,CAMP-004,Social Scale Prospecting,Meta Ads,Prospecting,MENA,New Customers,Desktop,11099,198,6,192.25,473.25
REC-000638,2025-02-24,CAMP-005,Cart Recovery Social,Meta Ads,Retargeting,MENA,Small Business Owners,Mobile,19100,798,32,746.96,4100.69
REC-000892,2025-03-20,CAMP-015,Monthly Product Digest,Email,Customer Nurture,Europe,Small Business Owners,Mobile,12926,835,70,152.28,10693.93
REC-003210,2025-10-12,CAMP-009,Startup Founder Leads,LinkedIn Ads,Lead Generation,Europe,New Customers,Mobile,6711,91,5,455.26,692.32
REC-001667,2025-05-26,CAMP-021,Micro Creator Conversion,Influencer,Influencer Partnership,North America,Returning Customers,Desktop,16278,503,23,426.5,2816.63
REC-002876,2025-09-13,CAMP-002,Brand Demand Capture,Google Ads,Brand Awareness,Europe,Students & Young Professionals,Mobile,12519,543,15,1008.24,726.49
REC-004658,2026-02-10,CAMP-011,Creator Product Launch,TikTok Ads,Product Launch,North America,Small Business Owners,Mobile,6249,130,3,121.68,477.42
REC-000765,2025-03-08,CAMP-017,Product Demo Views,YouTube Ads,Product Education,MENA,Enterprise Decision Makers,Mobile,26058,227,6,166.12,1590.9
REC-000688,2025-03-01,CAMP-002,Brand Demand Capture,Google Ads,Brand Awareness,MENA,Returning Customers,Desktop,12346,400,20,626.47,1506.15
REC-000422,2025-02-07,CAMP-007,B2B Decision Makers,LinkedIn Ads,Lead Generation,Asia-Pacific,Returning Customers,Mobile,7577,131,15,673.42,2343.7
REC-003074,2025-09-29,CAMP-009,Startup Founder Leads,LinkedIn Ads,Lead Generation,North America,New Customers,Mobile,3411,63,4,355.13,515.63
REC-005136,2026-03-26,CAMP-002,Brand Demand Capture,Google Ads,Brand Awareness,Latin America,Students & Young Professionals,Mobile,19618,817,19,1205.22,945.24
REC-000501,2025-02-13,CAMP-004,Social Scale Prospecting,Meta Ads,Prospecting,MENA,New Customers,Mobile,17420,474,13,428.91,1378.51
REC-002108,2025-07-07,CAMP-013,Lifecycle Nurture,Email,Customer Nurture,Asia-Pacific,New Customers,Tablet,11566,551,32,135.29,3465.52
REC-005347,2026-04-13,CAMP-018,Programmatic Market Reach,Display Ads,Brand Awareness,North America,Small Business Owners,Tablet,35109,106,1,100.42,78.44
REC-000556,2025-02-17,CAMP-009,Startup Founder Leads,LinkedIn Ads,Lead Generation,MENA,Students & Young Professionals,Desktop,2871,38,3,176.42,327.77
REC-004224,2026-01-04,CAMP-018,Programmatic Market Reach,Display Ads,Brand Awareness,Europe,Small Business Owners,Desktop,30868,89,0,68.6,0.0
REC-004535,2026-01-30,CAMP-012,Youth Engagement Sprint,TikTok Ads,Engagement,North America,Students & Young Professionals,Desktop,17173,162,3,208.37,154.01
REC-001835,2025-06-11,CAMP-012,Youth Engagement Sprint,TikTok Ads,Engagement,MENA,Small Business Owners,Mobile,21949,325,5,234.77,401.29
REC-006238,2026-06-30,CAMP-023,Enterprise Pipeline Builder,LinkedIn Ads,Lead Generation,Europe,New Customers,Mobile,7652,139,8,695.57,1037.17
REC-000483,2025-02-11,CAMP-021,Micro Creator Conversion,Influencer,Influencer Partnership,North America,Enterprise Decision Makers,Mobile,9297,359,18,253.89,4170.18
REC-004571,2026-02-02,CAMP-015,Monthly Product Digest,Email,Customer Nurture,North America,Small Business Owners,Desktop,10549,464,54,122.72,8739.82
REC-002640,2025-08-23,CAMP-009,Startup Founder Leads,LinkedIn Ads,Lead Generation,MENA,Returning Customers,Mobile,1758,32,4,157.29,540.26
REC-000073,2025-01-07,CAMP-013,Lifecycle Nurture,Email,Customer Nurture,Europe,New Customers,Tablet,1848,102,10,25.71,802.61
REC-002153,2025-07-12,CAMP-007,B2B Decision Makers,LinkedIn Ads,Lead Generation,Europe,Small Business Owners,Mobile,5087,95,7,527.22,1266.77
REC-001911,2025-06-18,CAMP-014,Win Back Customers,Email,Reactivation,Asia-Pacific,Returning Customers,Mobile,4381,246,28,49.59,4858.18
REC-006010,2026-06-10,CAMP-002,Brand Demand Capture,Google Ads,Brand Awareness,MENA,New Customers,Mobile,13755,464,14,758.4,774.69
REC-001594,2025-05-19,CAMP-017,Product Demo Views,YouTube Ads,Product Education,North America,New Customers,Mobile,30755,331,6,309.0,703.86
REC-002177,2025-07-14,CAMP-016,Video Reach Accelerator,YouTube Ads,Brand Awareness,Asia-Pacific,Small Business Owners,Desktop,37827,281,5,274.61,513.39
REC-003781,2025-11-27,CAMP-024,Mobile App Acquisition,Google Ads,App Acquisition,Asia-Pacific,Students & Young Professionals,Mobile,21702,921,32,1149.59,1528.15
REC-005180,2026-03-30,CAMP-004,Social Scale Prospecting,Meta Ads,Prospecting,North America,New Customers,Mobile,23593,519,14,732.01,1065.56
REC-003268,2025-10-17,CAMP-021,Micro Creator Conversion,Influencer,Influencer Partnership,Latin America,New Customers,Desktop,22099,706,34,494.48,3564.01
REC-004380,2026-01-17,CAMP-014,Win Back Customers,Email,Reactivation,MENA,Returning Customers,Mobile,8863,554,117,103.26,14431.21
REC-004219,2026-01-03,CAMP-024,Mobile App Acquisition,Google Ads,App Acquisition,North America,Students & Young Professionals,Mobile,14219,482,12,924.99,505.4
REC-004971,2026-03-10,CAMP-017,Product Demo Views,YouTube Ads,Product Education,North America,Small Business Owners,Mobile,31579,334,5,338.94,732.97
REC-005974,2026-06-07,CAMP-003,High Intent Retargeting,Google Ads,Retargeting,Latin America,Students & Young Professionals,Desktop,11197,611,32,664.63,2214.22
REC-001981,2025-06-25,CAMP-020,Creator Partnership Series,Influencer,Influencer Partnership,Asia-Pacific,New Customers,Desktop,44769,915,44,1328.39,5056.95
REC-004830,2026-02-25,CAMP-007,B2B Decision Makers,LinkedIn Ads,Lead Generation,Asia-Pacific,New Customers,Desktop,5125,97,11,525.45,1615.96
REC-005792,2026-05-22,CAMP-001,Search Growth Engine,Google Ads,Always-on Acquisition,North America,Students & Young Professionals,Mobile,12781,686,29,1146.31,2362.81
REC-002786,2025-09-05,CAMP-016,Video Reach Accelerator,YouTube Ads,Brand Awareness,north america,Enterprise Decision Makers,Mobile,30435,220,3,223.23,593.35
REC-000817,2025-03-13,CAMP-003,High Intent Retargeting,Google Ads,Retargeting,North America,New Customers,Desktop,15479,1176,108,2384.89,10460.27
REC-001894,2025-06-16,CAMP-024,Mobile App Acquisition,Google Ads,App Acquisition,North America,Small Business Owners,Desktop,17968,630,33,1300.75,2284.16
REC-002947,2025-09-19,CAMP-018,Programmatic Market Reach,Display Ads,Brand Awareness,Asia-Pacific,Returning Customers,Mobile,34618,151,1,102.71,69.22
REC-002248,2025-07-20,CAMP-018,Programmatic Market Reach,Display Ads,Brand Awareness,North America,Students & Young Professionals,Desktop,16084,73,2,93.0,68.45
REC-000546,2025-02-17,CAMP-019,Display Retargeting Loop,DISPLAY ADS,Retargeting,MENA,Returning Customers,Desktop,41361,289,6,157.53,664.24
REC-004755,2026-02-18,CAMP-011,Creator Product Launch,TikTok Ads,Product Launch,North America,Students & Young Professionals,Desktop,13434,189,3,164.57,194.74
REC-000402,2025-02-05,CAMP-019,Display Retargeting Loop,Display Ads,Retargeting,Europe,Small Business Owners,Desktop,23824,206,6,135.66,921.97
REC-003620,2025-11-15,CAMP-024,Mobile App Acquisition,Google Ads,App Acquisition,MENA,Returning Customers,Mobile,19776,885,47,1060.33,4218.41
REC-000699,2025-03-02,CAMP-003,High Intent Retargeting,Google Ads,Retargeting,Latin America,Returning Customers,Mobile,9790,471,40,641.93,6109.69
REC-004633,2026-02-08,CAMP-013,Lifecycle Nurture,Email,Customer Nurture,Europe,New Customers,Mobile,8611,596,50,108.2,5311.65
REC-005800,2026-05-23,CAMP-001,Search Growth Engine,Google Ads,Always-on Acquisition,Europe,Students & Young Professionals,Mobile,11849,460,24,670.4,1882.15
REC-002418,2025-08-04,CAMP-016,Video Reach Accelerator,YouTube Ads,Brand Awareness,MENA,New Customers,Desktop,16030,109,1,97.87,86.33
REC-002780,2025-09-04,CAMP-013,Lifecycle Nurture,Email,Customer Nurture,Europe,Small Business Owners,Desktop,13859,738,93,139.52,13354.71
REC-005134,2026-03-25,CAMP-019,Display Retargeting Loop,Display Ads,Retargeting,Europe,Small Business Owners,Desktop,13846,128,3,97.94,485.08
REC-000639,2025-02-25,CAMP-018,Programmatic Market Reach,Display Ads,Brand Awareness,Asia-Pacific,New Customers,Desktop,32082,124,1,114.95,56.27
REC-004564,2026-02-02,CAMP-007,B2B Decision Makers,LinkedIn Ads,Lead Generation,Asia-Pacific,Returning Customers,Desktop,7654,82,12,390.53,2051.93
REC-001687,2025-05-28,CAMP-014,Win Back Customers,Email,Reactivation,Latin America,Small Business Owners,Desktop,15123,1140,216,162.31,34533.65
REC-001556,2025-05-15,CAMP-023,Enterprise Pipeline Builder,LinkedIn Ads,Lead Generation,North America,Enterprise Decision Makers,Tablet,4189,56,6,431.05,2774.73
REC-004205,2026-01-02,CAMP-024,Mobile App Acquisition,Google Ads,App Acquisition,Asia-Pacific,Students & Young Professionals,Tablet,16297,536,11,712.53,512.98
REC-001984,2025-06-25,CAMP-023,Enterprise Pipeline Builder,LinkedIn Ads,Lead Generation,North America,Returning Customers,Desktop,5175,70,8,501.76,1252.14
REC-003842,2025-12-02,CAMP-013,Lifecycle Nurture,Email,Customer Nurture,MENA,Small Business Owners,Desktop,14932,1071,131,159.9,21148.63
REC-004968,2026-03-10,CAMP-014,Win Back Customers,Email,Reactivation,MENA,Small Business Owners,Desktop,4991,230,45,74.79,6809.67
REC-002002,2025-06-26,CAMP-024,Mobile App Acquisition,Google Ads,App Acquisition,Europe,Small Business Owners,Mobile,6926,370,16,662.83,1202.0
REC-003407,2025-10-28,CAMP-022,Holiday Revenue Boost,Meta Ads,Seasonal Promotion,Europe,Small Business Owners,Desktop,11071,324,25,415.44,3563.74
REC-004978,2026-03-11,CAMP-004,Social Scale Prospecting,Meta Ads,Prospecting,North America,Students & Young Professionals,Desktop,27728,435,10,435.87,828.49
REC-006218,2026-06-29,CAMP-002,Brand Demand Capture,Google Ads,Brand Awareness,North America,Returning Customers,Desktop,10383,244,10,512.03,1042.11
REC-005766,2026-05-20,CAMP-019,Display Retargeting Loop,Display Ads,Retargeting,Asia-Pacific,Enterprise Decision Makers,Desktop,20346,140,2,92.1,568.07
REC-003890,2025-12-07,CAMP-001,Search Growth Engine,Google Ads,Always-on Acquisition,North America,Returning Customers,Desktop,18008,788,76,1533.32,8382.94
REC-003000,2025-09-23,CAMP-020,Creator Partnership Series,Influencer,Influencer Partnership,Europe,Small Business Owners,Mobile,34249,1075,30,845.24,4437.21
REC-005052,2026-03-17,CAMP-017,Product Demo Views,YouTube Ads,Product Education,North America,New Customers,Mobile,13047,171,2,196.6,183.22
REC-006060,2026-06-15,CAMP-007,B2B Decision Makers,LinkedIn Ads,Lead Generation,MENA,Small Business Owners,Desktop,1599,24,2,148.87,310.06
REC-004089,2025-12-23,CAMP-017,Product Demo Views,YouTube Ads,Product Education,Europe,Returning Customers,Mobile,8964,82,2,92.21,221.81
REC-004494,2026-01-26,CAMP-008,Executive Thought Leadership,LinkedIn Ads,Brand Awareness,MENA,New Customers,Desktop,4446,32,1,157.94,41.12
REC-002906,2025-09-15,CAMP-012,Youth Engagement Sprint,TikTok Ads,Engagement,MENA,Returning Customers,Desktop,19352,308,10,264.37,1000.27
REC-005587,2026-05-05,CAMP-010,Short Video Discovery,TikTok Ads,Prospecting,MENA,Small Business Owners,Desktop,33876,433,9,229.34,1080.09
REC-002126,2025-07-09,CAMP-010,Short Video Discovery,TikTok Ads,Prospecting,Latin America,Students & Young Professionals,Desktop,16601,195,3,94.89,200.57
REC-002826,2025-09-09,CAMP-010,Short Video Discovery,TikTok Ads,Prospecting,Europe,Small Business Owners,Desktop,10719,121,3,102.42,410.38
REC-000978,2025-03-27,CAMP-024,Mobile App Acquisition,Google Ads,App Acquisition,Latin America,Enterprise Decision Makers,Mobile,8894,380,21,473.06,3922.94
REC-004039,2025-12-19,CAMP-016,Video Reach Accelerator,YouTube Ads,Brand Awareness,North America,Enterprise Decision Makers,Desktop,17803,98,1,100.2,224.35
REC-001960,2025-06-23,CAMP-001,Search Growth Engine,Google Ads,Always-on Acquisition,Latin America,Returning Customers,Desktop,10342,528,42,565.32,4803.14
REC-001585,2025-05-18,CAMP-024,Mobile App Acquisition,Google Ads,App Acquisition,Europe,Returning Customers,Mobile,5434,272,20,543.26,1721.34
REC-004796,2026-02-22,CAMP-024,Mobile App Acquisition,Google Ads,App Acquisition,North America,Enterprise Decision Makers,Desktop,18497,520,46,931.28,6401.41
